[07mag2025 17:33:25.234] [main/INFO] [cpw.mods.modlauncher.Launcher/MODLAUNCHER]: ModLauncher running: args [--launchTarget, forge_userdev_data, --assetIndex, 17, --assetsDir, C:\Users\rosar\.gradle\caches\forge_gradle\assets, --gameDir, ., --mod, onlyexcavators, --all, --output, D:\Programmazione\Mod\Only Excavators\FORGE\1.21.1\src\generated\resources, --existing, D:\Programmazione\Mod\Only Excavators\FORGE\1.21.1\src\main\resources, --mixin.config, onlyexcavators.mixins.json]
[07mag2025 17:33:25.240] [main/INFO] [cpw.mods.modlauncher.Launcher/MODLAUNCHER]: JVM identified as Amazon.com Inc. OpenJDK 64-Bit Server VM 21.0.6+7-LTS
[07mag2025 17:33:25.240] [main/INFO] [cpw.mods.modlauncher.Launcher/MODLAUNCHER]: ModLauncher 10.2.4 starting: java version 21.0.6 by Amazon.com Inc.; OS Windows 11 arch amd64 version 10.0
[07mag2025 17:33:25.255] [main/DEBUG] [cpw.mods.modlauncher.LaunchServiceHandler/MODLAUNCHER]: Found launch services [forge_userdev_client,forge_dev_data,minecraft,forge_userdev_server_gametest,forge_dev_client,forge_userdev_data,forge_dev_server_gametest,testharness,forge_userdev_server,forge_client,forge_dev_server,forge_server]
[07mag2025 17:33:25.263] [main/DEBUG] [cpw.mods.modlauncher.NameMappingServiceHandler/MODLAUNCHER]: Found naming services : [srgtomcp]
[07mag2025 17:33:25.289] [main/DEBUG] [cpw.mods.modlauncher.LaunchPluginHandler/MODLAUNCHER]: Found launch plugins: [mixin,eventbus,slf4jfixer,object_holder_definalize,runtime_enum_extender,capability_token_subclass,accesstransformer,runtimedistcleaner]
[07mag2025 17:33:25.298] [main/DEBUG] [cpw.mods.modlauncher.TransformationServicesHandler/MODLAUNCHER]: Discovering transformation services
[07mag2025 17:33:25.300] [main/DEBUG] [net.minecraftforge.fml.loading.FMLPaths/CORE]: Path GAMEDIR is D:\Programmazione\Mod\Only Excavators\FORGE\1.21.1\run-data
[07mag2025 17:33:25.302] [main/DEBUG] [net.minecraftforge.fml.loading.FMLPaths/CORE]: Path MODSDIR is D:\Programmazione\Mod\Only Excavators\FORGE\1.21.1\run-data\mods
[07mag2025 17:33:25.302] [main/DEBUG] [net.minecraftforge.fml.loading.FMLPaths/CORE]: Path CONFIGDIR is D:\Programmazione\Mod\Only Excavators\FORGE\1.21.1\run-data\config
[07mag2025 17:33:25.302] [main/DEBUG] [net.minecraftforge.fml.loading.FMLPaths/CORE]: Path FMLCONFIG is D:\Programmazione\Mod\Only Excavators\FORGE\1.21.1\run-data\config\fml.toml
[07mag2025 17:33:25.337] [main/INFO] [net.minecraftforge.fml.loading.ImmediateWindowHandler/]: ImmediateWindowProvider not loading because launch target is forge_userdev_data
[07mag2025 17:33:25.357] [main/DEBUG] [cpw.mods.modlauncher.TransformationServicesHandler/MODLAUNCHER]: Found transformer service: fml: /
[07mag2025 17:33:25.359] [main/DEBUG] [cpw.mods.modlauncher.TransformationServicesHandler/MODLAUNCHER]: Found transformer service: mixin: /
[07mag2025 17:33:25.359] [main/DEBUG] [cpw.mods.modlauncher.TransformationServicesHandler/MODLAUNCHER]: Transformation services loading
[07mag2025 17:33:25.359] [main/DEBUG] [cpw.mods.modlauncher.TransformationServiceDecorator/MODLAUNCHER]: Loading service mixin
[07mag2025 17:33:25.359] [main/DEBUG] [cpw.mods.modlauncher.TransformationServiceDecorator/MODLAUNCHER]: Loaded service mixin
[07mag2025 17:33:25.360] [main/DEBUG] [cpw.mods.modlauncher.TransformationServiceDecorator/MODLAUNCHER]: Loading service fml
[07mag2025 17:33:25.367] [main/DEBUG] [net.minecraftforge.fml.loading.FMLLoader/CORE]: Detected version data : VersionInfo[forgeVersion=52.1.0, mcVersion=1.21.1, mcpVersion=20240808.132146, forgeGroup=net.minecraftforge]
[07mag2025 17:33:25.368] [main/DEBUG] [net.minecraftforge.fml.loading.LauncherVersion/CORE]: Found FMLLauncher version 52.1.0
[07mag2025 17:33:25.368] [main/DEBUG] [net.minecraftforge.fml.loading.FMLLoader/CORE]: FML 52.1.0 loading
[07mag2025 17:33:25.368] [main/DEBUG] [net.minecraftforge.fml.loading.FMLLoader/CORE]: Requesting CoreMods to not apply the fix for ASMAPI.findFirstInstructionBefore by default
[07mag2025 17:33:25.370] [main/DEBUG] [net.minecraftforge.fml.loading.FMLLoader/CORE]: Found ModLauncher version: 10.2.4
[07mag2025 17:33:25.370] [main/DEBUG] [net.minecraftforge.fml.loading.FMLLoader/CORE]: Found AccessTransformer version: 8.2.2
[07mag2025 17:33:25.371] [main/DEBUG] [net.minecraftforge.fml.loading.FMLLoader/CORE]: Found EventBus version: 6.2.27
[07mag2025 17:33:25.371] [main/DEBUG] [net.minecraftforge.fml.loading.FMLLoader/CORE]: Found RuntimeDistCleaner version: 52.1.0
[07mag2025 17:33:25.373] [main/DEBUG] [net.minecraftforge.coremod.CoreModEngine/]: CoreMods will preserve legacy behavior of ASMAPI.findFirstInstructionBefore for backwards-compatibility
[07mag2025 17:33:25.373] [main/DEBUG] [net.minecraftforge.fml.loading.FMLLoader/CORE]: FML found CoreMod version : 5.2.6
[07mag2025 17:33:25.374] [main/DEBUG] [net.minecraftforge.fml.loading.FMLLoader/CORE]: Found ForgeSPI version: 7.1.5
[07mag2025 17:33:25.374] [main/DEBUG] [cpw.mods.modlauncher.TransformationServiceDecorator/MODLAUNCHER]: Loaded service fml
[07mag2025 17:33:25.375] [main/DEBUG] [cpw.mods.modlauncher.TransformationServicesHandler/MODLAUNCHER]: Configuring option handling for services
[07mag2025 17:33:25.379] [main/DEBUG] [cpw.mods.modlauncher.TransformationServicesHandler/MODLAUNCHER]: Transformation services initializing
[07mag2025 17:33:25.380] [main/DEBUG] [cpw.mods.modlauncher.TransformationServiceDecorator/MODLAUNCHER]: Initializing transformation service mixin
[07mag2025 17:33:25.406] [main/DEBUG] [mixin/]: MixinService [ModLauncher] was successfully booted in SecureModuleClassLoader[SECURE-BOOTSTRAP]@2041416495
[07mag2025 17:33:25.419] [main/INFO] [mixin/]: SpongePowered MIXIN Subsystem Version=0.8.7 Source=jar:file:///C:/Users/rosar/.gradle/caches/modules-2/files-2.1/org.spongepowered/mixin/0.8.7/8ab114ac385e6dbdad5efafe28aba4df8120915f/mixin-0.8.7.jar!/ Service=ModLauncher Env=UNKNOWN
[07mag2025 17:33:25.421] [main/DEBUG] [mixin/]: Initialising Mixin Platform Manager
[07mag2025 17:33:25.422] [main/DEBUG] [mixin/]: Adding mixin platform agents for container ModLauncher Root Container(ModLauncher:4f56a0a2)
[07mag2025 17:33:25.422] [main/DEBUG] [mixin/]: Instancing new MixinPlatformAgentMinecraftForge for ModLauncher Root Container(ModLauncher:4f56a0a2)
[07mag2025 17:33:25.423] [main/DEBUG] [mixin/]: MixinPlatformAgentMinecraftForge rejected container ModLauncher Root Container(ModLauncher:4f56a0a2)
[07mag2025 17:33:25.423] [main/DEBUG] [mixin/]: Instancing new MixinPlatformAgentDefault for ModLauncher Root Container(ModLauncher:4f56a0a2)
[07mag2025 17:33:25.424] [main/DEBUG] [mixin/]: MixinPlatformAgentDefault accepted container ModLauncher Root Container(ModLauncher:4f56a0a2)
[07mag2025 17:33:25.426] [main/DEBUG] [cpw.mods.modlauncher.TransformationServiceDecorator/MODLAUNCHER]: Initialized transformation service mixin
[07mag2025 17:33:25.426] [main/DEBUG] [cpw.mods.modlauncher.TransformationServiceDecorator/MODLAUNCHER]: Initializing transformation service fml
[07mag2025 17:33:25.426] [main/DEBUG] [net.minecraftforge.fml.loading.FMLServiceProvider/CORE]: Setting up basic FML game directories
[07mag2025 17:33:25.426] [main/DEBUG] [net.minecraftforge.fml.loading.FMLPaths/CORE]: Path GAMEDIR is D:\Programmazione\Mod\Only Excavators\FORGE\1.21.1\run-data
[07mag2025 17:33:25.427] [main/DEBUG] [net.minecraftforge.fml.loading.FMLPaths/CORE]: Path MODSDIR is D:\Programmazione\Mod\Only Excavators\FORGE\1.21.1\run-data\mods
[07mag2025 17:33:25.427] [main/DEBUG] [net.minecraftforge.fml.loading.FMLPaths/CORE]: Path CONFIGDIR is D:\Programmazione\Mod\Only Excavators\FORGE\1.21.1\run-data\config
[07mag2025 17:33:25.427] [main/DEBUG] [net.minecraftforge.fml.loading.FMLPaths/CORE]: Path FMLCONFIG is D:\Programmazione\Mod\Only Excavators\FORGE\1.21.1\run-data\config\fml.toml
[07mag2025 17:33:25.427] [main/DEBUG] [net.minecraftforge.fml.loading.FMLServiceProvider/CORE]: Loading configuration
[07mag2025 17:33:25.432] [main/DEBUG] [net.minecraftforge.fml.loading.FMLServiceProvider/CORE]: Preparing ModFile
[07mag2025 17:33:25.435] [main/DEBUG] [net.minecraftforge.fml.loading.FMLServiceProvider/CORE]: Preparing launch handler
[07mag2025 17:33:25.435] [main/DEBUG] [net.minecraftforge.fml.loading.FMLLoader/CORE]: Using forge_userdev_data as launch service
[07mag2025 17:33:25.438] [main/DEBUG] [cpw.mods.modlauncher.TransformationServiceDecorator/MODLAUNCHER]: Initialized transformation service fml
[07mag2025 17:33:25.438] [main/DEBUG] [cpw.mods.modlauncher.NameMappingServiceHandler/MODLAUNCHER]: Current naming domain is 'mcp'
[07mag2025 17:33:25.439] [main/DEBUG] [cpw.mods.modlauncher.NameMappingServiceHandler/MODLAUNCHER]: Identified name mapping providers {srg=net.minecraftforge.fml.loading.MCPNamingService@6f63c44f}
[07mag2025 17:33:25.439] [main/DEBUG] [cpw.mods.modlauncher.TransformationServicesHandler/MODLAUNCHER]: Transformation services begin scanning
[07mag2025 17:33:25.440] [main/DEBUG] [cpw.mods.modlauncher.TransformationServiceDecorator/MODLAUNCHER]: Beginning scan trigger - transformation service mixin
[07mag2025 17:33:25.440] [main/DEBUG] [cpw.mods.modlauncher.TransformationServiceDecorator/MODLAUNCHER]: End scan trigger - transformation service mixin
[07mag2025 17:33:25.441] [main/DEBUG] [cpw.mods.modlauncher.TransformationServiceDecorator/MODLAUNCHER]: Beginning scan trigger - transformation service fml
[07mag2025 17:33:25.441] [main/DEBUG] [net.minecraftforge.fml.loading.FMLServiceProvider/CORE]: Initiating mod scan
[07mag2025 17:33:25.448] [main/DEBUG] [net.minecraftforge.fml.loading.moddiscovery.ModDiscoverer/CORE]: Found Mod Locators : (mods folder:null),(minecraft:null),(classpath:null),(forge_dev_locator:null),(forge_userdev_locator:null)
[07mag2025 17:33:25.449] [main/DEBUG] [net.minecraftforge.fml.loading.moddiscovery.ModDiscoverer/CORE]: Found Dependency Locators : (JarInJar:null)
[07mag2025 17:33:25.828] [main/DEBUG] [net.minecraftforge.fml.loading.moddiscovery.ModFileInfo/LOADING]: Found valid mod file  with {minecraft} mods - versions {1.21.1}
[07mag2025 17:33:25.989] [main/DEBUG] [net.minecraftforge.fml.loading.moddiscovery.ModFileParser/LOADING]: Considering mod file candidate C:\Users\rosar\.gradle\caches\modules-2\files-2.1\mezz.jei\jei-1.21.1-forge\19.21.0.247\a8843f9511aa66e1307572f3e632b32597325d26\jei-1.21.1-forge-19.21.0.247.jar
[07mag2025 17:33:25.999] [main/DEBUG] [net.minecraftforge.fml.loading.moddiscovery.ModFileInfo/LOADING]: Found valid mod file jei-1.21.1-forge-19.21.0.247.jar with {jei} mods - versions {19.21.0.247}
[07mag2025 17:33:26.010] [main/DEBUG] [net.minecraftforge.fml.loading.moddiscovery.ModFileParser/LOADING]: Considering mod file candidate D:\Programmazione\Mod\Only Excavators\FORGE\1.21.1\build\sourcesSets\main
[07mag2025 17:33:26.012] [main/DEBUG] [net.minecraftforge.fml.loading.moddiscovery.ModFileInfo/LOADING]: Found valid mod file main with {onlyexcavators} mods - versions {1.21.1-0.6}
[07mag2025 17:33:26.092] [main/DEBUG] [net.minecraftforge.fml.loading.moddiscovery.ModFileParser/LOADING]: Considering mod file candidate /
[07mag2025 17:33:26.094] [main/DEBUG] [net.minecraftforge.fml.loading.moddiscovery.ModFileInfo/LOADING]: Found valid mod file  with {forge} mods - versions {52.1.0}
[07mag2025 17:33:26.112] [main/DEBUG] [net.minecraftforge.fml.loading.moddiscovery.JarInJarDependencyLocator/]: Failed to load resource META-INF\jarjar\metadata.json from , it does not contain dependency information.
[07mag2025 17:33:26.112] [main/DEBUG] [net.minecraftforge.fml.loading.moddiscovery.JarInJarDependencyLocator/]: Failed to load resource META-INF\jarjar\metadata.json from , it does not contain dependency information.
[07mag2025 17:33:26.112] [main/DEBUG] [net.minecraftforge.fml.loading.moddiscovery.JarInJarDependencyLocator/]: Failed to load resource META-INF\jarjar\metadata.json from javafmllanguage-1.21.1-52.1.0.jar, it does not contain dependency information.
[07mag2025 17:33:26.112] [main/DEBUG] [net.minecraftforge.fml.loading.moddiscovery.JarInJarDependencyLocator/]: Failed to load resource META-INF\jarjar\metadata.json from lowcodelanguage-1.21.1-52.1.0.jar, it does not contain dependency information.
[07mag2025 17:33:26.113] [main/DEBUG] [net.minecraftforge.fml.loading.moddiscovery.JarInJarDependencyLocator/]: Failed to load resource META-INF\jarjar\metadata.json from mclanguage-1.21.1-52.1.0.jar, it does not contain dependency information.
[07mag2025 17:33:26.113] [main/DEBUG] [net.minecraftforge.fml.loading.moddiscovery.JarInJarDependencyLocator/]: Failed to load resource META-INF\jarjar\metadata.json from main, it does not contain dependency information.
[07mag2025 17:33:26.113] [main/DEBUG] [net.minecraftforge.fml.loading.moddiscovery.JarInJarDependencyLocator/]: Failed to load resource META-INF\jarjar\metadata.json from fmlcore-1.21.1-52.1.0.jar, it does not contain dependency information.
[07mag2025 17:33:26.114] [main/DEBUG] [net.minecraftforge.fml.loading.moddiscovery.JarInJarDependencyLocator/]: Failed to load resource META-INF\jarjar\metadata.json from jei-1.21.1-forge-19.21.0.247.jar, it does not contain dependency information.
[07mag2025 17:33:26.147] [main/INFO] [net.minecraftforge.fml.loading.moddiscovery.JarInJarDependencyLocator/]: No dependencies to load found. Skipping!
[07mag2025 17:33:26.150] [main/DEBUG] [net.minecraftforge.fml.loading.moddiscovery.ModFileInfo/LOADING]: Found valid mod file  with {minecraft} mods - versions {1.21.1}
[07mag2025 17:33:26.152] [main/DEBUG] [net.minecraftforge.fml.loading.moddiscovery.ModFile/LOADING]: Loading mod file / with languages [LanguageSpec[languageName=minecraft, acceptedVersions=1]]
[07mag2025 17:33:26.153] [main/DEBUG] [net.minecraftforge.fml.loading.moddiscovery.ModFileParser/LOADING]: Considering mod file candidate /
[07mag2025 17:33:26.153] [main/DEBUG] [net.minecraftforge.fml.loading.moddiscovery.ModFileInfo/LOADING]: Found valid mod file  with {forge} mods - versions {52.1.0}
[07mag2025 17:33:26.154] [main/DEBUG] [net.minecraftforge.fml.loading.moddiscovery.ModFile/LOADING]: Loading mod file / with languages [LanguageSpec[languageName=javafml, acceptedVersions=[24,]]]
[07mag2025 17:33:26.156] [main/DEBUG] [net.minecraftforge.fml.loading.moddiscovery.ModFileParser/LOADING]: Found coremod field_to_method with Javascript path coremods/field_to_method.js
[07mag2025 17:33:26.158] [main/DEBUG] [net.minecraftforge.fml.loading.moddiscovery.ModFileParser/LOADING]: Found coremod method_redirector with Javascript path coremods/method_redirector.js
[07mag2025 17:33:26.158] [main/DEBUG] [net.minecraftforge.fml.loading.moddiscovery.ModFile/LOADING]: Found coremod /coremods/field_to_method.js
[07mag2025 17:33:26.158] [main/DEBUG] [net.minecraftforge.fml.loading.moddiscovery.ModFile/LOADING]: Found coremod /coremods/method_redirector.js
[07mag2025 17:33:26.158] [main/DEBUG] [net.minecraftforge.fml.loading.moddiscovery.ModFileParser/LOADING]: Considering mod file candidate D:\Programmazione\Mod\Only Excavators\FORGE\1.21.1\build\sourcesSets\main
[07mag2025 17:33:26.160] [main/DEBUG] [net.minecraftforge.fml.loading.moddiscovery.ModFileInfo/LOADING]: Found valid mod file main with {onlyexcavators} mods - versions {1.21.1-0.6}
[07mag2025 17:33:26.160] [main/DEBUG] [net.minecraftforge.fml.loading.moddiscovery.ModFile/LOADING]: Loading mod file D:\Programmazione\Mod\Only Excavators\FORGE\1.21.1\build\sourcesSets\main with languages [LanguageSpec[languageName=javafml, acceptedVersions=[51,)]]
[07mag2025 17:33:26.160] [main/DEBUG] [net.minecraftforge.fml.loading.moddiscovery.ModFileParser/LOADING]: Considering mod file candidate C:\Users\rosar\.gradle\caches\modules-2\files-2.1\mezz.jei\jei-1.21.1-forge\19.21.0.247\a8843f9511aa66e1307572f3e632b32597325d26\jei-1.21.1-forge-19.21.0.247.jar
[07mag2025 17:33:26.161] [main/DEBUG] [net.minecraftforge.fml.loading.moddiscovery.ModFileInfo/LOADING]: Found valid mod file jei-1.21.1-forge-19.21.0.247.jar with {jei} mods - versions {19.21.0.247}
[07mag2025 17:33:26.161] [main/DEBUG] [net.minecraftforge.fml.loading.moddiscovery.ModFile/LOADING]: Loading mod file C:\Users\rosar\.gradle\caches\modules-2\files-2.1\mezz.jei\jei-1.21.1-forge\19.21.0.247\a8843f9511aa66e1307572f3e632b32597325d26\jei-1.21.1-forge-19.21.0.247.jar with languages [LanguageSpec[languageName=javafml, acceptedVersions=[51,)]]
[07mag2025 17:33:26.163] [main/DEBUG] [cpw.mods.modlauncher.TransformationServiceDecorator/MODLAUNCHER]: End scan trigger - transformation service fml
[07mag2025 17:33:26.179] [main/DEBUG] [net.minecraftforge.fml.loading.LanguageLoadingProvider/CORE]: Found 3 language providers
[07mag2025 17:33:26.179] [main/DEBUG] [net.minecraftforge.fml.loading.LanguageLoadingProvider/CORE]: Found language provider minecraft, version 1.0
[07mag2025 17:33:26.180] [main/DEBUG] [net.minecraftforge.fml.loading.LanguageLoadingProvider/CORE]: Found language provider lowcodefml, version 52
[07mag2025 17:33:26.180] [main/DEBUG] [net.minecraftforge.fml.loading.LanguageLoadingProvider/CORE]: Found language provider javafml, version 52.1.0
[07mag2025 17:33:26.181] [main/DEBUG] [net.minecraftforge.fml.loading.ModSorter/]: Configured system mods: [minecraft, forge]
[07mag2025 17:33:26.182] [main/DEBUG] [net.minecraftforge.fml.loading.ModSorter/]: Found system mod: minecraft
[07mag2025 17:33:26.182] [main/DEBUG] [net.minecraftforge.fml.loading.ModSorter/]: Found system mod: forge
[07mag2025 17:33:26.210] [main/DEBUG] [net.minecraftforge.fml.loading.ModSorter/LOADING]: Found 4 mod requirements (4 mandatory, 0 optional)
[07mag2025 17:33:26.211] [main/DEBUG] [net.minecraftforge.fml.loading.ModSorter/LOADING]: Found 0 mod requirements missing (0 mandatory, 0 optional)
[07mag2025 17:33:26.387] [main/DEBUG] [net.minecraftforge.fml.loading.MCPNamingService/CORE]: Loaded 37504 method mappings from methods.csv
[07mag2025 17:33:26.407] [main/DEBUG] [net.minecraftforge.fml.loading.MCPNamingService/CORE]: Loaded 35622 field mappings from fields.csv
[07mag2025 17:33:26.432] [main/DEBUG] [cpw.mods.modlauncher.TransformationServicesHandler/MODLAUNCHER]: Transformation services loading transformers
[07mag2025 17:33:26.432] [main/DEBUG] [cpw.mods.modlauncher.TransformationServiceDecorator/MODLAUNCHER]: Initializing transformers for transformation service mixin
[07mag2025 17:33:26.433] [main/DEBUG] [cpw.mods.modlauncher.TransformationServiceDecorator/MODLAUNCHER]: Initialized transformers for transformation service mixin
[07mag2025 17:33:26.433] [main/DEBUG] [cpw.mods.modlauncher.TransformationServiceDecorator/MODLAUNCHER]: Initializing transformers for transformation service fml
[07mag2025 17:33:26.433] [main/DEBUG] [net.minecraftforge.fml.loading.FMLServiceProvider/CORE]: Loading coremod transformers
[07mag2025 17:33:26.433] [main/DEBUG] [net.minecraftforge.coremod.CoreModEngine/COREMOD]: Loading CoreMod from /coremods/field_to_method.js
[07mag2025 17:33:26.650] [main/DEBUG] [net.minecraftforge.coremod.CoreModEngine/COREMOD]: CoreMod loaded successfully
[07mag2025 17:33:26.651] [main/DEBUG] [net.minecraftforge.coremod.CoreModEngine/COREMOD]: Loading CoreMod from /coremods/method_redirector.js
[07mag2025 17:33:26.758] [main/DEBUG] [net.minecraftforge.coremod.CoreModEngine/COREMOD]: CoreMod loaded successfully
[07mag2025 17:33:26.768] [main/DEBUG] [cpw.mods.modlauncher.TransformStore/MODLAUNCHER]: Adding transformer net.minecraftforge.coremod.transformer.CoreModClassTransformer@44a085e5 to Target : CLASS {Lnet/minecraft/world/level/biome/Biome;} {} {V}
[07mag2025 17:33:26.769] [main/DEBUG] [cpw.mods.modlauncher.TransformStore/MODLAUNCHER]: Adding transformer net.minecraftforge.coremod.transformer.CoreModClassTransformer@3902bd2c to Target : CLASS {Lnet/minecraft/world/effect/MobEffectInstance;} {} {V}
[07mag2025 17:33:26.769] [main/DEBUG] [cpw.mods.modlauncher.TransformStore/MODLAUNCHER]: Adding transformer net.minecraftforge.coremod.transformer.CoreModClassTransformer@7d32e714 to Target : CLASS {Lnet/minecraft/world/level/block/LiquidBlock;} {} {V}
[07mag2025 17:33:26.770] [main/DEBUG] [cpw.mods.modlauncher.TransformStore/MODLAUNCHER]: Adding transformer net.minecraftforge.coremod.transformer.CoreModClassTransformer@eb6ec6 to Target : CLASS {Lnet/minecraft/world/item/BucketItem;} {} {V}
[07mag2025 17:33:26.770] [main/DEBUG] [cpw.mods.modlauncher.TransformStore/MODLAUNCHER]: Adding transformer net.minecraftforge.coremod.transformer.CoreModClassTransformer@34d45ec0 to Target : CLASS {Lnet/minecraft/world/level/block/FlowerPotBlock;} {} {V}
[07mag2025 17:33:26.770] [main/DEBUG] [cpw.mods.modlauncher.TransformStore/MODLAUNCHER]: Adding transformer net.minecraftforge.coremod.transformer.CoreModClassTransformer@18137eab to Target : CLASS {Lnet/minecraft/world/entity/monster/Zombie;} {} {V}
[07mag2025 17:33:26.770] [main/DEBUG] [cpw.mods.modlauncher.TransformStore/MODLAUNCHER]: Adding transformer net.minecraftforge.coremod.transformer.CoreModClassTransformer@18137eab to Target : CLASS {Lnet/minecraft/world/entity/npc/Villager;} {} {V}
[07mag2025 17:33:26.770] [main/DEBUG] [cpw.mods.modlauncher.TransformStore/MODLAUNCHER]: Adding transformer net.minecraftforge.coremod.transformer.CoreModClassTransformer@18137eab to Target : CLASS {Lnet/minecraft/server/commands/SummonCommand;} {} {V}
[07mag2025 17:33:26.771] [main/DEBUG] [cpw.mods.modlauncher.TransformStore/MODLAUNCHER]: Adding transformer net.minecraftforge.coremod.transformer.CoreModClassTransformer@18137eab to Target : CLASS {Lnet/minecraft/world/entity/EntityType;} {} {V}
[07mag2025 17:33:26.771] [main/DEBUG] [cpw.mods.modlauncher.TransformStore/MODLAUNCHER]: Adding transformer net.minecraftforge.coremod.transformer.CoreModClassTransformer@18137eab to Target : CLASS {Lnet/minecraft/world/entity/monster/Strider;} {} {V}
[07mag2025 17:33:26.771] [main/DEBUG] [cpw.mods.modlauncher.TransformStore/MODLAUNCHER]: Adding transformer net.minecraftforge.coremod.transformer.CoreModClassTransformer@18137eab to Target : CLASS {Lnet/minecraft/world/level/levelgen/PhantomSpawner;} {} {V}
[07mag2025 17:33:26.771] [main/DEBUG] [cpw.mods.modlauncher.TransformStore/MODLAUNCHER]: Adding transformer net.minecraftforge.coremod.transformer.CoreModClassTransformer@18137eab to Target : CLASS {Lnet/minecraft/world/level/levelgen/structure/structures/WoodlandMansionPieces$WoodlandMansionPiece;} {} {V}
[07mag2025 17:33:26.772] [main/DEBUG] [cpw.mods.modlauncher.TransformStore/MODLAUNCHER]: Adding transformer net.minecraftforge.coremod.transformer.CoreModClassTransformer@18137eab to Target : CLASS {Lnet/minecraft/world/entity/animal/horse/SkeletonTrapGoal;} {} {V}
[07mag2025 17:33:26.772] [main/DEBUG] [cpw.mods.modlauncher.TransformStore/MODLAUNCHER]: Adding transformer net.minecraftforge.coremod.transformer.CoreModClassTransformer@18137eab to Target : CLASS {Lnet/minecraft/world/entity/npc/CatSpawner;} {} {V}
[07mag2025 17:33:26.773] [main/DEBUG] [cpw.mods.modlauncher.TransformStore/MODLAUNCHER]: Adding transformer net.minecraftforge.coremod.transformer.CoreModClassTransformer@18137eab to Target : CLASS {Lnet/minecraft/world/level/NaturalSpawner;} {} {V}
[07mag2025 17:33:26.773] [main/DEBUG] [cpw.mods.modlauncher.TransformStore/MODLAUNCHER]: Adding transformer net.minecraftforge.coremod.transformer.CoreModClassTransformer@18137eab to Target : CLASS {Lnet/minecraft/world/level/levelgen/structure/structures/OceanMonumentPieces$OceanMonumentPiece;} {} {V}
[07mag2025 17:33:26.773] [main/DEBUG] [cpw.mods.modlauncher.TransformStore/MODLAUNCHER]: Adding transformer net.minecraftforge.coremod.transformer.CoreModClassTransformer@18137eab to Target : CLASS {Lnet/minecraft/world/entity/raid/Raid;} {} {V}
[07mag2025 17:33:26.773] [main/DEBUG] [cpw.mods.modlauncher.TransformStore/MODLAUNCHER]: Adding transformer net.minecraftforge.coremod.transformer.CoreModClassTransformer@18137eab to Target : CLASS {Lnet/minecraft/world/entity/monster/Spider;} {} {V}
[07mag2025 17:33:26.773] [main/DEBUG] [cpw.mods.modlauncher.TransformStore/MODLAUNCHER]: Adding transformer net.minecraftforge.coremod.transformer.CoreModClassTransformer@18137eab to Target : CLASS {Lnet/minecraft/world/entity/monster/ZombieVillager;} {} {V}
[07mag2025 17:33:26.773] [main/DEBUG] [cpw.mods.modlauncher.TransformStore/MODLAUNCHER]: Adding transformer net.minecraftforge.coremod.transformer.CoreModClassTransformer@18137eab to Target : CLASS {Lnet/minecraft/world/level/levelgen/PatrolSpawner;} {} {V}
[07mag2025 17:33:26.773] [main/DEBUG] [cpw.mods.modlauncher.TransformStore/MODLAUNCHER]: Adding transformer net.minecraftforge.coremod.transformer.CoreModClassTransformer@18137eab to Target : CLASS {Lnet/minecraft/world/level/block/entity/trialspawner/TrialSpawner;} {} {V}
[07mag2025 17:33:26.773] [main/DEBUG] [cpw.mods.modlauncher.TransformStore/MODLAUNCHER]: Adding transformer net.minecraftforge.coremod.transformer.CoreModClassTransformer@18137eab to Target : CLASS {Lnet/minecraft/server/commands/RaidCommand;} {} {V}
[07mag2025 17:33:26.774] [main/DEBUG] [cpw.mods.modlauncher.TransformStore/MODLAUNCHER]: Adding transformer net.minecraftforge.coremod.transformer.CoreModClassTransformer@18137eab to Target : CLASS {Lnet/minecraft/world/level/levelgen/structure/structures/SwampHutPiece;} {} {V}
[07mag2025 17:33:26.774] [main/DEBUG] [cpw.mods.modlauncher.TransformStore/MODLAUNCHER]: Adding transformer net.minecraftforge.coremod.transformer.CoreModClassTransformer@18137eab to Target : CLASS {Lnet/minecraft/world/entity/animal/frog/Tadpole;} {} {V}
[07mag2025 17:33:26.774] [main/DEBUG] [cpw.mods.modlauncher.TransformStore/MODLAUNCHER]: Adding transformer net.minecraftforge.coremod.transformer.CoreModClassTransformer@18137eab to Target : CLASS {Lnet/minecraft/world/entity/monster/Evoker$EvokerSummonSpellGoal;} {} {V}
[07mag2025 17:33:26.774] [main/DEBUG] [cpw.mods.modlauncher.TransformStore/MODLAUNCHER]: Adding transformer net.minecraftforge.coremod.transformer.CoreModClassTransformer@18137eab to Target : CLASS {Lnet/minecraft/world/entity/ai/village/VillageSiege;} {} {V}
[07mag2025 17:33:26.775] [main/DEBUG] [cpw.mods.modlauncher.TransformStore/MODLAUNCHER]: Adding transformer net.minecraftforge.coremod.transformer.CoreModClassTransformer@18137eab to Target : CLASS {Lnet/minecraft/world/level/levelgen/structure/templatesystem/StructureTemplate;} {} {V}
[07mag2025 17:33:26.775] [main/DEBUG] [cpw.mods.modlauncher.TransformStore/MODLAUNCHER]: Adding transformer net.minecraftforge.coremod.transformer.CoreModClassTransformer@18137eab to Target : CLASS {Lnet/minecraft/world/level/levelgen/structure/structures/OceanRuinPieces$OceanRuinPiece;} {} {V}
[07mag2025 17:33:26.775] [main/DEBUG] [cpw.mods.modlauncher.TransformationServiceDecorator/MODLAUNCHER]: Initialized transformers for transformation service fml
[07mag2025 17:33:26.818] [main/DEBUG] [mixin/]: Processing prepare() for PlatformAgent[MixinPlatformAgentDefault:ModLauncher Root Container(ModLauncher:4f56a0a2)]
[07mag2025 17:33:26.819] [main/DEBUG] [mixin/]: Registering mixin config: onlyexcavators.mixins.json source=null
[07mag2025 17:33:26.839] [main/DEBUG] [mixin/]: Compatibility level JAVA_8 specified by onlyexcavators.mixins.json is lower than the default level supported by the current mixin service (JAVA_16).
[07mag2025 17:33:26.840] [main/DEBUG] [mixin/]: Processing launch tasks for PlatformAgent[MixinPlatformAgentDefault:ModLauncher Root Container(ModLauncher:4f56a0a2)]
[07mag2025 17:33:26.840] [main/DEBUG] [mixin/]: Adding mixin platform agents for container SecureJarResource(mixin.synthetic)
[07mag2025 17:33:26.840] [main/DEBUG] [mixin/]: Instancing new MixinPlatformAgentMinecraftForge for SecureJarResource(mixin.synthetic)
[07mag2025 17:33:26.841] [main/DEBUG] [mixin/]: MixinPlatformAgentMinecraftForge rejected container SecureJarResource(mixin.synthetic)
[07mag2025 17:33:26.841] [main/DEBUG] [mixin/]: Instancing new MixinPlatformAgentDefault for SecureJarResource(mixin.synthetic)
[07mag2025 17:33:26.841] [main/DEBUG] [mixin/]: MixinPlatformAgentDefault accepted container SecureJarResource(mixin.synthetic)
[07mag2025 17:33:26.841] [main/DEBUG] [mixin/]: Processing prepare() for PlatformAgent[MixinPlatformAgentDefault:SecureJarResource(mixin.synthetic)]
[07mag2025 17:33:26.841] [main/DEBUG] [mixin/]: Adding mixin platform agents for container SecureJarResource(minecraft)
[07mag2025 17:33:26.842] [main/DEBUG] [mixin/]: Instancing new MixinPlatformAgentMinecraftForge for SecureJarResource(minecraft)
[07mag2025 17:33:26.842] [main/DEBUG] [mixin/]: MixinPlatformAgentMinecraftForge rejected container SecureJarResource(minecraft)
[07mag2025 17:33:26.843] [main/DEBUG] [mixin/]: Instancing new MixinPlatformAgentDefault for SecureJarResource(minecraft)
[07mag2025 17:33:26.843] [main/DEBUG] [mixin/]: MixinPlatformAgentDefault accepted container SecureJarResource(minecraft)
[07mag2025 17:33:26.843] [main/DEBUG] [mixin/]: Processing prepare() for PlatformAgent[MixinPlatformAgentDefault:SecureJarResource(minecraft)]
[07mag2025 17:33:26.843] [main/DEBUG] [mixin/]: Adding mixin platform agents for container SecureJarResource(net.minecraftforge.forge)
[07mag2025 17:33:26.843] [main/DEBUG] [mixin/]: Instancing new MixinPlatformAgentMinecraftForge for SecureJarResource(net.minecraftforge.forge)
[07mag2025 17:33:26.843] [main/DEBUG] [mixin/]: MixinPlatformAgentMinecraftForge rejected container SecureJarResource(net.minecraftforge.forge)
[07mag2025 17:33:26.843] [main/DEBUG] [mixin/]: Instancing new MixinPlatformAgentDefault for SecureJarResource(net.minecraftforge.forge)
[07mag2025 17:33:26.843] [main/DEBUG] [mixin/]: MixinPlatformAgentDefault accepted container SecureJarResource(net.minecraftforge.forge)
[07mag2025 17:33:26.844] [main/DEBUG] [mixin/]: Processing prepare() for PlatformAgent[MixinPlatformAgentDefault:SecureJarResource(net.minecraftforge.forge)]
[07mag2025 17:33:26.844] [main/DEBUG] [mixin/]: Adding mixin platform agents for container SecureJarResource(onlyexcavators)
[07mag2025 17:33:26.844] [main/DEBUG] [mixin/]: Instancing new MixinPlatformAgentMinecraftForge for SecureJarResource(onlyexcavators)
[07mag2025 17:33:26.844] [main/DEBUG] [mixin/]: MixinPlatformAgentMinecraftForge rejected container SecureJarResource(onlyexcavators)
[07mag2025 17:33:26.844] [main/DEBUG] [mixin/]: Instancing new MixinPlatformAgentDefault for SecureJarResource(onlyexcavators)
[07mag2025 17:33:26.844] [main/DEBUG] [mixin/]: MixinPlatformAgentDefault accepted container SecureJarResource(onlyexcavators)
[07mag2025 17:33:26.844] [main/DEBUG] [mixin/]: Processing prepare() for PlatformAgent[MixinPlatformAgentDefault:SecureJarResource(onlyexcavators)]
[07mag2025 17:33:26.844] [main/DEBUG] [mixin/]: Adding mixin platform agents for container SecureJarResource(jei)
[07mag2025 17:33:26.844] [main/DEBUG] [mixin/]: Instancing new MixinPlatformAgentMinecraftForge for SecureJarResource(jei)
[07mag2025 17:33:26.844] [main/DEBUG] [mixin/]: MixinPlatformAgentMinecraftForge rejected container SecureJarResource(jei)
[07mag2025 17:33:26.844] [main/DEBUG] [mixin/]: Instancing new MixinPlatformAgentDefault for SecureJarResource(jei)
[07mag2025 17:33:26.844] [main/DEBUG] [mixin/]: MixinPlatformAgentDefault accepted container SecureJarResource(jei)
[07mag2025 17:33:26.844] [main/DEBUG] [mixin/]: Processing prepare() for PlatformAgent[MixinPlatformAgentDefault:SecureJarResource(jei)]
[07mag2025 17:33:26.844] [main/DEBUG] [mixin/]: inject() running with 6 agents
[07mag2025 17:33:26.844] [main/DEBUG] [mixin/]: Processing inject() for PlatformAgent[MixinPlatformAgentDefault:ModLauncher Root Container(ModLauncher:4f56a0a2)]
[07mag2025 17:33:26.844] [main/DEBUG] [mixin/]: Processing inject() for PlatformAgent[MixinPlatformAgentDefault:SecureJarResource(mixin.synthetic)]
[07mag2025 17:33:26.845] [main/DEBUG] [mixin/]: Processing inject() for PlatformAgent[MixinPlatformAgentDefault:SecureJarResource(minecraft)]
[07mag2025 17:33:26.845] [main/DEBUG] [mixin/]: Processing inject() for PlatformAgent[MixinPlatformAgentDefault:SecureJarResource(net.minecraftforge.forge)]
[07mag2025 17:33:26.845] [main/DEBUG] [mixin/]: Processing inject() for PlatformAgent[MixinPlatformAgentDefault:SecureJarResource(onlyexcavators)]
[07mag2025 17:33:26.845] [main/DEBUG] [mixin/]: Processing inject() for PlatformAgent[MixinPlatformAgentDefault:SecureJarResource(jei)]
[07mag2025 17:33:26.845] [main/INFO] [cpw.mods.modlauncher.LaunchServiceHandler/MODLAUNCHER]: Launching target 'forge_userdev_data' with arguments [--gameDir, ., --assetsDir, C:\Users\rosar\.gradle\caches\forge_gradle\assets, --assetIndex, 17, --mod, onlyexcavators, --all, --output, D:\Programmazione\Mod\Only Excavators\FORGE\1.21.1\src\generated\resources, --existing, D:\Programmazione\Mod\Only Excavators\FORGE\1.21.1\src\main\resources]
[07mag2025 17:33:26.865] [main/DEBUG] [mixin/]: Preparing mixins for MixinEnvironment[DEFAULT]
[07mag2025 17:33:26.865] [main/DEBUG] [mixin/]: Selecting config onlyexcavators.mixins.json
[07mag2025 17:33:26.869] [main/WARN] [mixin/]: Reference map 'onlyexcavators.refmap.json' for onlyexcavators.mixins.json could not be read. If this is a development environment you can ignore this message
[07mag2025 17:33:26.870] [main/DEBUG] [mixin/]: Preparing onlyexcavators.mixins.json (2)
[07mag2025 17:33:26.937] [main/WARN] [mixin/]: Mixin environment was unable to detect the current side, sided mixins will not be applied
[07mag2025 17:33:26.966] [main/DEBUG] [mixin/]: Registering new injector for @Inject with org.spongepowered.asm.mixin.injection.struct.CallbackInjectionInfo
[07mag2025 17:33:26.970] [main/DEBUG] [mixin/]: Registering new injector for @ModifyArg with org.spongepowered.asm.mixin.injection.struct.ModifyArgInjectionInfo
[07mag2025 17:33:26.971] [main/DEBUG] [mixin/]: Registering new injector for @ModifyArgs with org.spongepowered.asm.mixin.injection.struct.ModifyArgsInjectionInfo
[07mag2025 17:33:26.973] [main/DEBUG] [mixin/]: Registering new injector for @Redirect with org.spongepowered.asm.mixin.injection.struct.RedirectInjectionInfo
[07mag2025 17:33:26.974] [main/DEBUG] [mixin/]: Registering new injector for @ModifyVariable with org.spongepowered.asm.mixin.injection.struct.ModifyVariableInjectionInfo
[07mag2025 17:33:26.975] [main/DEBUG] [mixin/]: Registering new injector for @ModifyConstant with org.spongepowered.asm.mixin.injection.struct.ModifyConstantInjectionInfo
[07mag2025 17:33:27.074] [main/DEBUG] [io.netty.util.internal.logging.InternalLoggerFactory/]: Using SLF4J as the default logging framework
[07mag2025 17:33:27.079] [main/DEBUG] [io.netty.util.ResourceLeakDetector/]: -Dio.netty.leakDetection.level: simple
[07mag2025 17:33:27.079] [main/DEBUG] [io.netty.util.ResourceLeakDetector/]: -Dio.netty.leakDetection.targetRecords: 4
[07mag2025 17:33:27.607] [main/DEBUG] [net.minecraftforge.coremod.transformer.CoreModBaseTransformer/COREMOD]: Transforming net/minecraft/world/entity/EntityType
[07mag2025 17:33:27.967] [main/DEBUG] [net.minecraftforge.coremod.transformer.CoreModBaseTransformer/COREMOD]: Transforming net/minecraft/world/level/block/LiquidBlock
[07mag2025 17:33:28.074] [main/DEBUG] [net.minecraftforge.coremod.transformer.CoreModBaseTransformer/COREMOD]: Transforming net/minecraft/world/level/block/FlowerPotBlock
[07mag2025 17:33:28.385] [main/DEBUG] [net.minecraftforge.coremod.transformer.CoreModBaseTransformer/COREMOD]: Transforming net/minecraft/world/effect/MobEffectInstance
[07mag2025 17:33:28.657] [main/DEBUG] [net.minecraftforge.coremod.transformer.CoreModBaseTransformer/COREMOD]: Transforming net/minecraft/world/level/biome/Biome
[07mag2025 17:33:29.127] [main/DEBUG] [net.minecraftforge.coremod.transformer.CoreModBaseTransformer/COREMOD]: Transforming net/minecraft/world/entity/animal/frog/Tadpole
[07mag2025 17:33:29.175] [main/DEBUG] [net.minecraftforge.coremod.transformer.CoreModBaseTransformer/COREMOD]: Transforming net/minecraft/world/item/BucketItem
[07mag2025 17:33:29.987] [main/DEBUG] [net.minecraftforge.coremod.transformer.CoreModBaseTransformer/COREMOD]: Transforming net/minecraft/world/entity/monster/Spider
[07mag2025 17:33:30.028] [main/DEBUG] [net.minecraftforge.coremod.transformer.CoreModBaseTransformer/COREMOD]: Transforming net/minecraft/world/entity/monster/Zombie
[07mag2025 17:33:30.058] [main/DEBUG] [net.minecraftforge.coremod.transformer.CoreModBaseTransformer/COREMOD]: Transforming net/minecraft/world/entity/monster/ZombieVillager
[07mag2025 17:33:30.099] [main/DEBUG] [net.minecraftforge.coremod.transformer.CoreModBaseTransformer/COREMOD]: Transforming net/minecraft/world/entity/monster/Evoker$EvokerSummonSpellGoal
[07mag2025 17:33:30.226] [main/DEBUG] [net.minecraftforge.coremod.transformer.CoreModBaseTransformer/COREMOD]: Transforming net/minecraft/world/entity/animal/horse/SkeletonTrapGoal
[07mag2025 17:33:30.237] [main/DEBUG] [net.minecraftforge.coremod.transformer.CoreModBaseTransformer/COREMOD]: Transforming net/minecraft/world/entity/monster/Strider
[07mag2025 17:33:30.276] [main/DEBUG] [net.minecraftforge.coremod.transformer.CoreModBaseTransformer/COREMOD]: Transforming net/minecraft/world/entity/npc/Villager
[07mag2025 17:33:30.922] [main/DEBUG] [net.minecraftforge.coremod.transformer.CoreModBaseTransformer/COREMOD]: Transforming net/minecraft/world/level/levelgen/structure/structures/OceanRuinPieces$OceanRuinPiece
[07mag2025 17:33:30.927] [main/DEBUG] [net.minecraftforge.coremod.transformer.CoreModBaseTransformer/COREMOD]: Transforming net/minecraft/world/level/levelgen/structure/structures/SwampHutPiece
[07mag2025 17:33:30.933] [main/DEBUG] [net.minecraftforge.coremod.transformer.CoreModBaseTransformer/COREMOD]: Transforming net/minecraft/world/level/levelgen/structure/structures/OceanMonumentPieces$OceanMonumentPiece
[07mag2025 17:33:30.940] [main/DEBUG] [net.minecraftforge.coremod.transformer.CoreModBaseTransformer/COREMOD]: Transforming net/minecraft/world/level/levelgen/structure/structures/WoodlandMansionPieces$WoodlandMansionPiece
[07mag2025 17:33:31.295] [main/DEBUG] [net.minecraftforge.registries.GameData/REGISTRIES]: Creating vanilla freeze snapshot
[07mag2025 17:33:31.300] [main/DEBUG] [net.minecraftforge.registries.ForgeRegistry/REGISTRIES]: Registry minecraft:block Sync: VANILLA -> ACTIVE
[07mag2025 17:33:31.313] [main/DEBUG] [net.minecraftforge.registries.ForgeRegistry/REGISTRIES]: Registry minecraft:fluid Sync: VANILLA -> ACTIVE
[07mag2025 17:33:31.313] [main/DEBUG] [net.minecraftforge.registries.ForgeRegistry/REGISTRIES]: Registry minecraft:item Sync: VANILLA -> ACTIVE
[07mag2025 17:33:31.319] [main/DEBUG] [net.minecraftforge.registries.ForgeRegistry/REGISTRIES]: Registry minecraft:mob_effect Sync: VANILLA -> ACTIVE
[07mag2025 17:33:31.320] [main/DEBUG] [net.minecraftforge.registries.ForgeRegistry/REGISTRIES]: Registry minecraft:sound_event Sync: VANILLA -> ACTIVE
[07mag2025 17:33:31.327] [main/DEBUG] [net.minecraftforge.registries.ForgeRegistry/REGISTRIES]: Registry minecraft:potion Sync: VANILLA -> ACTIVE
[07mag2025 17:33:31.327] [main/DEBUG] [net.minecraftforge.registries.ForgeRegistry/REGISTRIES]: Registry minecraft:entity_type Sync: VANILLA -> ACTIVE
[07mag2025 17:33:31.328] [main/DEBUG] [net.minecraftforge.registries.ForgeRegistry/REGISTRIES]: Registry minecraft:block_entity_type Sync: VANILLA -> ACTIVE
[07mag2025 17:33:31.328] [main/DEBUG] [net.minecraftforge.registries.ForgeRegistry/REGISTRIES]: Registry minecraft:particle_type Sync: VANILLA -> ACTIVE
[07mag2025 17:33:31.328] [main/DEBUG] [net.minecraftforge.registries.ForgeRegistry/REGISTRIES]: Registry minecraft:menu Sync: VANILLA -> ACTIVE
[07mag2025 17:33:31.328] [main/DEBUG] [net.minecraftforge.registries.ForgeRegistry/REGISTRIES]: Registry minecraft:painting_variant Sync: VANILLA -> ACTIVE
[07mag2025 17:33:31.330] [main/DEBUG] [net.minecraftforge.registries.ForgeRegistry/REGISTRIES]: Registry minecraft:recipe_type Sync: VANILLA -> ACTIVE
[07mag2025 17:33:31.330] [main/DEBUG] [net.minecraftforge.registries.ForgeRegistry/REGISTRIES]: Registry minecraft:recipe_serializer Sync: VANILLA -> ACTIVE
[07mag2025 17:33:31.330] [main/DEBUG] [net.minecraftforge.registries.ForgeRegistry/REGISTRIES]: Registry minecraft:attribute Sync: VANILLA -> ACTIVE
[07mag2025 17:33:31.330] [main/DEBUG] [net.minecraftforge.registries.ForgeRegistry/REGISTRIES]: Registry minecraft:stat_type Sync: VANILLA -> ACTIVE
[07mag2025 17:33:31.330] [main/DEBUG] [net.minecraftforge.registries.ForgeRegistry/REGISTRIES]: Registry minecraft:command_argument_type Sync: VANILLA -> ACTIVE
[07mag2025 17:33:31.331] [main/DEBUG] [net.minecraftforge.registries.ForgeRegistry/REGISTRIES]: Registry minecraft:data_component_type Sync: VANILLA -> ACTIVE
[07mag2025 17:33:31.331] [main/DEBUG] [net.minecraftforge.registries.ForgeRegistry/REGISTRIES]: Registry minecraft:villager_profession Sync: VANILLA -> ACTIVE
[07mag2025 17:33:31.331] [main/DEBUG] [net.minecraftforge.registries.ForgeRegistry/REGISTRIES]: Registry minecraft:point_of_interest_type Sync: VANILLA -> ACTIVE
[07mag2025 17:33:31.333] [main/DEBUG] [net.minecraftforge.registries.ForgeRegistry/REGISTRIES]: Registry minecraft:memory_module_type Sync: VANILLA -> ACTIVE
[07mag2025 17:33:31.335] [main/DEBUG] [net.minecraftforge.registries.ForgeRegistry/REGISTRIES]: Registry minecraft:sensor_type Sync: VANILLA -> ACTIVE
[07mag2025 17:33:31.336] [main/DEBUG] [net.minecraftforge.registries.ForgeRegistry/REGISTRIES]: Registry minecraft:schedule Sync: VANILLA -> ACTIVE
[07mag2025 17:33:31.336] [main/DEBUG] [net.minecraftforge.registries.ForgeRegistry/REGISTRIES]: Registry minecraft:activity Sync: VANILLA -> ACTIVE
[07mag2025 17:33:31.336] [main/DEBUG] [net.minecraftforge.registries.ForgeRegistry/REGISTRIES]: Registry minecraft:worldgen/carver Sync: VANILLA -> ACTIVE
[07mag2025 17:33:31.336] [main/DEBUG] [net.minecraftforge.registries.ForgeRegistry/REGISTRIES]: Registry minecraft:worldgen/feature Sync: VANILLA -> ACTIVE
[07mag2025 17:33:31.337] [main/DEBUG] [net.minecraftforge.registries.ForgeRegistry/REGISTRIES]: Registry minecraft:chunk_status Sync: VANILLA -> ACTIVE
[07mag2025 17:33:31.337] [main/DEBUG] [net.minecraftforge.registries.ForgeRegistry/REGISTRIES]: Registry minecraft:worldgen/block_state_provider_type Sync: VANILLA -> ACTIVE
[07mag2025 17:33:31.337] [main/DEBUG] [net.minecraftforge.registries.ForgeRegistry/REGISTRIES]: Registry minecraft:worldgen/foliage_placer_type Sync: VANILLA -> ACTIVE
[07mag2025 17:33:31.337] [main/DEBUG] [net.minecraftforge.registries.ForgeRegistry/REGISTRIES]: Registry minecraft:worldgen/tree_decorator_type Sync: VANILLA -> ACTIVE
[07mag2025 17:33:31.337] [main/DEBUG] [net.minecraftforge.registries.ForgeRegistry/REGISTRIES]: Registry minecraft:worldgen/biome Sync: VANILLA -> ACTIVE
[07mag2025 17:33:31.344] [main/DEBUG] [net.minecraftforge.registries.GameData/REGISTRIES]: Vanilla freeze snapshot created
[07mag2025 17:33:31.347] [main/DEBUG] [net.minecraftforge.fml.ModWorkManager/LOADING]: Using 16 threads for parallel mod-loading
[07mag2025 17:33:31.359] [main/DEBUG] [net.minecraftforge.fml.javafmlmod.FMLJavaModLanguageProvider/LOADING]: Loading FMLModContainer from classloader TransformingClassLoader[TRANSFORMER]@1505474932 - got SecureModuleClassLoader[LAYER PLUGIN]@492947164
[07mag2025 17:33:31.363] [main/DEBUG] [net.minecraftforge.fml.javafmlmod.FMLModContainer/LOADING]: Creating FMLModContainer instance for net.minecraftforge.common.ForgeMod
[07mag2025 17:33:31.369] [main/DEBUG] [net.minecraftforge.fml.javafmlmod.FMLModContainer/LOADING]: Loaded modclass net.minecraftforge.forge/net.minecraftforge.common.ForgeMod with TransformingClassLoader[TRANSFORMER]@1505474932
[07mag2025 17:33:31.369] [main/DEBUG] [net.minecraftforge.fml.javafmlmod.FMLJavaModLanguageProvider/LOADING]: Loading FMLModContainer from classloader TransformingClassLoader[TRANSFORMER]@1505474932 - got SecureModuleClassLoader[LAYER PLUGIN]@492947164
[07mag2025 17:33:31.369] [main/DEBUG] [net.minecraftforge.fml.javafmlmod.FMLModContainer/LOADING]: Creating FMLModContainer instance for com.blocklegend001.onlyexcavators.OnlyExcavators
[07mag2025 17:33:31.370] [main/DEBUG] [net.minecraftforge.fml.javafmlmod.FMLModContainer/LOADING]: Loaded modclass onlyexcavators/com.blocklegend001.onlyexcavators.OnlyExcavators with TransformingClassLoader[TRANSFORMER]@1505474932
[07mag2025 17:33:31.371] [main/DEBUG] [net.minecraftforge.fml.javafmlmod.FMLJavaModLanguageProvider/LOADING]: Loading FMLModContainer from classloader TransformingClassLoader[TRANSFORMER]@1505474932 - got SecureModuleClassLoader[LAYER PLUGIN]@492947164
[07mag2025 17:33:31.371] [main/DEBUG] [net.minecraftforge.fml.javafmlmod.FMLModContainer/LOADING]: Creating FMLModContainer instance for mezz.jei.forge.JustEnoughItems
[07mag2025 17:33:31.372] [main/DEBUG] [net.minecraftforge.fml.javafmlmod.FMLModContainer/LOADING]: Loaded modclass jei/mezz.jei.forge.JustEnoughItems with TransformingClassLoader[TRANSFORMER]@1505474932
[07mag2025 17:33:31.427] [modloading-worker-0/DEBUG] [net.minecraftforge.versions.forge.ForgeVersion/CORE]: Forge Version package package net.minecraftforge.versions.forge, Forge, version 0.0 from TransformingClassLoader[TRANSFORMER]@1505474932
[07mag2025 17:33:31.428] [modloading-worker-0/DEBUG] [net.minecraftforge.versions.forge.ForgeVersion/CORE]: Found Forge version 52.1.0
[07mag2025 17:33:31.428] [modloading-worker-0/DEBUG] [net.minecraftforge.versions.forge.ForgeVersion/CORE]: Found Forge spec 0.0
[07mag2025 17:33:31.429] [modloading-worker-0/DEBUG] [net.minecraftforge.versions.forge.ForgeVersion/CORE]: Found Forge group net.minecraftforge
[07mag2025 17:33:31.430] [modloading-worker-0/DEBUG] [net.minecraftforge.versions.mcp.MCPVersion/CORE]: MCP Version package package net.minecraftforge.versions.mcp, Minecraft, version 1.21.1 from TransformingClassLoader[TRANSFORMER]@1505474932
[07mag2025 17:33:31.430] [modloading-worker-0/DEBUG] [net.minecraftforge.versions.mcp.MCPVersion/CORE]: Found MC version information 1.21.1
[07mag2025 17:33:31.430] [modloading-worker-0/DEBUG] [net.minecraftforge.versions.mcp.MCPVersion/CORE]: Found MCP version information 20240808.132146
[07mag2025 17:33:31.430] [modloading-worker-0/INFO] [net.minecraftforge.common.ForgeMod/FORGEMOD]: Forge mod loading, version 52.1.0, for MC 1.21.1 with MCP 20240808.132146
[07mag2025 17:33:31.431] [modloading-worker-0/INFO] [net.minecraftforge.common.MinecraftForge/FORGE]: MinecraftForge v52.1.0 Initialized
[07mag2025 17:33:31.431] [modloading-worker-0/DEBUG] [net.minecraftforge.fml.config.ConfigTracker/CONFIG]: Config file onlyexcavators.toml for onlyexcavators tracking
[07mag2025 17:33:31.431] [modloading-worker-0/DEBUG] [net.minecraftforge.fml.config.ConfigTracker/CONFIG]: Config file jei-server.toml for jei tracking
[07mag2025 17:33:31.452] [modloading-worker-0/WARN] [net.minecraftforge.common.ForgeConfigSpec/CORE]: Configuration file D:\Programmazione\Mod\Only Excavators\FORGE\1.21.1\run-data\config\onlyexcavators.toml is not correct. Correcting
[07mag2025 17:33:31.453] [modloading-worker-0/WARN] [net.minecraftforge.common.ForgeConfigSpec/CORE]: Incorrect key DurabilityWoodenExcavator was corrected from null to its default, 302. 
[07mag2025 17:33:31.454] [modloading-worker-0/DEBUG] [net.minecraftforge.common.ForgeConfigSpec/CORE]: The comment on key DurabilityWoodenExcavator does not match the spec. This may create a backup.
[07mag2025 17:33:31.454] [modloading-worker-0/WARN] [net.minecraftforge.common.ForgeConfigSpec/CORE]: Incorrect key DurabilityStoneExcavator was corrected from null to its default, 650. 
[07mag2025 17:33:31.454] [modloading-worker-0/DEBUG] [net.minecraftforge.common.ForgeConfigSpec/CORE]: The comment on key DurabilityStoneExcavator does not match the spec. This may create a backup.
[07mag2025 17:33:31.455] [modloading-worker-0/WARN] [net.minecraftforge.common.ForgeConfigSpec/CORE]: Incorrect key DurabilityIronExcavator was corrected from null to its default, 1300. 
[07mag2025 17:33:31.455] [modloading-worker-0/DEBUG] [net.minecraftforge.common.ForgeConfigSpec/CORE]: The comment on key DurabilityIronExcavator does not match the spec. This may create a backup.
[07mag2025 17:33:31.455] [modloading-worker-0/WARN] [net.minecraftforge.common.ForgeConfigSpec/CORE]: Incorrect key DurabilityGoldExcavator was corrected from null to its default, 750. 
[07mag2025 17:33:31.455] [modloading-worker-0/DEBUG] [net.minecraftforge.common.ForgeConfigSpec/CORE]: The comment on key DurabilityGoldExcavator does not match the spec. This may create a backup.
[07mag2025 17:33:31.455] [modloading-worker-0/WARN] [net.minecraftforge.common.ForgeConfigSpec/CORE]: Incorrect key DurabilityLapisExcavator was corrected from null to its default, 1100. 
[07mag2025 17:33:31.455] [modloading-worker-0/DEBUG] [net.minecraftforge.common.ForgeConfigSpec/CORE]: The comment on key DurabilityLapisExcavator does not match the spec. This may create a backup.
[07mag2025 17:33:31.455] [modloading-worker-0/WARN] [net.minecraftforge.common.ForgeConfigSpec/CORE]: Incorrect key DurabilityRedstoneExcavator was corrected from null to its default, 1100. 
[07mag2025 17:33:31.455] [modloading-worker-0/DEBUG] [net.minecraftforge.common.ForgeConfigSpec/CORE]: The comment on key DurabilityRedstoneExcavator does not match the spec. This may create a backup.
[07mag2025 17:33:31.455] [modloading-worker-0/WARN] [net.minecraftforge.common.ForgeConfigSpec/CORE]: Incorrect key DurabilityObsidianExcavator was corrected from null to its default, 11200. 
[07mag2025 17:33:31.456] [modloading-worker-0/DEBUG] [net.minecraftforge.common.ForgeConfigSpec/CORE]: The comment on key DurabilityObsidianExcavator does not match the spec. This may create a backup.
[07mag2025 17:33:31.456] [modloading-worker-0/WARN] [net.minecraftforge.common.ForgeConfigSpec/CORE]: Incorrect key DurabilityDiamondExcavator was corrected from null to its default, 8025. 
[07mag2025 17:33:31.456] [modloading-worker-0/DEBUG] [net.minecraftforge.common.ForgeConfigSpec/CORE]: The comment on key DurabilityDiamondExcavator does not match the spec. This may create a backup.
[07mag2025 17:33:31.456] [modloading-worker-0/WARN] [net.minecraftforge.common.ForgeConfigSpec/CORE]: Incorrect key DurabilityEmeraldExcavator was corrected from null to its default, 9768. 
[07mag2025 17:33:31.456] [modloading-worker-0/DEBUG] [net.minecraftforge.common.ForgeConfigSpec/CORE]: The comment on key DurabilityEmeraldExcavator does not match the spec. This may create a backup.
[07mag2025 17:33:31.456] [modloading-worker-0/WARN] [net.minecraftforge.common.ForgeConfigSpec/CORE]: Incorrect key DurabilityNetheriteExcavator was corrected from null to its default, 13675. 
[07mag2025 17:33:31.456] [modloading-worker-0/DEBUG] [net.minecraftforge.common.ForgeConfigSpec/CORE]: The comment on key DurabilityNetheriteExcavator does not match the spec. This may create a backup.
[07mag2025 17:33:31.485] [modloading-worker-0/INFO] [net.minecraftforge.common.ForgeMod/FORGEMOD]: Opening jdk.naming.dns/com.sun.jndi.dns to java.naming
[07mag2025 17:33:31.487] [modloading-worker-0/DEBUG] [net.minecraftforge.fml.javafmlmod.AutomaticEventSubscriber/LOADING]: Attempting to inject @EventBusSubscriber classes into the eventbus for onlyexcavators
[07mag2025 17:33:31.496] [modloading-worker-0/DEBUG] [net.minecraftforge.fml.javafmlmod.AutomaticEventSubscriber/LOADING]: Auto-subscribing com.blocklegend001.onlyexcavators.datagen.DataGenerators to MOD
[07mag2025 17:33:31.502] [modloading-worker-0/DEBUG] [net.minecraftforge.fml.javafmlmod.AutomaticEventSubscriber/LOADING]: Auto-subscribing com.blocklegend001.onlyexcavators.event.ClientEvents to FORGE
[07mag2025 17:33:31.506] [modloading-worker-0/DEBUG] [net.minecraftforge.fml.javafmlmod.AutomaticEventSubscriber/LOADING]: Auto-subscribing com.blocklegend001.onlyexcavators.event.ModEvents to FORGE
[07mag2025 17:33:31.509] [modloading-worker-0/DEBUG] [net.minecraftforge.fml.javafmlmod.AutomaticEventSubscriber/LOADING]: Auto-subscribing com.blocklegend001.onlyexcavators.item.ModCreativeModeTabs to MOD
[07mag2025 17:33:31.516] [modloading-worker-0/DEBUG] [io.netty.util.internal.PlatformDependent0/]: -Dio.netty.noUnsafe: false
[07mag2025 17:33:31.517] [modloading-worker-0/DEBUG] [io.netty.util.internal.PlatformDependent0/]: Java version: 21
[07mag2025 17:33:31.518] [modloading-worker-0/DEBUG] [io.netty.util.internal.PlatformDependent0/]: sun.misc.Unsafe.theUnsafe: available
[07mag2025 17:33:31.519] [modloading-worker-0/DEBUG] [io.netty.util.internal.PlatformDependent0/]: sun.misc.Unsafe.copyMemory: available
[07mag2025 17:33:31.520] [modloading-worker-0/DEBUG] [io.netty.util.internal.PlatformDependent0/]: sun.misc.Unsafe.storeFence: available
[07mag2025 17:33:31.521] [modloading-worker-0/DEBUG] [io.netty.util.internal.PlatformDependent0/]: java.nio.Buffer.address: available
[07mag2025 17:33:31.547] [modloading-worker-0/DEBUG] [mezz.jei.common.platform.Services/]: Loaded mezz.jei.forge.platform.PlatformHelper@6a9f5338 for service interface mezz.jei.common.platform.IPlatformHelper
[07mag2025 17:33:31.522] [modloading-worker-0/DEBUG] [io.netty.util.internal.PlatformDependent0/]: direct buffer constructor: unavailable
java.lang.UnsupportedOperationException: Reflective setAccessible(true) disabled
	at SECURE-BOOTSTRAP/io.netty.common@4.1.97.Final/io.netty.util.internal.ReflectionUtil.trySetAccessible(ReflectionUtil.java:31) ~[netty-common-4.1.97.Final.jar:4.1.97.Final]
	at SECURE-BOOTSTRAP/io.netty.common@4.1.97.Final/io.netty.util.internal.PlatformDependent0$5.run(PlatformDependent0.java:289) ~[netty-common-4.1.97.Final.jar:4.1.97.Final]
	at java.base/java.security.AccessController.doPrivileged(AccessController.java:319) ~[?:?]
	at SECURE-BOOTSTRAP/io.netty.common@4.1.97.Final/io.netty.util.internal.PlatformDependent0.<clinit>(PlatformDependent0.java:282) ~[netty-common-4.1.97.Final.jar:4.1.97.Final]
	at SECURE-BOOTSTRAP/io.netty.common@4.1.97.Final/io.netty.util.internal.PlatformDependent.isAndroid(PlatformDependent.java:333) ~[netty-common-4.1.97.Final.jar:4.1.97.Final]
	at SECURE-BOOTSTRAP/io.netty.common@4.1.97.Final/io.netty.util.internal.PlatformDependent.<clinit>(PlatformDependent.java:88) ~[netty-common-4.1.97.Final.jar:4.1.97.Final]
	at SECURE-BOOTSTRAP/io.netty.common@4.1.97.Final/io.netty.util.ConstantPool.<init>(ConstantPool.java:34) ~[netty-common-4.1.97.Final.jar:4.1.97.Final]
	at SECURE-BOOTSTRAP/io.netty.common@4.1.97.Final/io.netty.util.AttributeKey$1.<init>(AttributeKey.java:27) ~[netty-common-4.1.97.Final.jar:4.1.97.Final]
	at SECURE-BOOTSTRAP/io.netty.common@4.1.97.Final/io.netty.util.AttributeKey.<clinit>(AttributeKey.java:27) ~[netty-common-4.1.97.Final.jar:4.1.97.Final]
	at TRANSFORMER/net.minecraftforge.forge@52.1.0/net.minecraftforge.network.NetworkInitialization.<clinit>(NetworkInitialization.java:27) ~[forge-1.21.1-52.1.0_mapped_official_1.21.1.jar:?]
	at TRANSFORMER/net.minecraftforge.forge@52.1.0/net.minecraftforge.common.ForgeMod.<init>(ForgeMod.java:381) ~[forge-1.21.1-52.1.0_mapped_official_1.21.1.jar:?]
	at java.base/jdk.internal.reflect.DirectConstructorHandleAccessor.newInstance(DirectConstructorHandleAccessor.java:62) ~[?:?]
	at java.base/java.lang.reflect.Constructor.newInstanceWithCaller(Constructor.java:502) ~[?:?]
	at java.base/java.lang.reflect.Constructor.newInstance(Constructor.java:486) ~[?:?]
	at LAYER PLUGIN/net.minecraftforge.javafmlmod@1.21.1-52.1.0/net.minecraftforge.fml.javafmlmod.FMLModContainer.constructMod(FMLModContainer.java:145) ~[javafmllanguage-1.21.1-52.1.0.jar!/:52.1.0]
	at LAYER PLUGIN/net.minecraftforge.fmlcore@1.21.1-52.1.0/net.minecraftforge.fml.ModContainer.lambda$buildTransitionHandler$5(ModContainer.java:125) ~[fmlcore-1.21.1-52.1.0.jar!/:1.0]
	at java.base/java.util.concurrent.CompletableFuture$AsyncRun.run(CompletableFuture.java:1804) [?:?]
	at java.base/java.util.concurrent.CompletableFuture$AsyncRun.exec(CompletableFuture.java:1796) [?:?]
	at java.base/java.util.concurrent.ForkJoinTask.doExec(ForkJoinTask.java:387) [?:?]
	at java.base/java.util.concurrent.ForkJoinPool$WorkQueue.topLevelExec(ForkJoinPool.java:1312) [?:?]
	at java.base/java.util.concurrent.ForkJoinPool.scan(ForkJoinPool.java:1843) [?:?]
	at java.base/java.util.concurrent.ForkJoinPool.runWorker(ForkJoinPool.java:1808) [?:?]
	at java.base/java.util.concurrent.ForkJoinWorkerThread.run(ForkJoinWorkerThread.java:188) [?:?]
[07mag2025 17:33:31.564] [modloading-worker-0/DEBUG] [io.netty.util.internal.PlatformDependent0/]: java.nio.Bits.unaligned: available, true
[07mag2025 17:33:31.565] [modloading-worker-0/DEBUG] [io.netty.util.internal.PlatformDependent0/]: jdk.internal.misc.Unsafe.allocateUninitializedArray(int): unavailable
java.lang.IllegalAccessException: class io.netty.util.internal.PlatformDependent0$7 (in module io.netty.common) cannot access class jdk.internal.misc.Unsafe (in module java.base) because module java.base does not export jdk.internal.misc to module io.netty.common
	at java.base/jdk.internal.reflect.Reflection.newIllegalAccessException(Reflection.java:394) ~[?:?]
	at java.base/java.lang.reflect.AccessibleObject.checkAccess(AccessibleObject.java:714) ~[?:?]
	at java.base/java.lang.reflect.Method.invoke(Method.java:571) ~[?:?]
	at SECURE-BOOTSTRAP/io.netty.common@4.1.97.Final/io.netty.util.internal.PlatformDependent0$7.run(PlatformDependent0.java:411) ~[netty-common-4.1.97.Final.jar:4.1.97.Final]
	at java.base/java.security.AccessController.doPrivileged(AccessController.java:319) ~[?:?]
	at SECURE-BOOTSTRAP/io.netty.common@4.1.97.Final/io.netty.util.internal.PlatformDependent0.<clinit>(PlatformDependent0.java:402) ~[netty-common-4.1.97.Final.jar:4.1.97.Final]
	at SECURE-BOOTSTRAP/io.netty.common@4.1.97.Final/io.netty.util.internal.PlatformDependent.isAndroid(PlatformDependent.java:333) ~[netty-common-4.1.97.Final.jar:4.1.97.Final]
	at SECURE-BOOTSTRAP/io.netty.common@4.1.97.Final/io.netty.util.internal.PlatformDependent.<clinit>(PlatformDependent.java:88) ~[netty-common-4.1.97.Final.jar:4.1.97.Final]
	at SECURE-BOOTSTRAP/io.netty.common@4.1.97.Final/io.netty.util.ConstantPool.<init>(ConstantPool.java:34) ~[netty-common-4.1.97.Final.jar:4.1.97.Final]
	at SECURE-BOOTSTRAP/io.netty.common@4.1.97.Final/io.netty.util.AttributeKey$1.<init>(AttributeKey.java:27) ~[netty-common-4.1.97.Final.jar:4.1.97.Final]
	at SECURE-BOOTSTRAP/io.netty.common@4.1.97.Final/io.netty.util.AttributeKey.<clinit>(AttributeKey.java:27) ~[netty-common-4.1.97.Final.jar:4.1.97.Final]
	at TRANSFORMER/net.minecraftforge.forge@52.1.0/net.minecraftforge.network.NetworkInitialization.<clinit>(NetworkInitialization.java:27) ~[forge-1.21.1-52.1.0_mapped_official_1.21.1.jar:?]
	at TRANSFORMER/net.minecraftforge.forge@52.1.0/net.minecraftforge.common.ForgeMod.<init>(ForgeMod.java:381) ~[forge-1.21.1-52.1.0_mapped_official_1.21.1.jar:?]
	at java.base/jdk.internal.reflect.DirectConstructorHandleAccessor.newInstance(DirectConstructorHandleAccessor.java:62) ~[?:?]
	at java.base/java.lang.reflect.Constructor.newInstanceWithCaller(Constructor.java:502) ~[?:?]
	at java.base/java.lang.reflect.Constructor.newInstance(Constructor.java:486) ~[?:?]
	at LAYER PLUGIN/net.minecraftforge.javafmlmod@1.21.1-52.1.0/net.minecraftforge.fml.javafmlmod.FMLModContainer.constructMod(FMLModContainer.java:145) ~[javafmllanguage-1.21.1-52.1.0.jar!/:52.1.0]
	at LAYER PLUGIN/net.minecraftforge.fmlcore@1.21.1-52.1.0/net.minecraftforge.fml.ModContainer.lambda$buildTransitionHandler$5(ModContainer.java:125) ~[fmlcore-1.21.1-52.1.0.jar!/:1.0]
	at java.base/java.util.concurrent.CompletableFuture$AsyncRun.run(CompletableFuture.java:1804) [?:?]
	at java.base/java.util.concurrent.CompletableFuture$AsyncRun.exec(CompletableFuture.java:1796) [?:?]
	at java.base/java.util.concurrent.ForkJoinTask.doExec(ForkJoinTask.java:387) [?:?]
	at java.base/java.util.concurrent.ForkJoinPool$WorkQueue.topLevelExec(ForkJoinPool.java:1312) [?:?]
	at java.base/java.util.concurrent.ForkJoinPool.scan(ForkJoinPool.java:1843) [?:?]
	at java.base/java.util.concurrent.ForkJoinPool.runWorker(ForkJoinPool.java:1808) [?:?]
	at java.base/java.util.concurrent.ForkJoinWorkerThread.run(ForkJoinWorkerThread.java:188) [?:?]
[07mag2025 17:33:31.568] [modloading-worker-0/DEBUG] [io.netty.util.internal.PlatformDependent0/]: java.nio.DirectByteBuffer.<init>(long, {int,long}): unavailable
[07mag2025 17:33:31.569] [modloading-worker-0/DEBUG] [io.netty.util.internal.PlatformDependent/]: sun.misc.Unsafe: available
[07mag2025 17:33:31.569] [modloading-worker-0/DEBUG] [io.netty.util.internal.PlatformDependent/]: maxDirectMemory: 4219469824 bytes (maybe)
[07mag2025 17:33:31.570] [modloading-worker-0/DEBUG] [io.netty.util.internal.PlatformDependent/]: -Dio.netty.tmpdir: C:\Users\rosar\AppData\Local\Temp (java.io.tmpdir)
[07mag2025 17:33:31.570] [modloading-worker-0/DEBUG] [io.netty.util.internal.PlatformDependent/]: -Dio.netty.bitMode: 64 (sun.arch.data.model)
[07mag2025 17:33:31.570] [modloading-worker-0/DEBUG] [io.netty.util.internal.PlatformDependent/]: Platform: Windows
[07mag2025 17:33:31.571] [modloading-worker-0/DEBUG] [io.netty.util.internal.PlatformDependent/]: -Dio.netty.maxDirectMemory: -1 bytes
[07mag2025 17:33:31.571] [modloading-worker-0/DEBUG] [io.netty.util.internal.PlatformDependent/]: -Dio.netty.uninitializedArrayAllocationThreshold: -1
[07mag2025 17:33:31.574] [modloading-worker-0/DEBUG] [io.netty.util.internal.CleanerJava9/]: java.nio.ByteBuffer.cleaner(): available
[07mag2025 17:33:31.574] [modloading-worker-0/DEBUG] [io.netty.util.internal.PlatformDependent/]: -Dio.netty.noPreferDirect: false
[07mag2025 17:33:31.616] [modloading-worker-0/DEBUG] [net.minecraftforge.network.NetworkInitialization/FORGE_NETWORK]: Registering Network forge:login v0
[07mag2025 17:33:31.616] [modloading-worker-0/DEBUG] [net.minecraftforge.network.NetworkInitialization/FORGE_NETWORK]: Registering Network forge:handshake v0
[07mag2025 17:33:31.617] [modloading-worker-0/DEBUG] [net.minecraftforge.network.NetworkInitialization/FORGE_NETWORK]: Registering Network forge:handshake v0
[07mag2025 17:33:31.617] [modloading-worker-0/DEBUG] [net.minecraftforge.network.NetworkInitialization/FORGE_NETWORK]: Registering Network forge:channel_registration v0
[07mag2025 17:33:31.632] [modloading-worker-0/DEBUG] [net.minecraftforge.fml.config.ConfigTracker/CONFIG]: Config file forge-client.toml for forge tracking
[07mag2025 17:33:31.632] [modloading-worker-0/DEBUG] [net.minecraftforge.fml.config.ConfigTracker/CONFIG]: Config file forge-server.toml for forge tracking
[07mag2025 17:33:31.632] [modloading-worker-0/DEBUG] [net.minecraftforge.fml.config.ConfigTracker/CONFIG]: Config file forge-common.toml for forge tracking
[07mag2025 17:33:31.636] [modloading-worker-0/DEBUG] [mezz.jei.common.config.file.ConfigSerializer/]: Loading config file: D:\Programmazione\Mod\Only Excavators\FORGE\1.21.1\run-data\config\jei\jei-debug.ini
[07mag2025 17:33:31.645] [modloading-worker-0/ERROR] [mezz.jei.common.config.file.ConfigSerializer/]: 'DebugMode' is not a valid config key for config category 'debug'.
Valid keys: [debugMode, debugGuis, debugInputs, debugInfoTooltipsEnabled, crashingTestItemsEnabled, logSuffixTreeStats]
Skipping this key.
Config file: D:\Programmazione\Mod\Only Excavators\FORGE\1.21.1\run-data\config\jei\jei-debug.ini
Line #5: "	DebugMode = false"
[07mag2025 17:33:31.645] [modloading-worker-0/ERROR] [mezz.jei.common.config.file.ConfigSerializer/]: 'DebugGuis' is not a valid config key for config category 'debug'.
Valid keys: [debugMode, debugGuis, debugInputs, debugInfoTooltipsEnabled, crashingTestItemsEnabled, logSuffixTreeStats]
Skipping this key.
Config file: D:\Programmazione\Mod\Only Excavators\FORGE\1.21.1\run-data\config\jei\jei-debug.ini
Line #10: "	DebugGuis = false"
[07mag2025 17:33:31.646] [modloading-worker-0/ERROR] [mezz.jei.common.config.file.ConfigSerializer/]: 'DebugInputs' is not a valid config key for config category 'debug'.
Valid keys: [debugMode, debugGuis, debugInputs, debugInfoTooltipsEnabled, crashingTestItemsEnabled, logSuffixTreeStats]
Skipping this key.
Config file: D:\Programmazione\Mod\Only Excavators\FORGE\1.21.1\run-data\config\jei\jei-debug.ini
Line #15: "	DebugInputs = false"
[07mag2025 17:33:31.646] [modloading-worker-0/ERROR] [mezz.jei.common.config.file.ConfigSerializer/]: 'CrashingTestItemsEnabled' is not a valid config key for config category 'debug'.
Valid keys: [debugMode, debugGuis, debugInputs, debugInfoTooltipsEnabled, crashingTestItemsEnabled, logSuffixTreeStats]
Skipping this key.
Config file: D:\Programmazione\Mod\Only Excavators\FORGE\1.21.1\run-data\config\jei\jei-debug.ini
Line #25: "	CrashingTestItemsEnabled = false"
[07mag2025 17:33:31.647] [modloading-worker-0/DEBUG] [mezz.jei.common.config.file.ConfigSchema/]: Localization has not loaded yet, waiting to save the config file until JEI starts.
[07mag2025 17:33:31.647] [modloading-worker-0/DEBUG] [net.minecraftforge.fml.javafmlmod.AutomaticEventSubscriber/LOADING]: Attempting to inject @EventBusSubscriber classes into the eventbus for forge
[07mag2025 17:33:31.648] [modloading-worker-0/DEBUG] [net.minecraftforge.fml.javafmlmod.AutomaticEventSubscriber/LOADING]: Auto-subscribing net.minecraftforge.common.ForgeSpawnEggItem$CommonHandler to MOD
[07mag2025 17:33:31.650] [modloading-worker-0/DEBUG] [net.minecraftforge.fml.javafmlmod.AutomaticEventSubscriber/LOADING]: Auto-subscribing net.minecraftforge.common.ForgeSpawnEggItem$ColorRegisterHandler to MOD
[07mag2025 17:33:31.650] [modloading-worker-0/DEBUG] [mezz.jei.common.config.file.ConfigSerializer/]: Loading config file: D:\Programmazione\Mod\Only Excavators\FORGE\1.21.1\run-data\config\jei\jei-mod-id-format.ini
[07mag2025 17:33:31.652] [modloading-worker-0/ERROR] [mezz.jei.common.config.file.ConfigSerializer/]: '[modname]' is not a valid category name.
Valid names are: [modName]
Skipping all values until the first valid category is declared.
Config file: D:\Programmazione\Mod\Only Excavators\FORGE\1.21.1\run-data\config\jei\jei-mod-id-format.ini
Line #1: "[modname]"
[07mag2025 17:33:31.652] [modloading-worker-0/ERROR] [mezz.jei.common.config.file.ConfigSerializer/]: Expected a '[category]' here.
Configs must start with a category before defining values.
Skipping all lines until the first valid category is declared.
Config file: D:\Programmazione\Mod\Only Excavators\FORGE\1.21.1\run-data\config\jei\jei-mod-id-format.ini
Line #9: "	ModNameFormat = blue italic"
[07mag2025 17:33:31.652] [modloading-worker-0/DEBUG] [mezz.jei.common.config.file.ConfigSchema/]: Localization has not loaded yet, waiting to save the config file until JEI starts.
[07mag2025 17:33:31.653] [modloading-worker-0/DEBUG] [net.minecraftforge.fml.javafmlmod.AutomaticEventSubscriber/LOADING]: Auto-subscribing net.minecraftforge.client.model.data.ModelDataManager to FORGE
[07mag2025 17:33:31.654] [modloading-worker-0/DEBUG] [mezz.jei.common.config.file.ConfigSerializer/]: Loading config file: D:\Programmazione\Mod\Only Excavators\FORGE\1.21.1\run-data\config\jei\jei-colors.ini
[07mag2025 17:33:31.654] [modloading-worker-0/DEBUG] [net.minecraftforge.fml.javafmlmod.AutomaticEventSubscriber/LOADING]: Auto-subscribing net.minecraftforge.client.ForgeHooksClient$ClientEvents to MOD
[07mag2025 17:33:31.656] [modloading-worker-0/ERROR] [mezz.jei.common.config.file.ConfigSerializer/]: 'SearchColors' is not a valid config key for config category 'colors'.
Valid keys: [searchColors]
Skipping this key.
Config file: D:\Programmazione\Mod\Only Excavators\FORGE\1.21.1\run-data\config\jei\jei-colors.ini
Line #6: "	SearchColors = White:EEEEEE, LightBlue:7492CC, Cyan:00EEEE, Blue:2222DD, LapisBlue:25418B, Teal:008080, Yellow:CACB58, GoldenYellow:EED700, Orange:D97634, Pink:D1899D, HotPink:FC0FC0, Magenta:B24BBB, Purple:813EB9, EvilPurple:2E1649, Lavender:B57EDC, Indigo:480082, Sand:DBD3A0, Tan:BB9B63, LightBrown:A0522D, Brown:634B33, DarkBrown:3A2D13, LimeGreen:43B239, SlimeGreen:83CB73, Green:008000, DarkGreen:224D22, GrassGreen:548049, Red:963430, BrickRed:B0604B, NetherBrick:2A1516, Redstone:CE3E36, Black:181515, CharcoalGray:464646, IronGray:646464, Gray:808080, Silver:C0C0C0"
[07mag2025 17:33:31.656] [modloading-worker-0/DEBUG] [mezz.jei.common.config.file.ConfigSchema/]: Localization has not loaded yet, waiting to save the config file until JEI starts.
[07mag2025 17:33:31.662] [modloading-worker-0/DEBUG] [net.minecraftforge.fml.javafmlmod.AutomaticEventSubscriber/LOADING]: Auto-subscribing net.minecraftforge.client.ClientForgeMod to MOD
[07mag2025 17:33:31.663] [modloading-worker-0/DEBUG] [mezz.jei.common.config.file.ConfigSerializer/]: Loading config file: D:\Programmazione\Mod\Only Excavators\FORGE\1.21.1\run-data\config\jei\jei-client.ini
[07mag2025 17:33:31.670] [modloading-worker-0/ERROR] [mezz.jei.common.config.file.ConfigSerializer/]: 'CenterSearch' is not a valid config key for config category 'appearance'.
Valid keys: [centerSearch, recipeGuiHeight]
Skipping this key.
Config file: D:\Programmazione\Mod\Only Excavators\FORGE\1.21.1\run-data\config\jei\jei-client.ini
Line #5: "	CenterSearch = false"
[07mag2025 17:33:31.671] [modloading-worker-0/ERROR] [mezz.jei.common.config.file.ConfigSerializer/]: 'RecipeGuiHeight' is not a valid config key for config category 'appearance'.
Valid keys: [centerSearch, recipeGuiHeight]
Skipping this key.
Config file: D:\Programmazione\Mod\Only Excavators\FORGE\1.21.1\run-data\config\jei\jei-client.ini
Line #10: "	RecipeGuiHeight = 350"
[07mag2025 17:33:31.671] [modloading-worker-0/ERROR] [mezz.jei.common.config.file.ConfigSerializer/]: '[cheat_mode]' is not a valid category name.
Valid names are: [appearance, cheating, bookmarks, tooltips, performance, lookups, advanced, input, sorting, search, ingredientList, bookmarkList]
Skipping all values until the first valid category is declared.
Config file: D:\Programmazione\Mod\Only Excavators\FORGE\1.21.1\run-data\config\jei\jei-client.ini
Line #13: "[cheat_mode]"
[07mag2025 17:33:31.671] [modloading-worker-0/ERROR] [mezz.jei.common.config.file.ConfigSerializer/]: Expected a '[category]' here.
Configs must start with a category before defining values.
Skipping all lines until the first valid category is declared.
Config file: D:\Programmazione\Mod\Only Excavators\FORGE\1.21.1\run-data\config\jei\jei-client.ini
Line #17: "	GiveMode = MOUSE_PICKUP"
[07mag2025 17:33:31.671] [modloading-worker-0/ERROR] [mezz.jei.common.config.file.ConfigSerializer/]: Expected a '[category]' here.
Configs must start with a category before defining values.
Skipping all lines until the first valid category is declared.
Config file: D:\Programmazione\Mod\Only Excavators\FORGE\1.21.1\run-data\config\jei\jei-client.ini
Line #22: "	CheatToHotbarUsingHotkeysEnabled = false"
[07mag2025 17:33:31.671] [modloading-worker-0/ERROR] [mezz.jei.common.config.file.ConfigSerializer/]: Expected a '[category]' here.
Configs must start with a category before defining values.
Skipping all lines until the first valid category is declared.
Config file: D:\Programmazione\Mod\Only Excavators\FORGE\1.21.1\run-data\config\jei\jei-client.ini
Line #27: "	ShowHiddenItems = false"
[07mag2025 17:33:31.671] [modloading-worker-0/ERROR] [mezz.jei.common.config.file.ConfigSerializer/]: 'AddBookmarksToFrontEnabled' is not a valid config key for config category 'bookmarks'.
Valid keys: [addBookmarksToFrontEnabled, dragToRearrangeBookmarksEnabled]
Skipping this key.
Config file: D:\Programmazione\Mod\Only Excavators\FORGE\1.21.1\run-data\config\jei\jei-client.ini
Line #34: "	AddBookmarksToFrontEnabled = false"
[07mag2025 17:33:31.672] [modloading-worker-0/ERROR] [mezz.jei.common.config.file.ConfigSerializer/]: 'BookmarkTooltipFeatures' is not a valid config key for config category 'bookmarks'.
Valid keys: [addBookmarksToFrontEnabled, dragToRearrangeBookmarksEnabled]
Skipping this key.
Config file: D:\Programmazione\Mod\Only Excavators\FORGE\1.21.1\run-data\config\jei\jei-client.ini
Line #40: "	BookmarkTooltipFeatures = PREVIEW"
[07mag2025 17:33:31.672] [modloading-worker-0/ERROR] [mezz.jei.common.config.file.ConfigSerializer/]: 'HoldShiftToShowBookmarkTooltipFeatures' is not a valid config key for config category 'bookmarks'.
Valid keys: [addBookmarksToFrontEnabled, dragToRearrangeBookmarksEnabled]
Skipping this key.
Config file: D:\Programmazione\Mod\Only Excavators\FORGE\1.21.1\run-data\config\jei\jei-client.ini
Line #45: "	HoldShiftToShowBookmarkTooltipFeatures = true"
[07mag2025 17:33:31.672] [modloading-worker-0/ERROR] [mezz.jei.common.config.file.ConfigSerializer/]: 'DragToRearrangeBookmarksEnabled' is not a valid config key for config category 'bookmarks'.
Valid keys: [addBookmarksToFrontEnabled, dragToRearrangeBookmarksEnabled]
Skipping this key.
Config file: D:\Programmazione\Mod\Only Excavators\FORGE\1.21.1\run-data\config\jei\jei-client.ini
Line #50: "	DragToRearrangeBookmarksEnabled = true"
[07mag2025 17:33:31.672] [modloading-worker-0/ERROR] [mezz.jei.common.config.file.ConfigSerializer/]: 'LowMemorySlowSearchEnabled' is not a valid config key for config category 'advanced'.
Valid keys: [catchRenderErrorsEnabled]
Skipping this key.
Config file: D:\Programmazione\Mod\Only Excavators\FORGE\1.21.1\run-data\config\jei\jei-client.ini
Line #57: "	LowMemorySlowSearchEnabled = false"
[07mag2025 17:33:31.672] [modloading-worker-0/ERROR] [mezz.jei.common.config.file.ConfigSerializer/]: 'CatchRenderErrorsEnabled' is not a valid config key for config category 'advanced'.
Valid keys: [catchRenderErrorsEnabled]
Skipping this key.
Config file: D:\Programmazione\Mod\Only Excavators\FORGE\1.21.1\run-data\config\jei\jei-client.ini
Line #62: "	CatchRenderErrorsEnabled = false"
[07mag2025 17:33:31.672] [modloading-worker-0/ERROR] [mezz.jei.common.config.file.ConfigSerializer/]: 'lookupFluidContentsEnabled' is not a valid config key for config category 'advanced'.
Valid keys: [catchRenderErrorsEnabled]
Skipping this key.
Config file: D:\Programmazione\Mod\Only Excavators\FORGE\1.21.1\run-data\config\jei\jei-client.ini
Line #67: "	lookupFluidContentsEnabled = false"
[07mag2025 17:33:31.672] [modloading-worker-0/ERROR] [mezz.jei.common.config.file.ConfigSerializer/]: 'lookupBlockTagsEnabled' is not a valid config key for config category 'advanced'.
Valid keys: [catchRenderErrorsEnabled]
Skipping this key.
Config file: D:\Programmazione\Mod\Only Excavators\FORGE\1.21.1\run-data\config\jei\jei-client.ini
Line #72: "	lookupBlockTagsEnabled = true"
[07mag2025 17:33:31.672] [modloading-worker-0/ERROR] [mezz.jei.common.config.file.ConfigSerializer/]: 'showTagRecipesEnabled' is not a valid config key for config category 'advanced'.
Valid keys: [catchRenderErrorsEnabled]
Skipping this key.
Config file: D:\Programmazione\Mod\Only Excavators\FORGE\1.21.1\run-data\config\jei\jei-client.ini
Line #77: "	showTagRecipesEnabled = true"
[07mag2025 17:33:31.672] [modloading-worker-0/ERROR] [mezz.jei.common.config.file.ConfigSerializer/]: 'showCreativeTabNamesEnabled' is not a valid config key for config category 'advanced'.
Valid keys: [catchRenderErrorsEnabled]
Skipping this key.
Config file: D:\Programmazione\Mod\Only Excavators\FORGE\1.21.1\run-data\config\jei\jei-client.ini
Line #82: "	showCreativeTabNamesEnabled = false"
[07mag2025 17:33:31.673] [modloading-worker-0/ERROR] [mezz.jei.common.config.file.ConfigSerializer/]: 'IngredientSortStages' is not a valid config key for config category 'sorting'.
Valid keys: [ingredientSortStages, recipeSorterStages]
Skipping this key.
Config file: D:\Programmazione\Mod\Only Excavators\FORGE\1.21.1\run-data\config\jei\jei-client.ini
Line #102: "	IngredientSortStages = MOD_NAME, INGREDIENT_TYPE, CREATIVE_MENU"
[07mag2025 17:33:31.673] [modloading-worker-0/ERROR] [mezz.jei.common.config.file.ConfigSerializer/]: 'RecipeSorterStages' is not a valid config key for config category 'sorting'.
Valid keys: [ingredientSortStages, recipeSorterStages]
Skipping this key.
Config file: D:\Programmazione\Mod\Only Excavators\FORGE\1.21.1\run-data\config\jei\jei-client.ini
Line #108: "	RecipeSorterStages = BOOKMARKED, CRAFTABLE"
[07mag2025 17:33:31.673] [modloading-worker-0/ERROR] [mezz.jei.common.config.file.ConfigSerializer/]: '[tags]' is not a valid category name.
Valid names are: [appearance, cheating, bookmarks, tooltips, performance, lookups, advanced, input, sorting, search, ingredientList, bookmarkList]
Skipping all values until the first valid category is declared.
Config file: D:\Programmazione\Mod\Only Excavators\FORGE\1.21.1\run-data\config\jei\jei-client.ini
Line #111: "[tags]"
[07mag2025 17:33:31.673] [modloading-worker-0/ERROR] [mezz.jei.common.config.file.ConfigSerializer/]: Expected a '[category]' here.
Configs must start with a category before defining values.
Skipping all lines until the first valid category is declared.
Config file: D:\Programmazione\Mod\Only Excavators\FORGE\1.21.1\run-data\config\jei\jei-client.ini
Line #115: "	TagContentTooltipEnabled = true"
[07mag2025 17:33:31.673] [modloading-worker-0/ERROR] [mezz.jei.common.config.file.ConfigSerializer/]: Expected a '[category]' here.
Configs must start with a category before defining values.
Skipping all lines until the first valid category is declared.
Config file: D:\Programmazione\Mod\Only Excavators\FORGE\1.21.1\run-data\config\jei\jei-client.ini
Line #120: "	HideSingleIngredientTagsEnabled = true"
[07mag2025 17:33:31.673] [modloading-worker-0/ERROR] [mezz.jei.common.config.file.ConfigSerializer/]: 'ModNameSearchMode' is not a valid config key for config category 'search'.
Valid keys: [modNameSearchMode, tagSearchMode, tooltipSearchMode, colorSearchMode, resourceLocationSearchMode, creativeTabSearchMode, searchAdvancedTooltips, searchModIds, searchModAliases, searchShortModNames, searchIngredientAliases]
Skipping this key.
Config file: D:\Programmazione\Mod\Only Excavators\FORGE\1.21.1\run-data\config\jei\jei-client.ini
Line #127: "	ModNameSearchMode = REQUIRE_PREFIX"
[07mag2025 17:33:31.673] [modloading-worker-0/ERROR] [mezz.jei.common.config.file.ConfigSerializer/]: 'TooltipSearchMode' is not a valid config key for config category 'search'.
Valid keys: [modNameSearchMode, tagSearchMode, tooltipSearchMode, colorSearchMode, resourceLocationSearchMode, creativeTabSearchMode, searchAdvancedTooltips, searchModIds, searchModAliases, searchShortModNames, searchIngredientAliases]
Skipping this key.
Config file: D:\Programmazione\Mod\Only Excavators\FORGE\1.21.1\run-data\config\jei\jei-client.ini
Line #132: "	TooltipSearchMode = ENABLED"
[07mag2025 17:33:31.673] [modloading-worker-0/ERROR] [mezz.jei.common.config.file.ConfigSerializer/]: 'TagSearchMode' is not a valid config key for config category 'search'.
Valid keys: [modNameSearchMode, tagSearchMode, tooltipSearchMode, colorSearchMode, resourceLocationSearchMode, creativeTabSearchMode, searchAdvancedTooltips, searchModIds, searchModAliases, searchShortModNames, searchIngredientAliases]
Skipping this key.
Config file: D:\Programmazione\Mod\Only Excavators\FORGE\1.21.1\run-data\config\jei\jei-client.ini
Line #137: "	TagSearchMode = REQUIRE_PREFIX"
[07mag2025 17:33:31.673] [modloading-worker-0/ERROR] [mezz.jei.common.config.file.ConfigSerializer/]: 'ColorSearchMode' is not a valid config key for config category 'search'.
Valid keys: [modNameSearchMode, tagSearchMode, tooltipSearchMode, colorSearchMode, resourceLocationSearchMode, creativeTabSearchMode, searchAdvancedTooltips, searchModIds, searchModAliases, searchShortModNames, searchIngredientAliases]
Skipping this key.
Config file: D:\Programmazione\Mod\Only Excavators\FORGE\1.21.1\run-data\config\jei\jei-client.ini
Line #142: "	ColorSearchMode = DISABLED"
[07mag2025 17:33:31.673] [modloading-worker-0/ERROR] [mezz.jei.common.config.file.ConfigSerializer/]: 'ResourceLocationSearchMode' is not a valid config key for config category 'search'.
Valid keys: [modNameSearchMode, tagSearchMode, tooltipSearchMode, colorSearchMode, resourceLocationSearchMode, creativeTabSearchMode, searchAdvancedTooltips, searchModIds, searchModAliases, searchShortModNames, searchIngredientAliases]
Skipping this key.
Config file: D:\Programmazione\Mod\Only Excavators\FORGE\1.21.1\run-data\config\jei\jei-client.ini
Line #147: "	ResourceLocationSearchMode = DISABLED"
[07mag2025 17:33:31.673] [modloading-worker-0/ERROR] [mezz.jei.common.config.file.ConfigSerializer/]: 'CreativeTabSearchMode' is not a valid config key for config category 'search'.
Valid keys: [modNameSearchMode, tagSearchMode, tooltipSearchMode, colorSearchMode, resourceLocationSearchMode, creativeTabSearchMode, searchAdvancedTooltips, searchModIds, searchModAliases, searchShortModNames, searchIngredientAliases]
Skipping this key.
Config file: D:\Programmazione\Mod\Only Excavators\FORGE\1.21.1\run-data\config\jei\jei-client.ini
Line #152: "	CreativeTabSearchMode = DISABLED"
[07mag2025 17:33:31.673] [modloading-worker-0/ERROR] [mezz.jei.common.config.file.ConfigSerializer/]: 'SearchAdvancedTooltips' is not a valid config key for config category 'search'.
Valid keys: [modNameSearchMode, tagSearchMode, tooltipSearchMode, colorSearchMode, resourceLocationSearchMode, creativeTabSearchMode, searchAdvancedTooltips, searchModIds, searchModAliases, searchShortModNames, searchIngredientAliases]
Skipping this key.
Config file: D:\Programmazione\Mod\Only Excavators\FORGE\1.21.1\run-data\config\jei\jei-client.ini
Line #157: "	SearchAdvancedTooltips = false"
[07mag2025 17:33:31.673] [modloading-worker-0/ERROR] [mezz.jei.common.config.file.ConfigSerializer/]: 'SearchModIds' is not a valid config key for config category 'search'.
Valid keys: [modNameSearchMode, tagSearchMode, tooltipSearchMode, colorSearchMode, resourceLocationSearchMode, creativeTabSearchMode, searchAdvancedTooltips, searchModIds, searchModAliases, searchShortModNames, searchIngredientAliases]
Skipping this key.
Config file: D:\Programmazione\Mod\Only Excavators\FORGE\1.21.1\run-data\config\jei\jei-client.ini
Line #162: "	SearchModIds = true"
[07mag2025 17:33:31.673] [modloading-worker-0/ERROR] [mezz.jei.common.config.file.ConfigSerializer/]: 'SearchModAliases' is not a valid config key for config category 'search'.
Valid keys: [modNameSearchMode, tagSearchMode, tooltipSearchMode, colorSearchMode, resourceLocationSearchMode, creativeTabSearchMode, searchAdvancedTooltips, searchModIds, searchModAliases, searchShortModNames, searchIngredientAliases]
Skipping this key.
Config file: D:\Programmazione\Mod\Only Excavators\FORGE\1.21.1\run-data\config\jei\jei-client.ini
Line #167: "	SearchModAliases = true"
[07mag2025 17:33:31.673] [modloading-worker-0/ERROR] [mezz.jei.common.config.file.ConfigSerializer/]: 'SearchShortModNames' is not a valid config key for config category 'search'.
Valid keys: [modNameSearchMode, tagSearchMode, tooltipSearchMode, colorSearchMode, resourceLocationSearchMode, creativeTabSearchMode, searchAdvancedTooltips, searchModIds, searchModAliases, searchShortModNames, searchIngredientAliases]
Skipping this key.
Config file: D:\Programmazione\Mod\Only Excavators\FORGE\1.21.1\run-data\config\jei\jei-client.ini
Line #172: "	SearchShortModNames = true"
[07mag2025 17:33:31.673] [modloading-worker-0/ERROR] [mezz.jei.common.config.file.ConfigSerializer/]: 'SearchIngredientAliases' is not a valid config key for config category 'search'.
Valid keys: [modNameSearchMode, tagSearchMode, tooltipSearchMode, colorSearchMode, resourceLocationSearchMode, creativeTabSearchMode, searchAdvancedTooltips, searchModIds, searchModAliases, searchShortModNames, searchIngredientAliases]
Skipping this key.
Config file: D:\Programmazione\Mod\Only Excavators\FORGE\1.21.1\run-data\config\jei\jei-client.ini
Line #177: "	SearchIngredientAliases = true"
[07mag2025 17:33:31.673] [modloading-worker-0/ERROR] [mezz.jei.common.config.file.ConfigSerializer/]: '[IngredientList]' is not a valid category name.
Valid names are: [appearance, cheating, bookmarks, tooltips, performance, lookups, advanced, input, sorting, search, ingredientList, bookmarkList]
Skipping all values until the first valid category is declared.
Config file: D:\Programmazione\Mod\Only Excavators\FORGE\1.21.1\run-data\config\jei\jei-client.ini
Line #180: "[IngredientList]"
[07mag2025 17:33:31.674] [modloading-worker-0/ERROR] [mezz.jei.common.config.file.ConfigSerializer/]: Expected a '[category]' here.
Configs must start with a category before defining values.
Skipping all lines until the first valid category is declared.
Config file: D:\Programmazione\Mod\Only Excavators\FORGE\1.21.1\run-data\config\jei\jei-client.ini
Line #184: "	MaxRows = 16"
[07mag2025 17:33:31.674] [modloading-worker-0/ERROR] [mezz.jei.common.config.file.ConfigSerializer/]: Expected a '[category]' here.
Configs must start with a category before defining values.
Skipping all lines until the first valid category is declared.
Config file: D:\Programmazione\Mod\Only Excavators\FORGE\1.21.1\run-data\config\jei\jei-client.ini
Line #189: "	MaxColumns = 9"
[07mag2025 17:33:31.674] [modloading-worker-0/ERROR] [mezz.jei.common.config.file.ConfigSerializer/]: Expected a '[category]' here.
Configs must start with a category before defining values.
Skipping all lines until the first valid category is declared.
Config file: D:\Programmazione\Mod\Only Excavators\FORGE\1.21.1\run-data\config\jei\jei-client.ini
Line #194: "	HorizontalAlignment = RIGHT"
[07mag2025 17:33:31.674] [modloading-worker-0/ERROR] [mezz.jei.common.config.file.ConfigSerializer/]: Expected a '[category]' here.
Configs must start with a category before defining values.
Skipping all lines until the first valid category is declared.
Config file: D:\Programmazione\Mod\Only Excavators\FORGE\1.21.1\run-data\config\jei\jei-client.ini
Line #199: "	VerticalAlignment = TOP"
[07mag2025 17:33:31.674] [modloading-worker-0/ERROR] [mezz.jei.common.config.file.ConfigSerializer/]: Expected a '[category]' here.
Configs must start with a category before defining values.
Skipping all lines until the first valid category is declared.
Config file: D:\Programmazione\Mod\Only Excavators\FORGE\1.21.1\run-data\config\jei\jei-client.ini
Line #204: "	ButtonNavigationVisibility = ENABLED"
[07mag2025 17:33:31.674] [modloading-worker-0/ERROR] [mezz.jei.common.config.file.ConfigSerializer/]: Expected a '[category]' here.
Configs must start with a category before defining values.
Skipping all lines until the first valid category is declared.
Config file: D:\Programmazione\Mod\Only Excavators\FORGE\1.21.1\run-data\config\jei\jei-client.ini
Line #209: "	DrawBackground = false"
[07mag2025 17:33:31.674] [modloading-worker-0/ERROR] [mezz.jei.common.config.file.ConfigSerializer/]: '[BookmarkList]' is not a valid category name.
Valid names are: [appearance, cheating, bookmarks, tooltips, performance, lookups, advanced, input, sorting, search, ingredientList, bookmarkList]
Skipping all values until the first valid category is declared.
Config file: D:\Programmazione\Mod\Only Excavators\FORGE\1.21.1\run-data\config\jei\jei-client.ini
Line #212: "[BookmarkList]"
[07mag2025 17:33:31.674] [modloading-worker-0/ERROR] [mezz.jei.common.config.file.ConfigSerializer/]: Expected a '[category]' here.
Configs must start with a category before defining values.
Skipping all lines until the first valid category is declared.
Config file: D:\Programmazione\Mod\Only Excavators\FORGE\1.21.1\run-data\config\jei\jei-client.ini
Line #216: "	MaxRows = 16"
[07mag2025 17:33:31.674] [modloading-worker-0/ERROR] [mezz.jei.common.config.file.ConfigSerializer/]: Expected a '[category]' here.
Configs must start with a category before defining values.
Skipping all lines until the first valid category is declared.
Config file: D:\Programmazione\Mod\Only Excavators\FORGE\1.21.1\run-data\config\jei\jei-client.ini
Line #221: "	MaxColumns = 9"
[07mag2025 17:33:31.674] [modloading-worker-0/ERROR] [mezz.jei.common.config.file.ConfigSerializer/]: Expected a '[category]' here.
Configs must start with a category before defining values.
Skipping all lines until the first valid category is declared.
Config file: D:\Programmazione\Mod\Only Excavators\FORGE\1.21.1\run-data\config\jei\jei-client.ini
Line #226: "	HorizontalAlignment = LEFT"
[07mag2025 17:33:31.674] [modloading-worker-0/ERROR] [mezz.jei.common.config.file.ConfigSerializer/]: Expected a '[category]' here.
Configs must start with a category before defining values.
Skipping all lines until the first valid category is declared.
Config file: D:\Programmazione\Mod\Only Excavators\FORGE\1.21.1\run-data\config\jei\jei-client.ini
Line #231: "	VerticalAlignment = TOP"
[07mag2025 17:33:31.674] [modloading-worker-0/ERROR] [mezz.jei.common.config.file.ConfigSerializer/]: Expected a '[category]' here.
Configs must start with a category before defining values.
Skipping all lines until the first valid category is declared.
Config file: D:\Programmazione\Mod\Only Excavators\FORGE\1.21.1\run-data\config\jei\jei-client.ini
Line #236: "	ButtonNavigationVisibility = ENABLED"
[07mag2025 17:33:31.674] [modloading-worker-0/ERROR] [mezz.jei.common.config.file.ConfigSerializer/]: Expected a '[category]' here.
Configs must start with a category before defining values.
Skipping all lines until the first valid category is declared.
Config file: D:\Programmazione\Mod\Only Excavators\FORGE\1.21.1\run-data\config\jei\jei-client.ini
Line #241: "	DrawBackground = false"
[07mag2025 17:33:31.674] [modloading-worker-0/DEBUG] [mezz.jei.common.config.file.ConfigSchema/]: Localization has not loaded yet, waiting to save the config file until JEI starts.
[07mag2025 17:33:31.683] [modloading-worker-0/INFO] [mezz.jei.library.load.PluginCaller/]: Sending ConfigManager...
[07mag2025 17:33:31.686] [modloading-worker-0/DEBUG] [mezz.jei.library.load.PluginCallerTimerRunnable/]: Sending ConfigManager: jei:minecraft...
[07mag2025 17:33:31.686] [modloading-worker-0/DEBUG] [mezz.jei.library.load.PluginCallerTimerRunnable/]: Sending ConfigManager: jei:debug...
[07mag2025 17:33:31.686] [modloading-worker-0/DEBUG] [mezz.jei.library.load.PluginCallerTimerRunnable/]: Sending ConfigManager: jei:gui...
[07mag2025 17:33:31.686] [modloading-worker-0/DEBUG] [mezz.jei.library.load.PluginCallerTimerRunnable/]: Sending ConfigManager: jei:forge_gui...
[07mag2025 17:33:31.686] [modloading-worker-0/DEBUG] [mezz.jei.library.load.PluginCallerTimerRunnable/]: Sending ConfigManager: jei:internal...
[07mag2025 17:33:31.687] [modloading-worker-0/INFO] [mezz.jei.library.load.PluginCaller/]: Sending ConfigManager took 1.810 ms
[07mag2025 17:33:31.692] [modloading-worker-0/DEBUG] [net.minecraftforge.fml.javafmlmod.AutomaticEventSubscriber/LOADING]: Attempting to inject @EventBusSubscriber classes into the eventbus for jei
[07mag2025 17:33:31.700] [main/DEBUG] [net.minecraftforge.registries.ObjectHolderRegistry/REGISTRIES]: Processing ObjectHolder annotations
[07mag2025 17:33:31.703] [main/DEBUG] [net.minecraftforge.common.capabilities.CapabilityManager/CAPABILITIES]: Attempting to automatically register: Lnet/minecraftforge/energy/IEnergyStorage;
[07mag2025 17:33:31.705] [main/DEBUG] [net.minecraftforge.common.capabilities.CapabilityManager/CAPABILITIES]: Attempting to automatically register: Lnet/minecraftforge/fluids/capability/IFluidHandler;
[07mag2025 17:33:31.705] [main/DEBUG] [net.minecraftforge.common.capabilities.CapabilityManager/CAPABILITIES]: Attempting to automatically register: Lnet/minecraftforge/fluids/capability/IFluidHandlerItem;
[07mag2025 17:33:31.705] [main/DEBUG] [net.minecraftforge.common.capabilities.CapabilityManager/CAPABILITIES]: Attempting to automatically register: Lnet/minecraftforge/items/IItemHandler;
[07mag2025 17:33:31.706] [main/DEBUG] [net.minecraftforge.registries.GameData/REGISTRIES]: Unfreezing vanilla registries
[07mag2025 17:33:31.707] [main/DEBUG] [net.minecraftforge.registries.GameData/REGISTRIES]: Applying holder lookups: minecraft:sound_event
[07mag2025 17:33:31.707] [main/DEBUG] [net.minecraftforge.registries.GameData/REGISTRIES]: Holder lookups applied: minecraft:sound_event
[07mag2025 17:33:31.707] [main/DEBUG] [net.minecraftforge.registries.GameData/REGISTRIES]: Applying holder lookups: minecraft:fluid
[07mag2025 17:33:31.707] [main/DEBUG] [net.minecraftforge.registries.GameData/REGISTRIES]: Holder lookups applied: minecraft:fluid
[07mag2025 17:33:31.707] [main/DEBUG] [net.minecraftforge.registries.GameData/REGISTRIES]: Applying holder lookups: minecraft:block
[07mag2025 17:33:31.707] [main/DEBUG] [net.minecraftforge.registries.GameData/REGISTRIES]: Holder lookups applied: minecraft:block
[07mag2025 17:33:31.708] [main/DEBUG] [net.minecraftforge.registries.GameData/REGISTRIES]: Applying holder lookups: minecraft:attribute
[07mag2025 17:33:31.708] [main/DEBUG] [net.minecraftforge.registries.GameData/REGISTRIES]: Holder lookups applied: minecraft:attribute
[07mag2025 17:33:31.708] [main/DEBUG] [net.minecraftforge.registries.GameData/REGISTRIES]: Applying holder lookups: minecraft:mob_effect
[07mag2025 17:33:31.708] [main/DEBUG] [net.minecraftforge.registries.GameData/REGISTRIES]: Holder lookups applied: minecraft:mob_effect
[07mag2025 17:33:31.708] [main/DEBUG] [net.minecraftforge.registries.GameData/REGISTRIES]: Applying holder lookups: minecraft:particle_type
[07mag2025 17:33:31.708] [main/DEBUG] [net.minecraftforge.registries.GameData/REGISTRIES]: Holder lookups applied: minecraft:particle_type
[07mag2025 17:33:31.708] [main/DEBUG] [net.minecraftforge.registries.GameData/REGISTRIES]: Applying holder lookups: minecraft:data_component_type
[07mag2025 17:33:31.708] [main/DEBUG] [net.minecraftforge.registries.GameData/REGISTRIES]: Holder lookups applied: minecraft:data_component_type
[07mag2025 17:33:31.708] [main/DEBUG] [net.minecraftforge.registries.GameData/REGISTRIES]: Applying holder lookups: minecraft:enchantment_effect_component_type
[07mag2025 17:33:31.708] [main/DEBUG] [net.minecraftforge.registries.GameData/REGISTRIES]: Holder lookups applied: minecraft:enchantment_effect_component_type
[07mag2025 17:33:31.711] [main/DEBUG] [net.minecraftforge.registries.GameData/REGISTRIES]: Applying holder lookups: minecraft:item
[07mag2025 17:33:31.711] [main/DEBUG] [net.minecraftforge.registries.GameData/REGISTRIES]: Holder lookups applied: minecraft:item
[07mag2025 17:33:31.711] [main/DEBUG] [net.minecraftforge.registries.GameData/REGISTRIES]: Applying holder lookups: minecraft:entity_type
[07mag2025 17:33:31.711] [main/DEBUG] [net.minecraftforge.registries.GameData/REGISTRIES]: Holder lookups applied: minecraft:entity_type
[07mag2025 17:33:31.711] [main/DEBUG] [net.minecraftforge.registries.GameData/REGISTRIES]: Applying holder lookups: minecraft:armor_material
[07mag2025 17:33:31.711] [main/DEBUG] [net.minecraftforge.registries.GameData/REGISTRIES]: Holder lookups applied: minecraft:armor_material
[07mag2025 17:33:31.711] [main/DEBUG] [net.minecraftforge.registries.GameData/REGISTRIES]: Applying holder lookups: minecraft:game_event
[07mag2025 17:33:31.711] [main/DEBUG] [net.minecraftforge.registries.GameData/REGISTRIES]: Holder lookups applied: minecraft:game_event
[07mag2025 17:33:31.712] [main/DEBUG] [net.minecraftforge.registries.GameData/REGISTRIES]: Applying holder lookups: minecraft:potion
[07mag2025 17:33:31.712] [main/DEBUG] [net.minecraftforge.registries.GameData/REGISTRIES]: Holder lookups applied: minecraft:potion
[07mag2025 17:33:31.712] [main/DEBUG] [net.minecraftforge.registries.GameData/REGISTRIES]: Applying holder lookups: minecraft:block_entity_type
[07mag2025 17:33:31.712] [main/DEBUG] [net.minecraftforge.registries.GameData/REGISTRIES]: Holder lookups applied: minecraft:block_entity_type
[07mag2025 17:33:31.712] [main/DEBUG] [net.minecraftforge.registries.GameData/REGISTRIES]: Applying holder lookups: minecraft:stat_type
[07mag2025 17:33:31.712] [main/DEBUG] [net.minecraftforge.registries.GameData/REGISTRIES]: Holder lookups applied: minecraft:stat_type
[07mag2025 17:33:31.712] [main/DEBUG] [net.minecraftforge.registries.GameData/REGISTRIES]: Applying holder lookups: minecraft:custom_stat
[07mag2025 17:33:31.712] [main/DEBUG] [net.minecraftforge.registries.GameData/REGISTRIES]: Holder lookups applied: minecraft:custom_stat
[07mag2025 17:33:31.712] [main/DEBUG] [net.minecraftforge.registries.GameData/REGISTRIES]: Applying holder lookups: minecraft:chunk_status
[07mag2025 17:33:31.712] [main/DEBUG] [net.minecraftforge.registries.GameData/REGISTRIES]: Holder lookups applied: minecraft:chunk_status
[07mag2025 17:33:31.712] [main/DEBUG] [net.minecraftforge.registries.GameData/REGISTRIES]: Applying holder lookups: minecraft:rule_test
[07mag2025 17:33:31.712] [main/DEBUG] [net.minecraftforge.registries.GameData/REGISTRIES]: Holder lookups applied: minecraft:rule_test
[07mag2025 17:33:31.712] [main/DEBUG] [net.minecraftforge.registries.GameData/REGISTRIES]: Applying holder lookups: minecraft:rule_block_entity_modifier
[07mag2025 17:33:31.712] [main/DEBUG] [net.minecraftforge.registries.GameData/REGISTRIES]: Holder lookups applied: minecraft:rule_block_entity_modifier
[07mag2025 17:33:31.712] [main/DEBUG] [net.minecraftforge.registries.GameData/REGISTRIES]: Applying holder lookups: minecraft:pos_rule_test
[07mag2025 17:33:31.712] [main/DEBUG] [net.minecraftforge.registries.GameData/REGISTRIES]: Holder lookups applied: minecraft:pos_rule_test
[07mag2025 17:33:31.712] [main/DEBUG] [net.minecraftforge.registries.GameData/REGISTRIES]: Applying holder lookups: minecraft:menu
[07mag2025 17:33:31.712] [main/DEBUG] [net.minecraftforge.registries.GameData/REGISTRIES]: Holder lookups applied: minecraft:menu
[07mag2025 17:33:31.712] [main/DEBUG] [net.minecraftforge.registries.GameData/REGISTRIES]: Applying holder lookups: minecraft:recipe_type
[07mag2025 17:33:31.712] [main/DEBUG] [net.minecraftforge.registries.GameData/REGISTRIES]: Holder lookups applied: minecraft:recipe_type
[07mag2025 17:33:31.715] [main/DEBUG] [net.minecraftforge.registries.GameData/REGISTRIES]: Applying holder lookups: minecraft:recipe_serializer
[07mag2025 17:33:31.715] [main/DEBUG] [net.minecraftforge.registries.GameData/REGISTRIES]: Holder lookups applied: minecraft:recipe_serializer
[07mag2025 17:33:31.715] [main/DEBUG] [net.minecraftforge.registries.GameData/REGISTRIES]: Applying holder lookups: minecraft:position_source_type
[07mag2025 17:33:31.715] [main/DEBUG] [net.minecraftforge.registries.GameData/REGISTRIES]: Holder lookups applied: minecraft:position_source_type
[07mag2025 17:33:31.716] [main/DEBUG] [net.minecraftforge.registries.GameData/REGISTRIES]: Applying holder lookups: minecraft:command_argument_type
[07mag2025 17:33:31.716] [main/DEBUG] [net.minecraftforge.registries.GameData/REGISTRIES]: Holder lookups applied: minecraft:command_argument_type
[07mag2025 17:33:31.716] [main/DEBUG] [net.minecraftforge.registries.GameData/REGISTRIES]: Applying holder lookups: minecraft:villager_type
[07mag2025 17:33:31.716] [main/DEBUG] [net.minecraftforge.registries.GameData/REGISTRIES]: Holder lookups applied: minecraft:villager_type
[07mag2025 17:33:31.716] [main/DEBUG] [net.minecraftforge.registries.GameData/REGISTRIES]: Applying holder lookups: minecraft:villager_profession
[07mag2025 17:33:31.716] [main/DEBUG] [net.minecraftforge.registries.GameData/REGISTRIES]: Holder lookups applied: minecraft:villager_profession
[07mag2025 17:33:31.716] [main/DEBUG] [net.minecraftforge.registries.GameData/REGISTRIES]: Applying holder lookups: minecraft:point_of_interest_type
[07mag2025 17:33:31.716] [main/DEBUG] [net.minecraftforge.registries.GameData/REGISTRIES]: Holder lookups applied: minecraft:point_of_interest_type
[07mag2025 17:33:31.716] [main/DEBUG] [net.minecraftforge.registries.GameData/REGISTRIES]: Applying holder lookups: minecraft:memory_module_type
[07mag2025 17:33:31.716] [main/DEBUG] [net.minecraftforge.registries.GameData/REGISTRIES]: Holder lookups applied: minecraft:memory_module_type
[07mag2025 17:33:31.716] [main/DEBUG] [net.minecraftforge.registries.GameData/REGISTRIES]: Applying holder lookups: minecraft:sensor_type
[07mag2025 17:33:31.716] [main/DEBUG] [net.minecraftforge.registries.GameData/REGISTRIES]: Holder lookups applied: minecraft:sensor_type
[07mag2025 17:33:31.716] [main/DEBUG] [net.minecraftforge.registries.GameData/REGISTRIES]: Applying holder lookups: minecraft:schedule
[07mag2025 17:33:31.716] [main/DEBUG] [net.minecraftforge.registries.GameData/REGISTRIES]: Holder lookups applied: minecraft:schedule
[07mag2025 17:33:31.716] [main/DEBUG] [net.minecraftforge.registries.GameData/REGISTRIES]: Applying holder lookups: minecraft:activity
[07mag2025 17:33:31.716] [main/DEBUG] [net.minecraftforge.registries.GameData/REGISTRIES]: Holder lookups applied: minecraft:activity
[07mag2025 17:33:31.716] [main/DEBUG] [net.minecraftforge.registries.GameData/REGISTRIES]: Applying holder lookups: minecraft:loot_number_provider_type
[07mag2025 17:33:31.716] [main/DEBUG] [net.minecraftforge.registries.GameData/REGISTRIES]: Holder lookups applied: minecraft:loot_number_provider_type
[07mag2025 17:33:31.716] [main/DEBUG] [net.minecraftforge.registries.GameData/REGISTRIES]: Applying holder lookups: minecraft:loot_score_provider_type
[07mag2025 17:33:31.716] [main/DEBUG] [net.minecraftforge.registries.GameData/REGISTRIES]: Holder lookups applied: minecraft:loot_score_provider_type
[07mag2025 17:33:31.716] [main/DEBUG] [net.minecraftforge.registries.GameData/REGISTRIES]: Applying holder lookups: minecraft:loot_function_type
[07mag2025 17:33:31.717] [main/DEBUG] [net.minecraftforge.registries.GameData/REGISTRIES]: Holder lookups applied: minecraft:loot_function_type
[07mag2025 17:33:31.717] [main/DEBUG] [net.minecraftforge.registries.GameData/REGISTRIES]: Applying holder lookups: minecraft:map_decoration_type
[07mag2025 17:33:31.717] [main/DEBUG] [net.minecraftforge.registries.GameData/REGISTRIES]: Holder lookups applied: minecraft:map_decoration_type
[07mag2025 17:33:31.717] [main/DEBUG] [net.minecraftforge.registries.GameData/REGISTRIES]: Applying holder lookups: minecraft:loot_nbt_provider_type
[07mag2025 17:33:31.717] [main/DEBUG] [net.minecraftforge.registries.GameData/REGISTRIES]: Holder lookups applied: minecraft:loot_nbt_provider_type
[07mag2025 17:33:31.717] [main/DEBUG] [net.minecraftforge.registries.GameData/REGISTRIES]: Applying holder lookups: minecraft:loot_pool_entry_type
[07mag2025 17:33:31.717] [main/DEBUG] [net.minecraftforge.registries.GameData/REGISTRIES]: Holder lookups applied: minecraft:loot_pool_entry_type
[07mag2025 17:33:31.718] [main/DEBUG] [net.minecraftforge.registries.GameData/REGISTRIES]: Applying holder lookups: minecraft:loot_condition_type
[07mag2025 17:33:31.720] [main/DEBUG] [net.minecraftforge.registries.GameData/REGISTRIES]: Holder lookups applied: minecraft:loot_condition_type
[07mag2025 17:33:31.720] [main/DEBUG] [net.minecraftforge.registries.GameData/REGISTRIES]: Applying holder lookups: minecraft:float_provider_type
[07mag2025 17:33:31.720] [main/DEBUG] [net.minecraftforge.registries.GameData/REGISTRIES]: Holder lookups applied: minecraft:float_provider_type
[07mag2025 17:33:31.720] [main/DEBUG] [net.minecraftforge.registries.GameData/REGISTRIES]: Applying holder lookups: minecraft:int_provider_type
[07mag2025 17:33:31.720] [main/DEBUG] [net.minecraftforge.registries.GameData/REGISTRIES]: Holder lookups applied: minecraft:int_provider_type
[07mag2025 17:33:31.720] [main/DEBUG] [net.minecraftforge.registries.GameData/REGISTRIES]: Applying holder lookups: minecraft:height_provider_type
[07mag2025 17:33:31.720] [main/DEBUG] [net.minecraftforge.registries.GameData/REGISTRIES]: Holder lookups applied: minecraft:height_provider_type
[07mag2025 17:33:31.720] [main/DEBUG] [net.minecraftforge.registries.GameData/REGISTRIES]: Applying holder lookups: minecraft:block_predicate_type
[07mag2025 17:33:31.720] [main/DEBUG] [net.minecraftforge.registries.GameData/REGISTRIES]: Holder lookups applied: minecraft:block_predicate_type
[07mag2025 17:33:31.720] [main/DEBUG] [net.minecraftforge.registries.GameData/REGISTRIES]: Applying holder lookups: minecraft:worldgen/carver
[07mag2025 17:33:31.720] [main/DEBUG] [net.minecraftforge.registries.GameData/REGISTRIES]: Holder lookups applied: minecraft:worldgen/carver
[07mag2025 17:33:31.720] [main/DEBUG] [net.minecraftforge.registries.GameData/REGISTRIES]: Applying holder lookups: minecraft:worldgen/feature
[07mag2025 17:33:31.720] [main/DEBUG] [net.minecraftforge.registries.GameData/REGISTRIES]: Holder lookups applied: minecraft:worldgen/feature
[07mag2025 17:33:31.720] [main/DEBUG] [net.minecraftforge.registries.GameData/REGISTRIES]: Applying holder lookups: minecraft:worldgen/structure_processor
[07mag2025 17:33:31.720] [main/DEBUG] [net.minecraftforge.registries.GameData/REGISTRIES]: Holder lookups applied: minecraft:worldgen/structure_processor
[07mag2025 17:33:31.720] [main/DEBUG] [net.minecraftforge.registries.GameData/REGISTRIES]: Applying holder lookups: minecraft:worldgen/structure_placement
[07mag2025 17:33:31.720] [main/DEBUG] [net.minecraftforge.registries.GameData/REGISTRIES]: Holder lookups applied: minecraft:worldgen/structure_placement
[07mag2025 17:33:31.720] [main/DEBUG] [net.minecraftforge.registries.GameData/REGISTRIES]: Applying holder lookups: minecraft:worldgen/structure_piece
[07mag2025 17:33:31.720] [main/DEBUG] [net.minecraftforge.registries.GameData/REGISTRIES]: Holder lookups applied: minecraft:worldgen/structure_piece
[07mag2025 17:33:31.720] [main/DEBUG] [net.minecraftforge.registries.GameData/REGISTRIES]: Applying holder lookups: minecraft:worldgen/structure_type
[07mag2025 17:33:31.720] [main/DEBUG] [net.minecraftforge.registries.GameData/REGISTRIES]: Holder lookups applied: minecraft:worldgen/structure_type
[07mag2025 17:33:31.720] [main/DEBUG] [net.minecraftforge.registries.GameData/REGISTRIES]: Applying holder lookups: minecraft:worldgen/placement_modifier_type
[07mag2025 17:33:31.721] [main/DEBUG] [net.minecraftforge.registries.GameData/REGISTRIES]: Holder lookups applied: minecraft:worldgen/placement_modifier_type
[07mag2025 17:33:31.721] [main/DEBUG] [net.minecraftforge.registries.GameData/REGISTRIES]: Applying holder lookups: minecraft:worldgen/block_state_provider_type
[07mag2025 17:33:31.721] [main/DEBUG] [net.minecraftforge.registries.GameData/REGISTRIES]: Holder lookups applied: minecraft:worldgen/block_state_provider_type
[07mag2025 17:33:31.721] [main/DEBUG] [net.minecraftforge.registries.GameData/REGISTRIES]: Applying holder lookups: minecraft:worldgen/foliage_placer_type
[07mag2025 17:33:31.721] [main/DEBUG] [net.minecraftforge.registries.GameData/REGISTRIES]: Holder lookups applied: minecraft:worldgen/foliage_placer_type
[07mag2025 17:33:31.721] [main/DEBUG] [net.minecraftforge.registries.GameData/REGISTRIES]: Applying holder lookups: minecraft:worldgen/trunk_placer_type
[07mag2025 17:33:31.721] [main/DEBUG] [net.minecraftforge.registries.GameData/REGISTRIES]: Holder lookups applied: minecraft:worldgen/trunk_placer_type
[07mag2025 17:33:31.721] [main/DEBUG] [net.minecraftforge.registries.GameData/REGISTRIES]: Applying holder lookups: minecraft:worldgen/root_placer_type
[07mag2025 17:33:31.721] [main/DEBUG] [net.minecraftforge.registries.GameData/REGISTRIES]: Holder lookups applied: minecraft:worldgen/root_placer_type
[07mag2025 17:33:31.721] [main/DEBUG] [net.minecraftforge.registries.GameData/REGISTRIES]: Applying holder lookups: minecraft:worldgen/tree_decorator_type
[07mag2025 17:33:31.721] [main/DEBUG] [net.minecraftforge.registries.GameData/REGISTRIES]: Holder lookups applied: minecraft:worldgen/tree_decorator_type
[07mag2025 17:33:31.721] [main/DEBUG] [net.minecraftforge.registries.GameData/REGISTRIES]: Applying holder lookups: minecraft:worldgen/feature_size_type
[07mag2025 17:33:31.721] [main/DEBUG] [net.minecraftforge.registries.GameData/REGISTRIES]: Holder lookups applied: minecraft:worldgen/feature_size_type
[07mag2025 17:33:31.721] [main/DEBUG] [net.minecraftforge.registries.GameData/REGISTRIES]: Applying holder lookups: minecraft:worldgen/biome_source
[07mag2025 17:33:31.721] [main/DEBUG] [net.minecraftforge.registries.GameData/REGISTRIES]: Holder lookups applied: minecraft:worldgen/biome_source
[07mag2025 17:33:31.721] [main/DEBUG] [net.minecraftforge.registries.GameData/REGISTRIES]: Applying holder lookups: minecraft:worldgen/chunk_generator
[07mag2025 17:33:31.721] [main/DEBUG] [net.minecraftforge.registries.GameData/REGISTRIES]: Holder lookups applied: minecraft:worldgen/chunk_generator
[07mag2025 17:33:31.721] [main/DEBUG] [net.minecraftforge.registries.GameData/REGISTRIES]: Applying holder lookups: minecraft:worldgen/material_condition
[07mag2025 17:33:31.721] [main/DEBUG] [net.minecraftforge.registries.GameData/REGISTRIES]: Holder lookups applied: minecraft:worldgen/material_condition
[07mag2025 17:33:31.721] [main/DEBUG] [net.minecraftforge.registries.GameData/REGISTRIES]: Applying holder lookups: minecraft:worldgen/material_rule
[07mag2025 17:33:31.721] [main/DEBUG] [net.minecraftforge.registries.GameData/REGISTRIES]: Holder lookups applied: minecraft:worldgen/material_rule
[07mag2025 17:33:31.721] [main/DEBUG] [net.minecraftforge.registries.GameData/REGISTRIES]: Applying holder lookups: minecraft:worldgen/density_function_type
[07mag2025 17:33:31.721] [main/DEBUG] [net.minecraftforge.registries.GameData/REGISTRIES]: Holder lookups applied: minecraft:worldgen/density_function_type
[07mag2025 17:33:31.721] [main/DEBUG] [net.minecraftforge.registries.GameData/REGISTRIES]: Applying holder lookups: minecraft:block_type
[07mag2025 17:33:31.721] [main/DEBUG] [net.minecraftforge.registries.GameData/REGISTRIES]: Holder lookups applied: minecraft:block_type
[07mag2025 17:33:31.721] [main/DEBUG] [net.minecraftforge.registries.GameData/REGISTRIES]: Applying holder lookups: minecraft:worldgen/structure_pool_element
[07mag2025 17:33:31.722] [main/DEBUG] [net.minecraftforge.registries.GameData/REGISTRIES]: Holder lookups applied: minecraft:worldgen/structure_pool_element
[07mag2025 17:33:31.722] [main/DEBUG] [net.minecraftforge.registries.GameData/REGISTRIES]: Applying holder lookups: minecraft:worldgen/pool_alias_binding
[07mag2025 17:33:31.722] [main/DEBUG] [net.minecraftforge.registries.GameData/REGISTRIES]: Holder lookups applied: minecraft:worldgen/pool_alias_binding
[07mag2025 17:33:31.722] [main/DEBUG] [net.minecraftforge.registries.GameData/REGISTRIES]: Applying holder lookups: minecraft:cat_variant
[07mag2025 17:33:31.722] [main/DEBUG] [net.minecraftforge.registries.GameData/REGISTRIES]: Holder lookups applied: minecraft:cat_variant
[07mag2025 17:33:31.722] [main/DEBUG] [net.minecraftforge.registries.GameData/REGISTRIES]: Applying holder lookups: minecraft:frog_variant
[07mag2025 17:33:31.722] [main/DEBUG] [net.minecraftforge.registries.GameData/REGISTRIES]: Holder lookups applied: minecraft:frog_variant
[07mag2025 17:33:31.722] [main/DEBUG] [net.minecraftforge.registries.GameData/REGISTRIES]: Applying holder lookups: minecraft:instrument
[07mag2025 17:33:31.722] [main/DEBUG] [net.minecraftforge.registries.GameData/REGISTRIES]: Holder lookups applied: minecraft:instrument
[07mag2025 17:33:31.722] [main/DEBUG] [net.minecraftforge.registries.GameData/REGISTRIES]: Applying holder lookups: minecraft:decorated_pot_pattern
[07mag2025 17:33:31.722] [main/DEBUG] [net.minecraftforge.registries.GameData/REGISTRIES]: Holder lookups applied: minecraft:decorated_pot_pattern
[07mag2025 17:33:31.723] [main/DEBUG] [net.minecraftforge.registries.GameData/REGISTRIES]: Applying holder lookups: minecraft:creative_mode_tab
[07mag2025 17:33:31.723] [main/DEBUG] [net.minecraftforge.registries.GameData/REGISTRIES]: Holder lookups applied: minecraft:creative_mode_tab
[07mag2025 17:33:31.723] [main/DEBUG] [net.minecraftforge.registries.GameData/REGISTRIES]: Applying holder lookups: minecraft:trigger_type
[07mag2025 17:33:31.723] [main/DEBUG] [net.minecraftforge.registries.GameData/REGISTRIES]: Holder lookups applied: minecraft:trigger_type
[07mag2025 17:33:31.723] [main/DEBUG] [net.minecraftforge.registries.GameData/REGISTRIES]: Applying holder lookups: minecraft:number_format_type
[07mag2025 17:33:31.723] [main/DEBUG] [net.minecraftforge.registries.GameData/REGISTRIES]: Holder lookups applied: minecraft:number_format_type
[07mag2025 17:33:31.723] [main/DEBUG] [net.minecraftforge.registries.GameData/REGISTRIES]: Applying holder lookups: minecraft:entity_sub_predicate_type
[07mag2025 17:33:31.723] [main/DEBUG] [net.minecraftforge.registries.GameData/REGISTRIES]: Holder lookups applied: minecraft:entity_sub_predicate_type
[07mag2025 17:33:31.723] [main/DEBUG] [net.minecraftforge.registries.GameData/REGISTRIES]: Applying holder lookups: minecraft:item_sub_predicate_type
[07mag2025 17:33:31.723] [main/DEBUG] [net.minecraftforge.registries.GameData/REGISTRIES]: Holder lookups applied: minecraft:item_sub_predicate_type
[07mag2025 17:33:31.723] [main/DEBUG] [net.minecraftforge.registries.GameData/REGISTRIES]: Applying holder lookups: minecraft:enchantment_level_based_value_type
[07mag2025 17:33:31.723] [main/DEBUG] [net.minecraftforge.registries.GameData/REGISTRIES]: Holder lookups applied: minecraft:enchantment_level_based_value_type
[07mag2025 17:33:31.723] [main/DEBUG] [net.minecraftforge.registries.GameData/REGISTRIES]: Applying holder lookups: minecraft:enchantment_entity_effect_type
[07mag2025 17:33:31.723] [main/DEBUG] [net.minecraftforge.registries.GameData/REGISTRIES]: Holder lookups applied: minecraft:enchantment_entity_effect_type
[07mag2025 17:33:31.723] [main/DEBUG] [net.minecraftforge.registries.GameData/REGISTRIES]: Applying holder lookups: minecraft:enchantment_location_based_effect_type
[07mag2025 17:33:31.723] [main/DEBUG] [net.minecraftforge.registries.GameData/REGISTRIES]: Holder lookups applied: minecraft:enchantment_location_based_effect_type
[07mag2025 17:33:31.723] [main/DEBUG] [net.minecraftforge.registries.GameData/REGISTRIES]: Applying holder lookups: minecraft:enchantment_value_effect_type
[07mag2025 17:33:31.723] [main/DEBUG] [net.minecraftforge.registries.GameData/REGISTRIES]: Holder lookups applied: minecraft:enchantment_value_effect_type
[07mag2025 17:33:31.723] [main/DEBUG] [net.minecraftforge.registries.GameData/REGISTRIES]: Applying holder lookups: minecraft:enchantment_provider_type
[07mag2025 17:33:31.723] [main/DEBUG] [net.minecraftforge.registries.GameData/REGISTRIES]: Holder lookups applied: minecraft:enchantment_provider_type
[07mag2025 17:33:31.731] [main/DEBUG] [net.minecraftforge.registries.GameData/REGISTRIES]: Applying holder lookups: forge:biome_modifier_serializers
[07mag2025 17:33:31.731] [main/DEBUG] [net.minecraftforge.registries.GameData/REGISTRIES]: Holder lookups applied: forge:biome_modifier_serializers
[07mag2025 17:33:31.735] [main/DEBUG] [net.minecraftforge.registries.GameData/REGISTRIES]: Applying holder lookups: forge:condition_codecs
[07mag2025 17:33:31.735] [main/DEBUG] [net.minecraftforge.registries.GameData/REGISTRIES]: Holder lookups applied: forge:condition_codecs
[07mag2025 17:33:31.735] [main/DEBUG] [net.minecraftforge.registries.GameData/REGISTRIES]: Applying holder lookups: forge:display_contexts
[07mag2025 17:33:31.735] [main/DEBUG] [net.minecraftforge.registries.GameData/REGISTRIES]: Holder lookups applied: forge:display_contexts
[07mag2025 17:33:31.735] [main/DEBUG] [net.minecraftforge.registries.GameData/REGISTRIES]: Applying holder lookups: forge:entity_data_serializers
[07mag2025 17:33:31.735] [main/DEBUG] [net.minecraftforge.registries.GameData/REGISTRIES]: Holder lookups applied: forge:entity_data_serializers
[07mag2025 17:33:31.737] [main/DEBUG] [net.minecraftforge.registries.GameData/REGISTRIES]: Applying holder lookups: forge:fluid_type
[07mag2025 17:33:31.737] [main/DEBUG] [net.minecraftforge.registries.GameData/REGISTRIES]: Holder lookups applied: forge:fluid_type
[07mag2025 17:33:31.737] [main/DEBUG] [net.minecraftforge.registries.GameData/REGISTRIES]: Applying holder lookups: forge:global_loot_modifier_serializers
[07mag2025 17:33:31.737] [main/DEBUG] [net.minecraftforge.registries.GameData/REGISTRIES]: Holder lookups applied: forge:global_loot_modifier_serializers
[07mag2025 17:33:31.739] [main/DEBUG] [net.minecraftforge.registries.GameData/REGISTRIES]: Applying holder lookups: forge:holder_set_type
[07mag2025 17:33:31.739] [main/DEBUG] [net.minecraftforge.registries.GameData/REGISTRIES]: Holder lookups applied: forge:holder_set_type
[07mag2025 17:33:31.743] [main/DEBUG] [net.minecraftforge.registries.GameData/REGISTRIES]: Applying holder lookups: forge:ingredient_serializers
[07mag2025 17:33:31.743] [main/DEBUG] [net.minecraftforge.registries.GameData/REGISTRIES]: Holder lookups applied: forge:ingredient_serializers
[07mag2025 17:33:31.743] [main/DEBUG] [net.minecraftforge.registries.GameData/REGISTRIES]: Applying holder lookups: forge:structure_modifier_serializers
[07mag2025 17:33:31.743] [main/DEBUG] [net.minecraftforge.registries.GameData/REGISTRIES]: Holder lookups applied: forge:structure_modifier_serializers
[07mag2025 17:33:31.743] [main/DEBUG] [net.minecraftforge.registries.GameData/REGISTRIES]: Applying holder lookups: minecraft:painting_variant
[07mag2025 17:33:31.743] [main/DEBUG] [net.minecraftforge.registries.GameData/REGISTRIES]: Holder lookups applied: minecraft:painting_variant
[07mag2025 17:33:31.743] [main/DEBUG] [net.minecraftforge.registries.GameData/REGISTRIES]: Applying holder lookups: minecraft:worldgen/biome
[07mag2025 17:33:31.743] [main/DEBUG] [net.minecraftforge.registries.GameData/REGISTRIES]: Holder lookups applied: minecraft:worldgen/biome
[07mag2025 17:33:31.769] [main/INFO] [net.minecraftforge.data.loading.DatagenModLoader/]: Initializing Data Gatherer for mods [onlyexcavators]
[07mag2025 17:33:31.836] [main/WARN] [net.minecraft.server.packs.VanillaPackResourcesBuilder/]: Assets URL 'union:/C:/Users/rosar/.gradle/caches/forge_gradle/minecraft_user_repo/net/minecraftforge/forge/1.21.1-52.1.0_mapped_official_1.21.1/forge-1.21.1-52.1.0_mapped_official_1.21.1.jar%230!/assets/.mcassetsroot' uses unexpected schema
[07mag2025 17:33:31.837] [main/WARN] [net.minecraft.server.packs.VanillaPackResourcesBuilder/]: Assets URL 'union:/C:/Users/rosar/.gradle/caches/forge_gradle/minecraft_user_repo/net/minecraftforge/forge/1.21.1-52.1.0_mapped_official_1.21.1/forge-1.21.1-52.1.0_mapped_official_1.21.1.jar%230!/data/.mcassetsroot' uses unexpected schema
[07mag2025 17:33:31.937] [main/INFO] [net.minecraft.data.DataGenerator/]: Starting provider: Item Models: onlyexcavators
[07mag2025 17:33:31.959] [main/INFO] [net.minecraft.data.DataGenerator/]: Item Models: onlyexcavators finished after 21 ms
[07mag2025 17:33:31.959] [main/INFO] [net.minecraft.data.DataGenerator/]: Starting provider: Tags for minecraft:block mod id onlyexcavators
[07mag2025 17:33:32.080] [main/INFO] [net.minecraft.data.DataGenerator/]: Tags for minecraft:block mod id onlyexcavators finished after 120 ms
[07mag2025 17:33:32.080] [main/INFO] [net.minecraft.data.DataGenerator/]: Starting provider: Tags for minecraft:item mod id onlyexcavators
[07mag2025 17:33:32.090] [main/INFO] [net.minecraft.data.DataGenerator/]: Tags for minecraft:item mod id onlyexcavators finished after 9 ms
[07mag2025 17:33:32.090] [main/INFO] [net.minecraft.data.DataGenerator/]: Starting provider: Recipes
[07mag2025 17:33:32.145] [main/INFO] [net.minecraft.data.DataGenerator/]: Recipes finished after 55 ms
[07mag2025 17:33:32.145] [main/INFO] [net.minecraft.data.DataGenerator/]: All providers took: 209 ms
[07mag2025 17:33:32.155] [main/INFO] [net.minecraft.data.HashCache/]: Caching: total files: 44, old count: 24, new count: 45, removed stale: 0, written: 20
