[17:43:46] [modloading-worker-0/INFO] ========================================
[17:43:46] [modloading-worker-0/INFO] Minecraft: 1.21.5
[17:43:46] [modloading-worker-0/INFO] Side: client
[17:43:46] [modloading-worker-0/INFO] Development: true
[17:43:46] [modloading-worker-0/INFO] Version: 19.0.806
[17:43:46] [modloading-worker-0/INFO] Loader:
[17:43:46] [modloading-worker-0/INFO] - Forge: null
[17:43:46] [modloading-worker-0/INFO] Dependencies:
[17:43:46] [modloading-worker-0/INFO] - Cloth Config: 18.0.145
[17:43:46] [modloading-worker-0/INFO] - Architectury: 16.1.4
[17:43:46] [modloading-worker-0/INFO] Mixin: 0.8.7
[17:43:46] [modloading-worker-0/INFO] OS: Windows 11 10.0 (amd64)
[17:43:46] [modloading-worker-0/INFO] Java: 21.0.6 (Amazon.com Inc.)
[17:43:46] [modloading-worker-0/INFO] ========================================
[17:43:46] [modloading-worker-0/INFO] Mods:
[17:43:46] [modloading-worker-0/INFO] - architectury: 16.1.4
[17:43:46] [modloading-worker-0/INFO] - cloth_config: 18.0.145
[17:43:46] [modloading-worker-0/INFO] - minecraft: 1.21.5
[17:43:46] [modloading-worker-0/INFO] - neoforge: 21.5.55-beta
[17:43:46] [modloading-worker-0/INFO] - onlyexcavators: 1.21.5-1.0.1
[17:43:46] [modloading-worker-0/INFO] - roughlyenoughitems: 19.0.806
[17:43:46] [modloading-worker-0/INFO] ========================================
[17:43:46] [modloading-worker-0/DEBUG] [REI] Added filtering rule [roughlyenoughitems:search]: INSTANCE
[17:43:46] [modloading-worker-0/DEBUG] [REI] Added filtering rule [roughlyenoughitems:manual]: INSTANCE
[17:43:46] [modloading-worker-0/DEBUG] [REI] Added filtering rule [roughlyenoughitems:basic]: INSTANCE
[17:43:46] [modloading-worker-0/INFO] [REI] Config loaded
[17:43:46] [modloading-worker-0/DEBUG] [REI] Config saved
[17:43:46] [modloading-worker-0/DEBUG] [REI] Config saved
[17:43:46] [modloading-worker-0/DEBUG] [REI] Config saved
[17:43:46] [modloading-worker-0/INFO] [REI] Registered plugin provider DefaultPluginImpl [roughlyenoughitems] for REICommonPlugin
[17:43:46] [modloading-worker-0/INFO] [REI] Registered plugin provider DefaultRuntimePlugin [roughlyenoughitems] for REICommonPlugin
[17:43:46] [modloading-worker-0/INFO] [REI] Registered plugin provider DefaultClientPluginImpl [roughlyenoughitems] for REIClientPlugin
[17:43:46] [modloading-worker-0/INFO] [REI] Registered plugin provider DefaultClientRuntimePlugin [roughlyenoughitems] for REIClientPlugin
[17:43:46] [modloading-worker-0/DEBUG] [REI] Added filtering rule [roughlyenoughitems:hidden_from_recipe_viewers]: INSTANCE
[17:43:46] [modloading-worker-0/INFO] [REI] Registered plugin provider HideIngredientsFromTagsPlugin [roughlyenoughitems] for REIClientPlugin
[17:43:54] [Render thread/DEBUG] [REI] Processed 307 tags in 3.031 ms for minecraft:block
[17:43:54] [Render thread/DEBUG] [REI] Processed 5 tags in 26.40 μs for minecraft:game_event
[17:43:54] [Render thread/DEBUG] [REI] Processed 5 tags in 11.30 μs for minecraft:fluid
[17:43:54] [Render thread/DEBUG] [REI] Processed 3 tags in 13.70 μs for minecraft:point_of_interest_type
[17:43:54] [Render thread/DEBUG] [REI] Processed 437 tags in 533.0 μs for minecraft:item
[17:43:54] [Render thread/DEBUG] [REI] Processed 41 tags in 41.30 μs for minecraft:entity_type
[17:43:55] [Render thread/DEBUG] [REI] Player quit, clearing reload tasks!
[17:43:55] [Render thread/DEBUG] [REI] Did not fulfill the request of termination of REI reload tasks because there are no uninterrupted running tasks. This is not an error.
[17:43:57] [Render thread/DEBUG] [REI] Starting Reload Plugins of stage START
java.lang.Throwable
	at TRANSFORMER/roughlyenoughitems@19.0.806/me.shedaniel.rei.impl.common.plugins.ReloadManagerImpl.reloadPlugins(ReloadManagerImpl.java:110)
	at TRANSFORMER/roughlyenoughitems@19.0.806/me.shedaniel.rei.RoughlyEnoughItemsCoreClient.reloadPlugins(RoughlyEnoughItemsCoreClient.java:500)
	at TRANSFORMER/roughlyenoughitems@19.0.806/me.shedaniel.rei.RoughlyEnoughItemsCoreClient.lambda$registerEvents$8(RoughlyEnoughItemsCoreClient.java:314)
	at TRANSFORMER/minecraft@1.21.5/net.minecraft.client.multiplayer.ClientPacketListener.handler$zzc000$roughlyenoughitems$handleUpdateRecipes(ClientPacketListener.java:2811)
	at TRANSFORMER/minecraft@1.21.5/net.minecraft.client.multiplayer.ClientPacketListener.handleUpdateRecipes(ClientPacketListener.java)
	at TRANSFORMER/minecraft@1.21.5/net.minecraft.network.protocol.game.ClientboundUpdateRecipesPacket.handle(ClientboundUpdateRecipesPacket.java:32)
	at TRANSFORMER/minecraft@1.21.5/net.minecraft.network.protocol.game.ClientboundUpdateRecipesPacket.handle(ClientboundUpdateRecipesPacket.java:15)
	at TRANSFORMER/minecraft@1.21.5/net.minecraft.network.protocol.PacketUtils.lambda$ensureRunningOnSameThread$0(PacketUtils.java:26)
	at TRANSFORMER/minecraft@1.21.5/net.minecraft.util.thread.BlockableEventLoop.doRunTask(BlockableEventLoop.java:152)
	at TRANSFORMER/minecraft@1.21.5/net.minecraft.util.thread.ReentrantBlockableEventLoop.doRunTask(ReentrantBlockableEventLoop.java:24)
	at TRANSFORMER/minecraft@1.21.5/net.minecraft.util.thread.BlockableEventLoop.pollTask(BlockableEventLoop.java:126)
	at TRANSFORMER/minecraft@1.21.5/net.minecraft.util.thread.BlockableEventLoop.runAllTasks(BlockableEventLoop.java:115)
	at TRANSFORMER/minecraft@1.21.5/net.minecraft.client.Minecraft.runTick(Minecraft.java:1234)
	at TRANSFORMER/minecraft@1.21.5/net.minecraft.client.Minecraft.run(Minecraft.java:870)
	at TRANSFORMER/minecraft@1.21.5/net.minecraft.client.main.Main.main(Main.java:243)
	at java.base/jdk.internal.reflect.DirectMethodHandleAccessor.invoke(DirectMethodHandleAccessor.java:103)
	at java.base/java.lang.reflect.Method.invoke(Method.java:580)
	at MC-BOOTSTRAP/fml_loader@7.0.10/net.neoforged.fml.loading.targets.CommonLaunchHandler.runTarget(CommonLaunchHandler.java:128)
	at MC-BOOTSTRAP/fml_loader@7.0.10/net.neoforged.fml.loading.targets.CommonLaunchHandler.clientService(CommonLaunchHandler.java:120)
	at MC-BOOTSTRAP/fml_loader@7.0.10/net.neoforged.fml.loading.targets.NeoForgeClientDevLaunchHandler.runService(NeoForgeClientDevLaunchHandler.java:49)
	at MC-BOOTSTRAP/fml_loader@7.0.10/net.neoforged.fml.loading.targets.CommonLaunchHandler.lambda$launchService$4(CommonLaunchHandler.java:114)
	at MC-BOOTSTRAP/cpw.mods.modlauncher@11.0.4/cpw.mods.modlauncher.LaunchServiceHandlerDecorator.launch(LaunchServiceHandlerDecorator.java:30)
	at MC-BOOTSTRAP/cpw.mods.modlauncher@11.0.4/cpw.mods.modlauncher.LaunchServiceHandler.launch(LaunchServiceHandler.java:53)
	at MC-BOOTSTRAP/cpw.mods.modlauncher@11.0.4/cpw.mods.modlauncher.LaunchServiceHandler.launch(LaunchServiceHandler.java:71)
	at MC-BOOTSTRAP/cpw.mods.modlauncher@11.0.4/cpw.mods.modlauncher.Launcher.run(Launcher.java:103)
	at MC-BOOTSTRAP/cpw.mods.modlauncher@11.0.4/cpw.mods.modlauncher.Launcher.main(Launcher.java:74)
	at MC-BOOTSTRAP/cpw.mods.modlauncher@11.0.4/cpw.mods.modlauncher.BootstrapLaunchConsumer.accept(BootstrapLaunchConsumer.java:26)
	at MC-BOOTSTRAP/cpw.mods.modlauncher@11.0.4/cpw.mods.modlauncher.BootstrapLaunchConsumer.accept(BootstrapLaunchConsumer.java:23)
	at cpw.mods.bootstraplauncher@2.0.2/cpw.mods.bootstraplauncher.BootstrapLauncher.run(BootstrapLauncher.java:210)
	at cpw.mods.bootstraplauncher@2.0.2/cpw.mods.bootstraplauncher.BootstrapLauncher.main(BootstrapLauncher.java:69)
[17:43:57] [Render thread/DEBUG] [REI] Starting Reload Plugins of stage END
java.lang.Throwable
	at TRANSFORMER/roughlyenoughitems@19.0.806/me.shedaniel.rei.impl.common.plugins.ReloadManagerImpl.reloadPlugins(ReloadManagerImpl.java:110)
	at TRANSFORMER/roughlyenoughitems@19.0.806/me.shedaniel.rei.RoughlyEnoughItemsCoreClient.reloadPlugins(RoughlyEnoughItemsCoreClient.java:500)
	at TRANSFORMER/roughlyenoughitems@19.0.806/me.shedaniel.rei.RoughlyEnoughItemsCoreClient.reloadPlugins(RoughlyEnoughItemsCoreClient.java:487)
	at TRANSFORMER/roughlyenoughitems@19.0.806/me.shedaniel.rei.RoughlyEnoughItemsCoreClient.lambda$registerEvents$9(RoughlyEnoughItemsCoreClient.java:317)
	at TRANSFORMER/minecraft@1.21.5/net.minecraft.client.multiplayer.ClientPacketListener.handler$zzl001$architectury$handleUpdateRecipes(ClientPacketListener.java:3323)
	at TRANSFORMER/minecraft@1.21.5/net.minecraft.client.multiplayer.ClientPacketListener.handleUpdateRecipes(ClientPacketListener.java:1602)
	at TRANSFORMER/minecraft@1.21.5/net.minecraft.network.protocol.game.ClientboundUpdateRecipesPacket.handle(ClientboundUpdateRecipesPacket.java:32)
	at TRANSFORMER/minecraft@1.21.5/net.minecraft.network.protocol.game.ClientboundUpdateRecipesPacket.handle(ClientboundUpdateRecipesPacket.java:15)
	at TRANSFORMER/minecraft@1.21.5/net.minecraft.network.protocol.PacketUtils.lambda$ensureRunningOnSameThread$0(PacketUtils.java:26)
	at TRANSFORMER/minecraft@1.21.5/net.minecraft.util.thread.BlockableEventLoop.doRunTask(BlockableEventLoop.java:152)
	at TRANSFORMER/minecraft@1.21.5/net.minecraft.util.thread.ReentrantBlockableEventLoop.doRunTask(ReentrantBlockableEventLoop.java:24)
	at TRANSFORMER/minecraft@1.21.5/net.minecraft.util.thread.BlockableEventLoop.pollTask(BlockableEventLoop.java:126)
	at TRANSFORMER/minecraft@1.21.5/net.minecraft.util.thread.BlockableEventLoop.runAllTasks(BlockableEventLoop.java:115)
	at TRANSFORMER/minecraft@1.21.5/net.minecraft.client.Minecraft.runTick(Minecraft.java:1234)
	at TRANSFORMER/minecraft@1.21.5/net.minecraft.client.Minecraft.run(Minecraft.java:870)
	at TRANSFORMER/minecraft@1.21.5/net.minecraft.client.main.Main.main(Main.java:243)
	at java.base/jdk.internal.reflect.DirectMethodHandleAccessor.invoke(DirectMethodHandleAccessor.java:103)
	at java.base/java.lang.reflect.Method.invoke(Method.java:580)
	at MC-BOOTSTRAP/fml_loader@7.0.10/net.neoforged.fml.loading.targets.CommonLaunchHandler.runTarget(CommonLaunchHandler.java:128)
	at MC-BOOTSTRAP/fml_loader@7.0.10/net.neoforged.fml.loading.targets.CommonLaunchHandler.clientService(CommonLaunchHandler.java:120)
	at MC-BOOTSTRAP/fml_loader@7.0.10/net.neoforged.fml.loading.targets.NeoForgeClientDevLaunchHandler.runService(NeoForgeClientDevLaunchHandler.java:49)
	at MC-BOOTSTRAP/fml_loader@7.0.10/net.neoforged.fml.loading.targets.CommonLaunchHandler.lambda$launchService$4(CommonLaunchHandler.java:114)
	at MC-BOOTSTRAP/cpw.mods.modlauncher@11.0.4/cpw.mods.modlauncher.LaunchServiceHandlerDecorator.launch(LaunchServiceHandlerDecorator.java:30)
	at MC-BOOTSTRAP/cpw.mods.modlauncher@11.0.4/cpw.mods.modlauncher.LaunchServiceHandler.launch(LaunchServiceHandler.java:53)
	at MC-BOOTSTRAP/cpw.mods.modlauncher@11.0.4/cpw.mods.modlauncher.LaunchServiceHandler.launch(LaunchServiceHandler.java:71)
	at MC-BOOTSTRAP/cpw.mods.modlauncher@11.0.4/cpw.mods.modlauncher.Launcher.run(Launcher.java:103)
	at MC-BOOTSTRAP/cpw.mods.modlauncher@11.0.4/cpw.mods.modlauncher.Launcher.main(Launcher.java:74)
	at MC-BOOTSTRAP/cpw.mods.modlauncher@11.0.4/cpw.mods.modlauncher.BootstrapLaunchConsumer.accept(BootstrapLaunchConsumer.java:26)
	at MC-BOOTSTRAP/cpw.mods.modlauncher@11.0.4/cpw.mods.modlauncher.BootstrapLaunchConsumer.accept(BootstrapLaunchConsumer.java:23)
	at cpw.mods.bootstraplauncher@2.0.2/cpw.mods.bootstraplauncher.BootstrapLauncher.run(BootstrapLauncher.java:210)
	at cpw.mods.bootstraplauncher@2.0.2/cpw.mods.bootstraplauncher.BootstrapLauncher.main(BootstrapLauncher.java:69)
[17:43:57] [Render thread/WARN] [REI] Found 1 existing reload task(s) after trying to terminate them!
[17:43:57] [REI-ReloadPlugins/DEBUG] [REI] ========================================
[17:43:57] [REI-ReloadPlugins/DEBUG] [REI] REICommonPlugin starting pre-reload for START.
[17:43:57] [REI-ReloadPlugins/DEBUG] [REI] Reloadables (9):
[17:43:57] [REI-ReloadPlugins/DEBUG] [REI]  - SlotAccessorRegistryImpl
[17:43:57] [REI-ReloadPlugins/DEBUG] [REI]  - EntryTypeRegistryImpl
[17:43:57] [REI-ReloadPlugins/DEBUG] [REI]  - EntrySettingsAdapterRegistryImpl
[17:43:57] [REI-ReloadPlugins/DEBUG] [REI]  - ItemComparatorRegistryImpl
[17:43:57] [REI-ReloadPlugins/DEBUG] [REI]  - FluidComparatorRegistryImpl
[17:43:57] [REI-ReloadPlugins/DEBUG] [REI]  - DisplaySerializerRegistryImpl
[17:43:57] [REI-ReloadPlugins/DEBUG] [REI]  - ServerDisplayRegistryImpl
[17:43:57] [REI-ReloadPlugins/DEBUG] [REI]  - FluidSupportProviderImpl
[17:43:57] [REI-ReloadPlugins/DEBUG] [REI]  - me.shedaniel.rei.plugin.client.runtime.PluginStageExecutionWatcher$1
[17:43:57] [REI-ReloadPlugins/DEBUG] [REI] Plugins (2):
[17:43:57] [REI-ReloadPlugins/DEBUG] [REI]  - (-100,00) DefaultPluginImpl of DefaultPluginImpl [roughlyenoughitems]
[17:43:57] [REI-ReloadPlugins/DEBUG] [REI]  - (0,00) DefaultRuntimePlugin of DefaultRuntimePlugin [roughlyenoughitems]
[17:43:57] [REI-ReloadPlugins/DEBUG] [REI] ========================================
[17:43:57] [REI-ReloadPlugins/TRACE] [REI] [REICommonPlugin START] Reloading Section: "pre-register/"
[17:43:57] [REI-ReloadPlugins/TRACE] [REI] [REICommonPlugin START] Reloading Section: "pre-register/DefaultPluginImpl of DefaultPluginImpl [roughlyenoughitems]/"
[17:43:57] [REI-ReloadPlugins/TRACE] [REI] [REICommonPlugin START] Reloading Section: "pre-register/DefaultPluginImpl of DefaultPluginImpl [roughlyenoughitems]/" done in 3.878 ms
[17:43:57] [REI-ReloadPlugins/TRACE] [REI] [REICommonPlugin START] Reloading Section: "pre-register/DefaultRuntimePlugin of DefaultRuntimePlugin [roughlyenoughitems]/"
[17:43:57] [REI-ReloadPlugins/TRACE] [REI] [REICommonPlugin START] Reloading Section: "pre-register/DefaultRuntimePlugin of DefaultRuntimePlugin [roughlyenoughitems]/" done in 34.00 μs
[17:43:57] [REI-ReloadPlugins/TRACE] [REI] [REICommonPlugin START] Reloading Section: "pre-register/" done in 58.60 ms
[17:43:57] [REI-ReloadPlugins/TRACE] [REI] [REICommonPlugin START] Reloading Section: "pre-stage/"
[17:43:57] [REI-ReloadPlugins/TRACE] [REI] [REICommonPlugin START] Reloading Section: "pre-stage/SlotAccessorRegistryImpl/"
[17:43:57] [REI-ReloadPlugins/TRACE] [REI] [REICommonPlugin START] Reloading Section: "pre-stage/SlotAccessorRegistryImpl/" done in 1.014 ms
[17:43:57] [REI-ReloadPlugins/TRACE] [REI] [REICommonPlugin START] Reloading Section: "pre-stage/EntryTypeRegistryImpl/"
[17:43:57] [REI-ReloadPlugins/TRACE] [REI] [REICommonPlugin START] Reloading Section: "pre-stage/EntryTypeRegistryImpl/" done in 52.30 μs
[17:43:57] [REI-ReloadPlugins/TRACE] [REI] [REICommonPlugin START] Reloading Section: "pre-stage/EntrySettingsAdapterRegistryImpl/"
[17:43:57] [REI-ReloadPlugins/TRACE] [REI] [REICommonPlugin START] Reloading Section: "pre-stage/EntrySettingsAdapterRegistryImpl/" done in 42.50 μs
[17:43:57] [REI-ReloadPlugins/TRACE] [REI] [REICommonPlugin START] Reloading Section: "pre-stage/ItemComparatorRegistryImpl/"
[17:43:57] [REI-ReloadPlugins/TRACE] [REI] [REICommonPlugin START] Reloading Section: "pre-stage/ItemComparatorRegistryImpl/" done in 39.50 μs
[17:43:57] [REI-ReloadPlugins/TRACE] [REI] [REICommonPlugin START] Reloading Section: "pre-stage/FluidComparatorRegistryImpl/"
[17:43:57] [REI-ReloadPlugins/TRACE] [REI] [REICommonPlugin START] Reloading Section: "pre-stage/FluidComparatorRegistryImpl/" done in 42.00 μs
[17:43:57] [REI-ReloadPlugins/TRACE] [REI] [REICommonPlugin START] Reloading Section: "pre-stage/DisplaySerializerRegistryImpl/"
[17:43:57] [REI-ReloadPlugins/TRACE] [REI] [REICommonPlugin START] Reloading Section: "pre-stage/DisplaySerializerRegistryImpl/" done in 38.80 μs
[17:43:57] [REI-ReloadPlugins/TRACE] [REI] [REICommonPlugin START] Reloading Section: "pre-stage/ServerDisplayRegistryImpl/"
[17:43:57] [REI-ReloadPlugins/TRACE] [REI] [REICommonPlugin START] Reloading Section: "pre-stage/ServerDisplayRegistryImpl/" done in 41.60 μs
[17:43:57] [REI-ReloadPlugins/TRACE] [REI] [REICommonPlugin START] Reloading Section: "pre-stage/FluidSupportProviderImpl/"
[17:43:57] [REI-ReloadPlugins/TRACE] [REI] [REICommonPlugin START] Reloading Section: "pre-stage/FluidSupportProviderImpl/" done in 38.00 μs
[17:43:57] [REI-ReloadPlugins/TRACE] [REI] [REICommonPlugin START] Reloading Section: "pre-stage/me.shedaniel.rei.plugin.client.runtime.PluginStageExecutionWatcher$1/"
[17:43:57] [REI-ReloadPlugins/TRACE] [REI] [REICommonPlugin START] Reloading Section: "pre-stage/me.shedaniel.rei.plugin.client.runtime.PluginStageExecutionWatcher$1/" done in 1.995 ms
[17:43:57] [REI-ReloadPlugins/TRACE] [REI] [REICommonPlugin START] Reloading Section: "pre-stage/" done in 4.291 ms
[17:43:57] [REI-ReloadPlugins/DEBUG] [REI] ========================================
[17:43:57] [REI-ReloadPlugins/DEBUG] [REI] REICommonPlugin finished pre-reload for START in 64.37 ms.
[17:43:57] [REI-ReloadPlugins/DEBUG] [REI] ========================================
[17:43:57] [REI-ReloadPlugins/DEBUG] [REI] ========================================
[17:43:57] [REI-ReloadPlugins/DEBUG] [REI] REIClientPlugin starting pre-reload for START.
[17:43:57] [REI-ReloadPlugins/DEBUG] [REI] Reloadables (18):
[17:43:57] [REI-ReloadPlugins/DEBUG] [REI]  - EntryRendererRegistryImpl
[17:43:57] [REI-ReloadPlugins/DEBUG] [REI]  - ViewsImpl
[17:43:57] [REI-ReloadPlugins/DEBUG] [REI]  - InputMethodRegistryImpl
[17:43:57] [REI-ReloadPlugins/DEBUG] [REI]  - SearchProviderImpl
[17:43:57] [REI-ReloadPlugins/DEBUG] [REI]  - ConfigManagerImpl
[17:43:57] [REI-ReloadPlugins/DEBUG] [REI]  - EntryRegistryImpl
[17:43:57] [REI-ReloadPlugins/DEBUG] [REI]  - CollapsibleEntryRegistryImpl
[17:43:57] [REI-ReloadPlugins/DEBUG] [REI]  - BasicFilteringRuleImpl
[17:43:57] [REI-ReloadPlugins/DEBUG] [REI]  - CategoryRegistryImpl
[17:43:57] [REI-ReloadPlugins/DEBUG] [REI]  - DisplayRegistryImpl
[17:43:57] [REI-ReloadPlugins/DEBUG] [REI]  - ScreenRegistryImpl
[17:43:57] [REI-ReloadPlugins/DEBUG] [REI]  - FavoriteEntryTypeRegistryImpl
[17:43:57] [REI-ReloadPlugins/DEBUG] [REI]  - SubsetsRegistryImpl
[17:43:57] [REI-ReloadPlugins/DEBUG] [REI]  - TransferHandlerRegistryImpl
[17:43:57] [REI-ReloadPlugins/DEBUG] [REI]  - SearchRuntime
[17:43:57] [REI-ReloadPlugins/DEBUG] [REI]  - REIRuntimeImpl
[17:43:57] [REI-ReloadPlugins/DEBUG] [REI]  - ConfigAddonRegistryImpl
[17:43:57] [REI-ReloadPlugins/DEBUG] [REI]  - me.shedaniel.rei.plugin.client.runtime.PluginStageExecutionWatcher$1
[17:43:57] [REI-ReloadPlugins/DEBUG] [REI] Plugins (3):
[17:43:57] [REI-ReloadPlugins/DEBUG] [REI]  - (-100,00) DefaultClientPluginImpl of DefaultClientPluginImpl [roughlyenoughitems]
[17:43:57] [REI-ReloadPlugins/DEBUG] [REI]  - (0,00) HideIngredientsFromTagsPlugin of HideIngredientsFromTagsPlugin [roughlyenoughitems]
[17:43:57] [REI-ReloadPlugins/DEBUG] [REI]  - (0,00) DefaultClientRuntimePlugin of DefaultClientRuntimePlugin [roughlyenoughitems]
[17:43:57] [REI-ReloadPlugins/DEBUG] [REI] ========================================
[17:43:57] [REI-ReloadPlugins/TRACE] [REI] [REIClientPlugin START] Reloading Section: "pre-register/"
[17:43:57] [REI-ReloadPlugins/TRACE] [REI] [REIClientPlugin START] Reloading Section: "pre-register/DefaultClientPluginImpl of DefaultClientPluginImpl [roughlyenoughitems]/"
[17:43:57] [REI-ReloadPlugins/TRACE] [REI] [REIClientPlugin START] Reloading Section: "pre-register/DefaultClientPluginImpl of DefaultClientPluginImpl [roughlyenoughitems]/" done in 30.10 μs
[17:43:57] [REI-ReloadPlugins/TRACE] [REI] [REIClientPlugin START] Reloading Section: "pre-register/HideIngredientsFromTagsPlugin of HideIngredientsFromTagsPlugin [roughlyenoughitems]/"
[17:43:57] [REI-ReloadPlugins/TRACE] [REI] [REIClientPlugin START] Reloading Section: "pre-register/HideIngredientsFromTagsPlugin of HideIngredientsFromTagsPlugin [roughlyenoughitems]/" done in 482.8 μs
[17:43:57] [REI-ReloadPlugins/TRACE] [REI] [REIClientPlugin START] Reloading Section: "pre-register/DefaultClientRuntimePlugin of DefaultClientRuntimePlugin [roughlyenoughitems]/"
[17:43:57] [REI-ReloadPlugins/TRACE] [REI] [REIClientPlugin START] Reloading Section: "pre-register/DefaultClientRuntimePlugin of DefaultClientRuntimePlugin [roughlyenoughitems]/" done in 49.60 μs
[17:43:57] [REI-ReloadPlugins/TRACE] [REI] [REIClientPlugin START] Reloading Section: "pre-register/" done in 962.3 μs
[17:43:57] [REI-ReloadPlugins/TRACE] [REI] [REIClientPlugin START] Reloading Section: "pre-stage/"
[17:43:57] [REI-ReloadPlugins/TRACE] [REI] [REIClientPlugin START] Reloading Section: "pre-stage/EntryRendererRegistryImpl/"
[17:43:57] [REI-ReloadPlugins/TRACE] [REI] [REIClientPlugin START] Reloading Section: "pre-stage/EntryRendererRegistryImpl/" done in 42.10 μs
[17:43:57] [REI-ReloadPlugins/TRACE] [REI] [REIClientPlugin START] Reloading Section: "pre-stage/ViewsImpl/"
[17:43:57] [REI-ReloadPlugins/TRACE] [REI] [REIClientPlugin START] Reloading Section: "pre-stage/ViewsImpl/" done in 44.80 μs
[17:43:57] [REI-ReloadPlugins/TRACE] [REI] [REIClientPlugin START] Reloading Section: "pre-stage/InputMethodRegistryImpl/"
[17:43:57] [REI-ReloadPlugins/TRACE] [REI] [REIClientPlugin START] Reloading Section: "pre-stage/InputMethodRegistryImpl/" done in 37.90 μs
[17:43:57] [REI-ReloadPlugins/TRACE] [REI] [REIClientPlugin START] Reloading Section: "pre-stage/SearchProviderImpl/"
[17:43:57] [REI-ReloadPlugins/TRACE] [REI] [REIClientPlugin START] Reloading Section: "pre-stage/SearchProviderImpl/" done in 38.40 μs
[17:43:57] [REI-ReloadPlugins/TRACE] [REI] [REIClientPlugin START] Reloading Section: "pre-stage/ConfigManagerImpl/"
[17:43:57] [REI-ReloadPlugins/TRACE] [REI] [REIClientPlugin START] Reloading Section: "pre-stage/ConfigManagerImpl/" done in 39.20 μs
[17:43:57] [REI-ReloadPlugins/TRACE] [REI] [REIClientPlugin START] Reloading Section: "pre-stage/EntryRegistryImpl/"
[17:43:57] [REI-ReloadPlugins/TRACE] [REI] [REIClientPlugin START] Reloading Section: "pre-stage/EntryRegistryImpl/" done in 38.30 μs
[17:43:57] [REI-ReloadPlugins/TRACE] [REI] [REIClientPlugin START] Reloading Section: "pre-stage/CollapsibleEntryRegistryImpl/"
[17:43:57] [REI-ReloadPlugins/TRACE] [REI] [REIClientPlugin START] Reloading Section: "pre-stage/CollapsibleEntryRegistryImpl/" done in 40.80 μs
[17:43:57] [REI-ReloadPlugins/TRACE] [REI] [REIClientPlugin START] Reloading Section: "pre-stage/BasicFilteringRuleImpl/"
[17:43:57] [REI-ReloadPlugins/TRACE] [REI] [REIClientPlugin START] Reloading Section: "pre-stage/BasicFilteringRuleImpl/" done in 36.90 μs
[17:43:57] [REI-ReloadPlugins/TRACE] [REI] [REIClientPlugin START] Reloading Section: "pre-stage/CategoryRegistryImpl/"
[17:43:57] [REI-ReloadPlugins/TRACE] [REI] [REIClientPlugin START] Reloading Section: "pre-stage/CategoryRegistryImpl/" done in 39.60 μs
[17:43:57] [REI-ReloadPlugins/TRACE] [REI] [REIClientPlugin START] Reloading Section: "pre-stage/DisplayRegistryImpl/"
[17:43:57] [REI-ReloadPlugins/TRACE] [REI] [REIClientPlugin START] Reloading Section: "pre-stage/DisplayRegistryImpl/" done in 38.40 μs
[17:43:57] [REI-ReloadPlugins/TRACE] [REI] [REIClientPlugin START] Reloading Section: "pre-stage/ScreenRegistryImpl/"
[17:43:57] [REI-ReloadPlugins/TRACE] [REI] [REIClientPlugin START] Reloading Section: "pre-stage/ScreenRegistryImpl/" done in 37.20 μs
[17:43:57] [REI-ReloadPlugins/TRACE] [REI] [REIClientPlugin START] Reloading Section: "pre-stage/FavoriteEntryTypeRegistryImpl/"
[17:43:57] [REI-ReloadPlugins/TRACE] [REI] [REIClientPlugin START] Reloading Section: "pre-stage/FavoriteEntryTypeRegistryImpl/" done in 28.80 μs
[17:43:57] [REI-ReloadPlugins/TRACE] [REI] [REIClientPlugin START] Reloading Section: "pre-stage/SubsetsRegistryImpl/"
[17:43:57] [REI-ReloadPlugins/TRACE] [REI] [REIClientPlugin START] Reloading Section: "pre-stage/SubsetsRegistryImpl/" done in 22.80 μs
[17:43:57] [REI-ReloadPlugins/TRACE] [REI] [REIClientPlugin START] Reloading Section: "pre-stage/TransferHandlerRegistryImpl/"
[17:43:57] [REI-ReloadPlugins/TRACE] [REI] [REIClientPlugin START] Reloading Section: "pre-stage/TransferHandlerRegistryImpl/" done in 14.20 μs
[17:43:57] [REI-ReloadPlugins/TRACE] [REI] [REIClientPlugin START] Reloading Section: "pre-stage/SearchRuntime/"
[17:43:57] [REI-ReloadPlugins/TRACE] [REI] [REIClientPlugin START] Reloading Section: "pre-stage/SearchRuntime/" done in 13.20 μs
[17:43:57] [REI-ReloadPlugins/TRACE] [REI] [REIClientPlugin START] Reloading Section: "pre-stage/REIRuntimeImpl/"
[17:43:57] [REI-ReloadPlugins/TRACE] [REI] [REIClientPlugin START] Reloading Section: "pre-stage/REIRuntimeImpl/" done in 20.80 μs
[17:43:57] [REI-ReloadPlugins/TRACE] [REI] [REIClientPlugin START] Reloading Section: "pre-stage/ConfigAddonRegistryImpl/"
[17:43:57] [REI-ReloadPlugins/TRACE] [REI] [REIClientPlugin START] Reloading Section: "pre-stage/ConfigAddonRegistryImpl/" done in 13.60 μs
[17:43:57] [REI-ReloadPlugins/TRACE] [REI] [REIClientPlugin START] Reloading Section: "pre-stage/me.shedaniel.rei.plugin.client.runtime.PluginStageExecutionWatcher$1/"
[17:43:57] [REI-ReloadPlugins/TRACE] [REI] [REIClientPlugin START] Reloading Section: "pre-stage/me.shedaniel.rei.plugin.client.runtime.PluginStageExecutionWatcher$1/" done in 23.60 μs
[17:43:57] [REI-ReloadPlugins/TRACE] [REI] [REIClientPlugin START] Reloading Section: "pre-stage/" done in 1.807 ms
[17:43:57] [REI-ReloadPlugins/DEBUG] [REI] ========================================
[17:43:57] [REI-ReloadPlugins/DEBUG] [REI] REIClientPlugin finished pre-reload for START in 2.885 ms.
[17:43:57] [REI-ReloadPlugins/DEBUG] [REI] ========================================
[17:43:57] [REI-ReloadPlugins/INFO] [REI] @@@@@@@@@@@@@@@@@@@@@@@@@@@@@@@@@@@@@@@@
[17:43:57] [REI-ReloadPlugins/INFO] [REI] REICommonPlugin starting main-reload for START.
[17:43:57] [REI-ReloadPlugins/DEBUG] [REI] Reloadables (9):
[17:43:57] [REI-ReloadPlugins/DEBUG] [REI]  - SlotAccessorRegistryImpl
[17:43:57] [REI-ReloadPlugins/DEBUG] [REI]  - EntryTypeRegistryImpl
[17:43:57] [REI-ReloadPlugins/DEBUG] [REI]  - EntrySettingsAdapterRegistryImpl
[17:43:57] [REI-ReloadPlugins/DEBUG] [REI]  - ItemComparatorRegistryImpl
[17:43:57] [REI-ReloadPlugins/DEBUG] [REI]  - FluidComparatorRegistryImpl
[17:43:57] [REI-ReloadPlugins/DEBUG] [REI]  - DisplaySerializerRegistryImpl
[17:43:57] [REI-ReloadPlugins/DEBUG] [REI]  - ServerDisplayRegistryImpl
[17:43:57] [REI-ReloadPlugins/DEBUG] [REI]  - FluidSupportProviderImpl
[17:43:57] [REI-ReloadPlugins/DEBUG] [REI]  - me.shedaniel.rei.plugin.client.runtime.PluginStageExecutionWatcher$1
[17:43:57] [REI-ReloadPlugins/INFO] [REI] Plugins (2):
[17:43:57] [REI-ReloadPlugins/INFO] [REI]  - (-100,00) DefaultPluginImpl of DefaultPluginImpl [roughlyenoughitems]
[17:43:57] [REI-ReloadPlugins/INFO] [REI]  - (0,00) DefaultRuntimePlugin of DefaultRuntimePlugin [roughlyenoughitems]
[17:43:57] [REI-ReloadPlugins/INFO] [REI] @@@@@@@@@@@@@@@@@@@@@@@@@@@@@@@@@@@@@@@@
[17:43:57] [REI-ReloadPlugins/TRACE] [REI] [REICommonPlugin START] Reloading Section: "start-reload/"
[17:43:57] [REI-ReloadPlugins/TRACE] [REI] [REICommonPlugin START] Reloading Section: "start-reload/SlotAccessorRegistryImpl/"
[17:43:57] [REI-ReloadPlugins/TRACE] [REI] [REICommonPlugin START] Reloading Section: "start-reload/SlotAccessorRegistryImpl/" done in 29.50 μs
[17:43:57] [REI-ReloadPlugins/TRACE] [REI] [REICommonPlugin START] Reloading Section: "start-reload/EntryTypeRegistryImpl/"
[17:43:57] [REI-ReloadPlugins/TRACE] [REI] [REICommonPlugin START] Reloading Section: "start-reload/EntryTypeRegistryImpl/" done in 43.30 μs
[17:43:57] [REI-ReloadPlugins/TRACE] [REI] [REICommonPlugin START] Reloading Section: "start-reload/EntrySettingsAdapterRegistryImpl/"
[17:43:57] [REI-ReloadPlugins/TRACE] [REI] [REICommonPlugin START] Reloading Section: "start-reload/EntrySettingsAdapterRegistryImpl/" done in 15.40 μs
[17:43:57] [REI-ReloadPlugins/TRACE] [REI] [REICommonPlugin START] Reloading Section: "start-reload/ItemComparatorRegistryImpl/"
[17:43:57] [REI-ReloadPlugins/TRACE] [REI] [REICommonPlugin START] Reloading Section: "start-reload/ItemComparatorRegistryImpl/" done in 21.10 μs
[17:43:57] [REI-ReloadPlugins/TRACE] [REI] [REICommonPlugin START] Reloading Section: "start-reload/FluidComparatorRegistryImpl/"
[17:43:57] [REI-ReloadPlugins/TRACE] [REI] [REICommonPlugin START] Reloading Section: "start-reload/FluidComparatorRegistryImpl/" done in 13.40 μs
[17:43:57] [REI-ReloadPlugins/TRACE] [REI] [REICommonPlugin START] Reloading Section: "start-reload/DisplaySerializerRegistryImpl/"
[17:43:57] [REI-ReloadPlugins/TRACE] [REI] [REICommonPlugin START] Reloading Section: "start-reload/DisplaySerializerRegistryImpl/" done in 15.00 μs
[17:43:57] [REI-ReloadPlugins/TRACE] [REI] [REICommonPlugin START] Reloading Section: "start-reload/ServerDisplayRegistryImpl/"
[17:43:57] [REI-ReloadPlugins/TRACE] [REI] [REICommonPlugin START] Reloading Section: "start-reload/ServerDisplayRegistryImpl/" done in 12.00 μs
[17:43:57] [REI-ReloadPlugins/TRACE] [REI] [REICommonPlugin START] Reloading Section: "start-reload/FluidSupportProviderImpl/"
[17:43:57] [REI-ReloadPlugins/TRACE] [REI] [REICommonPlugin START] Reloading Section: "start-reload/FluidSupportProviderImpl/" done in 21.30 μs
[17:43:57] [REI-ReloadPlugins/TRACE] [REI] [REICommonPlugin START] Reloading Section: "start-reload/me.shedaniel.rei.plugin.client.runtime.PluginStageExecutionWatcher$1/"
[17:43:57] [REI-ReloadPlugins/TRACE] [REI] [REICommonPlugin START] Reloading Section: "start-reload/me.shedaniel.rei.plugin.client.runtime.PluginStageExecutionWatcher$1/" done in 13.40 μs
[17:43:57] [REI-ReloadPlugins/TRACE] [REI] [REICommonPlugin START] Reloading Section: "start-reload/" done in 565.8 μs
[17:43:57] [REI-ReloadPlugins/DEBUG] [REI] ========================================
[17:43:57] [REI-ReloadPlugins/DEBUG] [REI] REICommonPlugin started main-reload for START.
[17:43:57] [REI-ReloadPlugins/DEBUG] [REI] ========================================
[17:43:57] [REI-ReloadPlugins/TRACE] [REI] [REICommonPlugin START] Reloading Section: "reloadable-plugin/SlotAccessorRegistryImpl/"
[17:43:57] [REI-ReloadPlugins/TRACE] [REI] [REICommonPlugin START] Reloading Section: "reloadable-plugin/SlotAccessorRegistryImpl/DefaultPluginImpl of DefaultPluginImpl [roughlyenoughitems]/"
[17:43:57] [REI-ReloadPlugins/TRACE] [REI] [REICommonPlugin START] Reloading Section: "reloadable-plugin/SlotAccessorRegistryImpl/DefaultPluginImpl of DefaultPluginImpl [roughlyenoughitems]/" done in 1.168 ms
[17:43:57] [REI-ReloadPlugins/TRACE] [REI] [REICommonPlugin START] Reloading Section: "reloadable-plugin/SlotAccessorRegistryImpl/DefaultRuntimePlugin of DefaultRuntimePlugin [roughlyenoughitems]/"
[17:43:57] [REI-ReloadPlugins/TRACE] [REI] [REICommonPlugin START] Reloading Section: "reloadable-plugin/SlotAccessorRegistryImpl/DefaultRuntimePlugin of DefaultRuntimePlugin [roughlyenoughitems]/" done in 68.50 μs
[17:43:57] [REI-ReloadPlugins/TRACE] [REI] [REICommonPlugin START] Reloading Section: "reloadable-plugin/SlotAccessorRegistryImpl/" done in 2.720 ms
[17:43:57] [REI-ReloadPlugins/TRACE] [REI] [REICommonPlugin START] Reloading Section: "reloadable-plugin/EntryTypeRegistryImpl/"
[17:43:57] [REI-ReloadPlugins/TRACE] [REI] [REICommonPlugin START] Reloading Section: "reloadable-plugin/EntryTypeRegistryImpl/DefaultPluginImpl of DefaultPluginImpl [roughlyenoughitems]/"
[17:43:57] [REI-ReloadPlugins/TRACE] [REI] [REICommonPlugin START] Reloading Section: "reloadable-plugin/EntryTypeRegistryImpl/DefaultPluginImpl of DefaultPluginImpl [roughlyenoughitems]/" done in 67.10 μs
[17:43:57] [REI-ReloadPlugins/TRACE] [REI] [REICommonPlugin START] Reloading Section: "reloadable-plugin/EntryTypeRegistryImpl/DefaultRuntimePlugin of DefaultRuntimePlugin [roughlyenoughitems]/"
[17:43:57] [REI-ReloadPlugins/TRACE] [REI] [REICommonPlugin START] Reloading Section: "reloadable-plugin/EntryTypeRegistryImpl/DefaultRuntimePlugin of DefaultRuntimePlugin [roughlyenoughitems]/" done in 37.89 ms
[17:43:57] [REI-ReloadPlugins/TRACE] [REI] [REICommonPlugin START] Reloading Section: "reloadable-plugin/EntryTypeRegistryImpl/" done in 38.34 ms
[17:43:57] [REI-ReloadPlugins/TRACE] [REI] [REICommonPlugin START] Reloading Section: "reloadable-plugin/EntrySettingsAdapterRegistryImpl/"
[17:43:57] [REI-ReloadPlugins/TRACE] [REI] [REICommonPlugin START] Reloading Section: "reloadable-plugin/EntrySettingsAdapterRegistryImpl/DefaultPluginImpl of DefaultPluginImpl [roughlyenoughitems]/"
[17:43:57] [REI-ReloadPlugins/TRACE] [REI] [REICommonPlugin START] Reloading Section: "reloadable-plugin/EntrySettingsAdapterRegistryImpl/DefaultPluginImpl of DefaultPluginImpl [roughlyenoughitems]/" done in 23.60 μs
[17:43:57] [REI-ReloadPlugins/TRACE] [REI] [REICommonPlugin START] Reloading Section: "reloadable-plugin/EntrySettingsAdapterRegistryImpl/DefaultRuntimePlugin of DefaultRuntimePlugin [roughlyenoughitems]/"
[17:43:57] [REI-ReloadPlugins/TRACE] [REI] [REICommonPlugin START] Reloading Section: "reloadable-plugin/EntrySettingsAdapterRegistryImpl/DefaultRuntimePlugin of DefaultRuntimePlugin [roughlyenoughitems]/" done in 22.30 μs
[17:43:57] [REI-ReloadPlugins/TRACE] [REI] [REICommonPlugin START] Reloading Section: "reloadable-plugin/EntrySettingsAdapterRegistryImpl/" done in 260.6 μs
[17:43:57] [REI-ReloadPlugins/TRACE] [REI] [REICommonPlugin START] Reloading Section: "reloadable-plugin/ItemComparatorRegistryImpl/"
[17:43:57] [REI-ReloadPlugins/TRACE] [REI] [REICommonPlugin START] Reloading Section: "reloadable-plugin/ItemComparatorRegistryImpl/DefaultPluginImpl of DefaultPluginImpl [roughlyenoughitems]/"
[17:43:57] [REI-ReloadPlugins/TRACE] [REI] [REICommonPlugin START] Reloading Section: "reloadable-plugin/ItemComparatorRegistryImpl/DefaultPluginImpl of DefaultPluginImpl [roughlyenoughitems]/" done in 1.899 ms
[17:43:57] [REI-ReloadPlugins/TRACE] [REI] [REICommonPlugin START] Reloading Section: "reloadable-plugin/ItemComparatorRegistryImpl/DefaultRuntimePlugin of DefaultRuntimePlugin [roughlyenoughitems]/"
[17:43:57] [REI-ReloadPlugins/TRACE] [REI] [REICommonPlugin START] Reloading Section: "reloadable-plugin/ItemComparatorRegistryImpl/DefaultRuntimePlugin of DefaultRuntimePlugin [roughlyenoughitems]/" done in 43.90 μs
[17:43:57] [REI-ReloadPlugins/TRACE] [REI] [REICommonPlugin START] Reloading Section: "reloadable-plugin/ItemComparatorRegistryImpl/" done in 2.256 ms
[17:43:57] [REI-ReloadPlugins/TRACE] [REI] [REICommonPlugin START] Reloading Section: "reloadable-plugin/FluidComparatorRegistryImpl/"
[17:43:57] [REI-ReloadPlugins/TRACE] [REI] [REICommonPlugin START] Reloading Section: "reloadable-plugin/FluidComparatorRegistryImpl/DefaultPluginImpl of DefaultPluginImpl [roughlyenoughitems]/"
[17:43:57] [REI-ReloadPlugins/TRACE] [REI] [REICommonPlugin START] Reloading Section: "reloadable-plugin/FluidComparatorRegistryImpl/DefaultPluginImpl of DefaultPluginImpl [roughlyenoughitems]/" done in 31.40 μs
[17:43:57] [REI-ReloadPlugins/TRACE] [REI] [REICommonPlugin START] Reloading Section: "reloadable-plugin/FluidComparatorRegistryImpl/DefaultRuntimePlugin of DefaultRuntimePlugin [roughlyenoughitems]/"
[17:43:57] [REI-ReloadPlugins/TRACE] [REI] [REICommonPlugin START] Reloading Section: "reloadable-plugin/FluidComparatorRegistryImpl/DefaultRuntimePlugin of DefaultRuntimePlugin [roughlyenoughitems]/" done in 25.20 μs
[17:43:57] [REI-ReloadPlugins/TRACE] [REI] [REICommonPlugin START] Reloading Section: "reloadable-plugin/FluidComparatorRegistryImpl/" done in 199.6 μs
[17:43:57] [REI-ReloadPlugins/TRACE] [REI] [REICommonPlugin START] Reloading Section: "reloadable-plugin/DisplaySerializerRegistryImpl/"
[17:43:57] [REI-ReloadPlugins/TRACE] [REI] [REICommonPlugin START] Reloading Section: "reloadable-plugin/DisplaySerializerRegistryImpl/DefaultPluginImpl of DefaultPluginImpl [roughlyenoughitems]/"
[17:43:57] [REI-ReloadPlugins/DEBUG] [REI] Added display serializer [minecraft:client/crafting/shaped] me.shedaniel.rei.api.common.display.DisplaySerializer$1@a4fc0bb
[17:43:57] [REI-ReloadPlugins/DEBUG] [REI] Added display serializer [minecraft:client/crafting/shapeless] me.shedaniel.rei.api.common.display.DisplaySerializer$1@1ce99d41
[17:43:57] [REI-ReloadPlugins/DEBUG] [REI] Added display serializer [minecraft:client/smelting] me.shedaniel.rei.api.common.display.DisplaySerializer$1@4ab0d311
[17:43:57] [REI-ReloadPlugins/DEBUG] [REI] Added display serializer [minecraft:client/smoking] me.shedaniel.rei.api.common.display.DisplaySerializer$1@2eaea71a
[17:43:57] [REI-ReloadPlugins/DEBUG] [REI] Added display serializer [minecraft:client/blasting] me.shedaniel.rei.api.common.display.DisplaySerializer$1@fa588fc
[17:43:57] [REI-ReloadPlugins/DEBUG] [REI] Added display serializer [minecraft:default/crafting/shaped] me.shedaniel.rei.api.common.display.DisplaySerializer$1@39f515fc
[17:43:57] [REI-ReloadPlugins/DEBUG] [REI] Added display serializer [minecraft:default/crafting/shapeless] me.shedaniel.rei.api.common.display.DisplaySerializer$1@76c9572e
[17:43:57] [REI-ReloadPlugins/DEBUG] [REI] Added display serializer [minecraft:default/crafting/custom] me.shedaniel.rei.api.common.display.DisplaySerializer$1@5a966dc8
[17:43:57] [REI-ReloadPlugins/DEBUG] [REI] Added display serializer [minecraft:default/crafting/custom_shaped] me.shedaniel.rei.api.common.display.DisplaySerializer$1@169c13da
[17:43:57] [REI-ReloadPlugins/DEBUG] [REI] Added display serializer [minecraft:default/crafting/custom_shapeless] me.shedaniel.rei.api.common.display.DisplaySerializer$1@49888b84
[17:43:57] [REI-ReloadPlugins/DEBUG] [REI] Added display serializer [minecraft:extension/crafting/map_extending] me.shedaniel.rei.api.common.display.DisplaySerializer$1@350c54ed
[17:43:57] [REI-ReloadPlugins/DEBUG] [REI] Added display serializer [minecraft:default/smelting] me.shedaniel.rei.api.common.display.DisplaySerializer$1@446e450f
[17:43:57] [REI-ReloadPlugins/DEBUG] [REI] Added display serializer [minecraft:default/smoking] me.shedaniel.rei.api.common.display.DisplaySerializer$1@2affa44c
[17:43:57] [REI-ReloadPlugins/DEBUG] [REI] Added display serializer [minecraft:default/blasting] me.shedaniel.rei.api.common.display.DisplaySerializer$1@4ae75219
[17:43:57] [REI-ReloadPlugins/DEBUG] [REI] Added display serializer [minecraft:default/campfire] me.shedaniel.rei.api.common.display.DisplaySerializer$1@6d9ca191
[17:43:57] [REI-ReloadPlugins/DEBUG] [REI] Added display serializer [minecraft:default/stone_cutting] me.shedaniel.rei.api.common.display.DisplaySerializer$1@65505c46
[17:43:57] [REI-ReloadPlugins/DEBUG] [REI] Added display serializer [minecraft:default/stripping] me.shedaniel.rei.api.common.display.DisplaySerializer$1@6a1302ba
[17:43:57] [REI-ReloadPlugins/DEBUG] [REI] Added display serializer [minecraft:default/brewing] me.shedaniel.rei.api.common.display.DisplaySerializer$1@285807f0
[17:43:57] [REI-ReloadPlugins/DEBUG] [REI] Added display serializer [minecraft:default/composting] me.shedaniel.rei.api.common.display.DisplaySerializer$1@38e4f05b
[17:43:57] [REI-ReloadPlugins/DEBUG] [REI] Added display serializer [minecraft:default/fuel] me.shedaniel.rei.api.common.display.DisplaySerializer$1@221d5a09
[17:43:57] [REI-ReloadPlugins/DEBUG] [REI] Added display serializer [minecraft:default/smithing] me.shedaniel.rei.api.common.display.DisplaySerializer$1@4249fd24
[17:43:57] [REI-ReloadPlugins/DEBUG] [REI] Added display serializer [minecraft:default/smithing/trimming] me.shedaniel.rei.api.common.display.DisplaySerializer$1@89e14d0
[17:43:57] [REI-ReloadPlugins/DEBUG] [REI] Added display serializer [minecraft:default/anvil] me.shedaniel.rei.api.common.display.DisplaySerializer$1@761dbd51
[17:43:57] [REI-ReloadPlugins/DEBUG] [REI] Added display serializer [minecraft:default/beacon_base] me.shedaniel.rei.api.common.display.DisplaySerializer$1@69cba0a2
[17:43:57] [REI-ReloadPlugins/DEBUG] [REI] Added display serializer [minecraft:default/beacon_payment] me.shedaniel.rei.api.common.display.DisplaySerializer$1@1711ec03
[17:43:57] [REI-ReloadPlugins/DEBUG] [REI] Added display serializer [minecraft:default/tilling] me.shedaniel.rei.api.common.display.DisplaySerializer$1@376c52df
[17:43:57] [REI-ReloadPlugins/DEBUG] [REI] Added display serializer [minecraft:default/pathing] me.shedaniel.rei.api.common.display.DisplaySerializer$1@2ce370b5
[17:43:57] [REI-ReloadPlugins/DEBUG] [REI] Added display serializer [minecraft:default/waxing] me.shedaniel.rei.api.common.display.DisplaySerializer$1@62a37eca
[17:43:57] [REI-ReloadPlugins/DEBUG] [REI] Added display serializer [minecraft:default/waxing_scraping] me.shedaniel.rei.api.common.display.DisplaySerializer$1@528eb090
[17:43:57] [REI-ReloadPlugins/DEBUG] [REI] Added display serializer [minecraft:default/oxidizing] me.shedaniel.rei.api.common.display.DisplaySerializer$1@1c133a12
[17:43:57] [REI-ReloadPlugins/DEBUG] [REI] Added display serializer [minecraft:default/oxidizing_scraping] me.shedaniel.rei.api.common.display.DisplaySerializer$1@65647b41
[17:43:57] [REI-ReloadPlugins/DEBUG] [REI] Added display serializer [roughlyenoughitems:default/information] me.shedaniel.rei.api.common.display.DisplaySerializer$1@dc90e1
[17:43:57] [REI-ReloadPlugins/TRACE] [REI] [REICommonPlugin START] Reloading Section: "reloadable-plugin/DisplaySerializerRegistryImpl/DefaultPluginImpl of DefaultPluginImpl [roughlyenoughitems]/" done in 239.7 ms
[17:43:57] [REI-ReloadPlugins/TRACE] [REI] [REICommonPlugin START] Reloading Section: "reloadable-plugin/DisplaySerializerRegistryImpl/DefaultRuntimePlugin of DefaultRuntimePlugin [roughlyenoughitems]/"
[17:43:57] [REI-ReloadPlugins/TRACE] [REI] [REICommonPlugin START] Reloading Section: "reloadable-plugin/DisplaySerializerRegistryImpl/DefaultRuntimePlugin of DefaultRuntimePlugin [roughlyenoughitems]/" done in 52.40 μs
[17:43:57] [REI-ReloadPlugins/TRACE] [REI] [REICommonPlugin START] Reloading Section: "reloadable-plugin/DisplaySerializerRegistryImpl/" done in 240.0 ms
[17:43:57] [REI-ReloadPlugins/TRACE] [REI] [REICommonPlugin START] Reloading Section: "reloadable-plugin/ServerDisplayRegistryImpl/"
[17:43:57] [REI-ReloadPlugins/TRACE] [REI] [REICommonPlugin START] Reloading Section: "reloadable-plugin/ServerDisplayRegistryImpl/DefaultPluginImpl of DefaultPluginImpl [roughlyenoughitems]/"
[17:43:57] [REI-ReloadPlugins/TRACE] [REI] [REICommonPlugin START] Reloading Section: "reloadable-plugin/ServerDisplayRegistryImpl/DefaultPluginImpl of DefaultPluginImpl [roughlyenoughitems]/" done in 24.90 μs
[17:43:57] [REI-ReloadPlugins/TRACE] [REI] [REICommonPlugin START] Reloading Section: "reloadable-plugin/ServerDisplayRegistryImpl/DefaultRuntimePlugin of DefaultRuntimePlugin [roughlyenoughitems]/"
[17:43:57] [REI-ReloadPlugins/TRACE] [REI] [REICommonPlugin START] Reloading Section: "reloadable-plugin/ServerDisplayRegistryImpl/DefaultRuntimePlugin of DefaultRuntimePlugin [roughlyenoughitems]/" done in 26.60 μs
[17:43:57] [REI-ReloadPlugins/TRACE] [REI] [REICommonPlugin START] Reloading Section: "reloadable-plugin/ServerDisplayRegistryImpl/" done in 204.7 μs
[17:43:57] [REI-ReloadPlugins/TRACE] [REI] [REICommonPlugin START] Reloading Section: "reloadable-plugin/FluidSupportProviderImpl/"
[17:43:57] [REI-ReloadPlugins/TRACE] [REI] [REICommonPlugin START] Reloading Section: "reloadable-plugin/FluidSupportProviderImpl/DefaultPluginImpl of DefaultPluginImpl [roughlyenoughitems]/"
[17:43:57] [REI-ReloadPlugins/TRACE] [REI] [REICommonPlugin START] Reloading Section: "reloadable-plugin/FluidSupportProviderImpl/DefaultPluginImpl of DefaultPluginImpl [roughlyenoughitems]/" done in 2.349 ms
[17:43:57] [REI-ReloadPlugins/TRACE] [REI] [REICommonPlugin START] Reloading Section: "reloadable-plugin/FluidSupportProviderImpl/DefaultRuntimePlugin of DefaultRuntimePlugin [roughlyenoughitems]/"
[17:43:57] [REI-ReloadPlugins/TRACE] [REI] [REICommonPlugin START] Reloading Section: "reloadable-plugin/FluidSupportProviderImpl/DefaultRuntimePlugin of DefaultRuntimePlugin [roughlyenoughitems]/" done in 59.20 μs
[17:43:57] [REI-ReloadPlugins/TRACE] [REI] [REICommonPlugin START] Reloading Section: "reloadable-plugin/FluidSupportProviderImpl/" done in 2.725 ms
[17:43:57] [REI-ReloadPlugins/TRACE] [REI] [REICommonPlugin START] Reloading Section: "reloadable-plugin/me.shedaniel.rei.plugin.client.runtime.PluginStageExecutionWatcher$1/"
[17:43:57] [REI-ReloadPlugins/TRACE] [REI] [REICommonPlugin START] Reloading Section: "reloadable-plugin/me.shedaniel.rei.plugin.client.runtime.PluginStageExecutionWatcher$1/DefaultPluginImpl of DefaultPluginImpl [roughlyenoughitems]/"
[17:43:57] [REI-ReloadPlugins/TRACE] [REI] [REICommonPlugin START] Reloading Section: "reloadable-plugin/me.shedaniel.rei.plugin.client.runtime.PluginStageExecutionWatcher$1/DefaultPluginImpl of DefaultPluginImpl [roughlyenoughitems]/" done in 25.90 μs
[17:43:57] [REI-ReloadPlugins/TRACE] [REI] [REICommonPlugin START] Reloading Section: "reloadable-plugin/me.shedaniel.rei.plugin.client.runtime.PluginStageExecutionWatcher$1/DefaultRuntimePlugin of DefaultRuntimePlugin [roughlyenoughitems]/"
[17:43:57] [REI-ReloadPlugins/TRACE] [REI] [REICommonPlugin START] Reloading Section: "reloadable-plugin/me.shedaniel.rei.plugin.client.runtime.PluginStageExecutionWatcher$1/DefaultRuntimePlugin of DefaultRuntimePlugin [roughlyenoughitems]/" done in 24.70 μs
[17:43:57] [REI-ReloadPlugins/TRACE] [REI] [REICommonPlugin START] Reloading Section: "reloadable-plugin/me.shedaniel.rei.plugin.client.runtime.PluginStageExecutionWatcher$1/" done in 197.1 μs
[17:43:57] [REI-ReloadPlugins/DEBUG] [REI] ========================================
[17:43:57] [REI-ReloadPlugins/DEBUG] [REI] REICommonPlugin ending main-reload for START.
[17:43:57] [REI-ReloadPlugins/DEBUG] [REI] ========================================
[17:43:57] [REI-ReloadPlugins/TRACE] [REI] [REICommonPlugin START] Reloading Section: "end-reload/"
[17:43:57] [REI-ReloadPlugins/TRACE] [REI] [REICommonPlugin START] Reloading Section: "end-reload/SlotAccessorRegistryImpl/"
[17:43:57] [REI-ReloadPlugins/TRACE] [REI] [REICommonPlugin START] Reloading Section: "end-reload/SlotAccessorRegistryImpl/" done in 64.60 μs
[17:43:57] [REI-ReloadPlugins/TRACE] [REI] [REICommonPlugin START] Reloading Section: "end-reload/EntryTypeRegistryImpl/"
[17:43:57] [REI-ReloadPlugins/TRACE] [REI] [REICommonPlugin START] Reloading Section: "end-reload/EntryTypeRegistryImpl/" done in 31.40 μs
[17:43:57] [REI-ReloadPlugins/TRACE] [REI] [REICommonPlugin START] Reloading Section: "end-reload/EntrySettingsAdapterRegistryImpl/"
[17:43:57] [REI-ReloadPlugins/TRACE] [REI] [REICommonPlugin START] Reloading Section: "end-reload/EntrySettingsAdapterRegistryImpl/" done in 21.40 μs
[17:43:57] [REI-ReloadPlugins/TRACE] [REI] [REICommonPlugin START] Reloading Section: "end-reload/ItemComparatorRegistryImpl/"
[17:43:57] [REI-ReloadPlugins/TRACE] [REI] [REICommonPlugin START] Reloading Section: "end-reload/ItemComparatorRegistryImpl/" done in 37.70 μs
[17:43:57] [REI-ReloadPlugins/TRACE] [REI] [REICommonPlugin START] Reloading Section: "end-reload/FluidComparatorRegistryImpl/"
[17:43:57] [REI-ReloadPlugins/TRACE] [REI] [REICommonPlugin START] Reloading Section: "end-reload/FluidComparatorRegistryImpl/" done in 23.70 μs
[17:43:57] [REI-ReloadPlugins/TRACE] [REI] [REICommonPlugin START] Reloading Section: "end-reload/DisplaySerializerRegistryImpl/"
[17:43:57] [REI-ReloadPlugins/TRACE] [REI] [REICommonPlugin START] Reloading Section: "end-reload/DisplaySerializerRegistryImpl/" done in 20.40 μs
[17:43:57] [REI-ReloadPlugins/TRACE] [REI] [REICommonPlugin START] Reloading Section: "end-reload/ServerDisplayRegistryImpl/"
[17:43:57] [REI-ReloadPlugins/TRACE] [REI] [REICommonPlugin START] Reloading Section: "end-reload/ServerDisplayRegistryImpl/" done in 19.30 μs
[17:43:57] [REI-ReloadPlugins/TRACE] [REI] [REICommonPlugin START] Reloading Section: "end-reload/FluidSupportProviderImpl/"
[17:43:57] [REI-ReloadPlugins/TRACE] [REI] [REICommonPlugin START] Reloading Section: "end-reload/FluidSupportProviderImpl/" done in 19.00 μs
[17:43:57] [REI-ReloadPlugins/TRACE] [REI] [REICommonPlugin START] Reloading Section: "end-reload/me.shedaniel.rei.plugin.client.runtime.PluginStageExecutionWatcher$1/"
[17:43:57] [REI-ReloadPlugins/TRACE] [REI] [REICommonPlugin START] Reloading Section: "end-reload/me.shedaniel.rei.plugin.client.runtime.PluginStageExecutionWatcher$1/" done in 19.80 μs
[17:43:57] [REI-ReloadPlugins/TRACE] [REI] [REICommonPlugin START] Reloading Section: "end-reload/" done in 1.263 ms
[17:43:57] [REI-ReloadPlugins/DEBUG] [REI] ========================================
[17:43:57] [REI-ReloadPlugins/DEBUG] [REI] REICommonPlugin ended main-reload for START in 292.3 ms.
[17:43:57] [REI-ReloadPlugins/DEBUG] [REI] ========================================
[17:43:57] [REI-ReloadPlugins/INFO] [REI] %%%%%%%%%%%%%%%%%%%%%%%%%%%%%%%%%%%%%%%%
[17:43:57] [REI-ReloadPlugins/INFO] [REI] REIClientPlugin starting main-reload for START.
[17:43:57] [REI-ReloadPlugins/DEBUG] [REI] Reloadables (18):
[17:43:57] [REI-ReloadPlugins/DEBUG] [REI]  - EntryRendererRegistryImpl
[17:43:57] [REI-ReloadPlugins/DEBUG] [REI]  - ViewsImpl
[17:43:57] [REI-ReloadPlugins/DEBUG] [REI]  - InputMethodRegistryImpl
[17:43:57] [REI-ReloadPlugins/DEBUG] [REI]  - SearchProviderImpl
[17:43:57] [REI-ReloadPlugins/DEBUG] [REI]  - ConfigManagerImpl
[17:43:57] [REI-ReloadPlugins/DEBUG] [REI]  - EntryRegistryImpl
[17:43:57] [REI-ReloadPlugins/DEBUG] [REI]  - CollapsibleEntryRegistryImpl
[17:43:57] [REI-ReloadPlugins/DEBUG] [REI]  - BasicFilteringRuleImpl
[17:43:57] [REI-ReloadPlugins/DEBUG] [REI]  - CategoryRegistryImpl
[17:43:57] [REI-ReloadPlugins/DEBUG] [REI]  - DisplayRegistryImpl
[17:43:57] [REI-ReloadPlugins/DEBUG] [REI]  - ScreenRegistryImpl
[17:43:57] [REI-ReloadPlugins/DEBUG] [REI]  - FavoriteEntryTypeRegistryImpl
[17:43:57] [REI-ReloadPlugins/DEBUG] [REI]  - SubsetsRegistryImpl
[17:43:57] [REI-ReloadPlugins/DEBUG] [REI]  - TransferHandlerRegistryImpl
[17:43:57] [REI-ReloadPlugins/DEBUG] [REI]  - SearchRuntime
[17:43:57] [REI-ReloadPlugins/DEBUG] [REI]  - REIRuntimeImpl
[17:43:57] [REI-ReloadPlugins/DEBUG] [REI]  - ConfigAddonRegistryImpl
[17:43:57] [REI-ReloadPlugins/DEBUG] [REI]  - me.shedaniel.rei.plugin.client.runtime.PluginStageExecutionWatcher$1
[17:43:57] [REI-ReloadPlugins/INFO] [REI] Plugins (3):
[17:43:57] [REI-ReloadPlugins/INFO] [REI]  - (-100,00) DefaultClientPluginImpl of DefaultClientPluginImpl [roughlyenoughitems]
[17:43:57] [REI-ReloadPlugins/INFO] [REI]  - (0,00) HideIngredientsFromTagsPlugin of HideIngredientsFromTagsPlugin [roughlyenoughitems]
[17:43:57] [REI-ReloadPlugins/INFO] [REI]  - (0,00) DefaultClientRuntimePlugin of DefaultClientRuntimePlugin [roughlyenoughitems]
[17:43:57] [REI-ReloadPlugins/INFO] [REI] %%%%%%%%%%%%%%%%%%%%%%%%%%%%%%%%%%%%%%%%
[17:43:57] [REI-ReloadPlugins/TRACE] [REI] [REIClientPlugin START] Reloading Section: "start-reload/"
[17:43:57] [REI-ReloadPlugins/TRACE] [REI] [REIClientPlugin START] Reloading Section: "start-reload/EntryRendererRegistryImpl/"
[17:43:57] [REI-ReloadPlugins/TRACE] [REI] [REIClientPlugin START] Reloading Section: "start-reload/EntryRendererRegistryImpl/" done in 22.90 μs
[17:43:57] [REI-ReloadPlugins/TRACE] [REI] [REIClientPlugin START] Reloading Section: "start-reload/ViewsImpl/"
[17:43:57] [REI-ReloadPlugins/TRACE] [REI] [REIClientPlugin START] Reloading Section: "start-reload/ViewsImpl/" done in 21.40 μs
[17:43:57] [REI-ReloadPlugins/TRACE] [REI] [REIClientPlugin START] Reloading Section: "start-reload/InputMethodRegistryImpl/"
[17:43:57] [REI-ReloadPlugins/TRACE] [REI] [REIClientPlugin START] Reloading Section: "start-reload/InputMethodRegistryImpl/" done in 19.90 μs
[17:43:57] [REI-ReloadPlugins/TRACE] [REI] [REIClientPlugin START] Reloading Section: "start-reload/SearchProviderImpl/"
[17:43:57] [REI-ReloadPlugins/TRACE] [REI] [REIClientPlugin START] Reloading Section: "start-reload/SearchProviderImpl/" done in 19.40 μs
[17:43:57] [REI-ReloadPlugins/TRACE] [REI] [REIClientPlugin START] Reloading Section: "start-reload/ConfigManagerImpl/"
[17:43:57] [REI-ReloadPlugins/TRACE] [REI] [REIClientPlugin START] Reloading Section: "start-reload/ConfigManagerImpl/" done in 18.50 μs
[17:43:57] [REI-ReloadPlugins/TRACE] [REI] [REIClientPlugin START] Reloading Section: "start-reload/EntryRegistryImpl/"
[17:43:57] [REI-ReloadPlugins/TRACE] [REI] [REIClientPlugin START] Reloading Section: "start-reload/EntryRegistryImpl/" done in 42.30 μs
[17:43:57] [REI-ReloadPlugins/TRACE] [REI] [REIClientPlugin START] Reloading Section: "start-reload/CollapsibleEntryRegistryImpl/"
[17:43:57] [REI-ReloadPlugins/TRACE] [REI] [REIClientPlugin START] Reloading Section: "start-reload/CollapsibleEntryRegistryImpl/" done in 19.90 μs
[17:43:57] [REI-ReloadPlugins/TRACE] [REI] [REIClientPlugin START] Reloading Section: "start-reload/BasicFilteringRuleImpl/"
[17:43:57] [REI-ReloadPlugins/TRACE] [REI] [REIClientPlugin START] Reloading Section: "start-reload/BasicFilteringRuleImpl/" done in 28.50 μs
[17:43:57] [REI-ReloadPlugins/TRACE] [REI] [REIClientPlugin START] Reloading Section: "start-reload/CategoryRegistryImpl/"
[17:43:57] [REI-ReloadPlugins/TRACE] [REI] [REIClientPlugin START] Reloading Section: "start-reload/CategoryRegistryImpl/" done in 17.80 μs
[17:43:57] [REI-ReloadPlugins/TRACE] [REI] [REIClientPlugin START] Reloading Section: "start-reload/DisplayRegistryImpl/"
[17:43:57] [REI-ReloadPlugins/TRACE] [REI] [REIClientPlugin START] Reloading Section: "start-reload/DisplayRegistryImpl/" done in 18.90 μs
[17:43:57] [REI-ReloadPlugins/TRACE] [REI] [REIClientPlugin START] Reloading Section: "start-reload/ScreenRegistryImpl/"
[17:43:57] [REI-ReloadPlugins/DEBUG] [REI] Added overlay decider: me.shedaniel.rei.impl.client.registry.screen.ExclusionZonesImpl@28374028 [-5,00 priority]
[17:43:57] [REI-ReloadPlugins/DEBUG] [REI] Added overlay decider: me.shedaniel.rei.impl.client.registry.screen.ScreenRegistryImpl$1@3f8620a [-10,00 priority]
[17:43:57] [REI-ReloadPlugins/DEBUG] [REI] Added overlay decider: me.shedaniel.rei.impl.client.registry.screen.ScreenRegistryImpl$2@654d7cf4 [-10,00 priority]
[17:43:57] [REI-ReloadPlugins/DEBUG] [REI] Added overlay decider: me.shedaniel.rei.impl.client.registry.screen.ScreenRegistryImpl$3@29d66ea1 [-20,00 priority]
[17:43:57] [REI-ReloadPlugins/DEBUG] [REI] Added focused stack provider: me.shedaniel.rei.impl.client.registry.screen.ScreenRegistryImpl$4@186974b5 [-10,00 priority]
[17:43:57] [REI-ReloadPlugins/DEBUG] [REI] Added draggable component provider: me.shedaniel.rei.api.client.gui.drag.component.DraggableComponentProviderWidget$1@4b73e171 [0,00 priority]
[17:43:57] [REI-ReloadPlugins/DEBUG] [REI] Added draggable component visitor: me.shedaniel.rei.api.client.gui.drag.component.DraggableComponentVisitorWidget$2@4259b4d [0,00 priority]
[17:43:57] [REI-ReloadPlugins/TRACE] [REI] [REIClientPlugin START] Reloading Section: "start-reload/ScreenRegistryImpl/" done in 16.60 ms
[17:43:57] [REI-ReloadPlugins/TRACE] [REI] [REIClientPlugin START] Reloading Section: "start-reload/FavoriteEntryTypeRegistryImpl/"
[17:43:57] [REI-ReloadPlugins/TRACE] [REI] [REIClientPlugin START] Reloading Section: "start-reload/FavoriteEntryTypeRegistryImpl/" done in 55.20 μs
[17:43:57] [REI-ReloadPlugins/TRACE] [REI] [REIClientPlugin START] Reloading Section: "start-reload/SubsetsRegistryImpl/"
[17:43:57] [REI-ReloadPlugins/TRACE] [REI] [REIClientPlugin START] Reloading Section: "start-reload/SubsetsRegistryImpl/" done in 26.40 μs
[17:43:57] [REI-ReloadPlugins/TRACE] [REI] [REIClientPlugin START] Reloading Section: "start-reload/TransferHandlerRegistryImpl/"
[17:43:57] [REI-ReloadPlugins/TRACE] [REI] [REIClientPlugin START] Reloading Section: "start-reload/TransferHandlerRegistryImpl/" done in 23.70 μs
[17:43:57] [REI-ReloadPlugins/TRACE] [REI] [REIClientPlugin START] Reloading Section: "start-reload/SearchRuntime/"
[17:43:57] [REI-ReloadPlugins/DEBUG] [REI] Preparing collapsed entry groups cache with 0 entries and 0 stacks
[17:43:57] [REI-ReloadPlugins/DEBUG] [REI] Prepared collapsed entry groups cache with 0 entries and 0 stacks
[17:43:57] [REI-ReloadPlugins/TRACE] [REI] [REIClientPlugin START] Reloading Section: "start-reload/SearchRuntime/" done in 6.521 ms
[17:43:57] [REI-ReloadPlugins/TRACE] [REI] [REIClientPlugin START] Reloading Section: "start-reload/REIRuntimeImpl/"
[17:43:57] [REI-ReloadPlugins/TRACE] [REI] [REIClientPlugin START] Reloading Section: "start-reload/REIRuntimeImpl/" done in 748.3 μs
[17:43:57] [REI-ReloadPlugins/TRACE] [REI] [REIClientPlugin START] Reloading Section: "start-reload/ConfigAddonRegistryImpl/"
[17:43:57] [REI-ReloadPlugins/TRACE] [REI] [REIClientPlugin START] Reloading Section: "start-reload/ConfigAddonRegistryImpl/" done in 38.80 μs
[17:43:57] [REI-ReloadPlugins/TRACE] [REI] [REIClientPlugin START] Reloading Section: "start-reload/me.shedaniel.rei.plugin.client.runtime.PluginStageExecutionWatcher$1/"
[17:43:57] [REI-ReloadPlugins/TRACE] [REI] [REIClientPlugin START] Reloading Section: "start-reload/me.shedaniel.rei.plugin.client.runtime.PluginStageExecutionWatcher$1/" done in 26.30 μs
[17:43:57] [REI-ReloadPlugins/TRACE] [REI] [REIClientPlugin START] Reloading Section: "start-reload/" done in 25.50 ms
[17:43:57] [REI-ReloadPlugins/DEBUG] [REI] ========================================
[17:43:57] [REI-ReloadPlugins/DEBUG] [REI] REIClientPlugin started main-reload for START.
[17:43:57] [REI-ReloadPlugins/DEBUG] [REI] ========================================
[17:43:57] [REI-ReloadPlugins/TRACE] [REI] [REIClientPlugin START] Reloading Section: "reloadable-plugin/EntryRendererRegistryImpl/"
[17:43:57] [REI-ReloadPlugins/TRACE] [REI] [REIClientPlugin START] Reloading Section: "reloadable-plugin/EntryRendererRegistryImpl/DefaultClientPluginImpl of DefaultClientPluginImpl [roughlyenoughitems]/"
[17:43:57] [REI-ReloadPlugins/TRACE] [REI] [REIClientPlugin START] Reloading Section: "reloadable-plugin/EntryRendererRegistryImpl/DefaultClientPluginImpl of DefaultClientPluginImpl [roughlyenoughitems]/" done in 44.00 μs
[17:43:57] [REI-ReloadPlugins/TRACE] [REI] [REIClientPlugin START] Reloading Section: "reloadable-plugin/EntryRendererRegistryImpl/HideIngredientsFromTagsPlugin of HideIngredientsFromTagsPlugin [roughlyenoughitems]/"
[17:43:57] [REI-ReloadPlugins/TRACE] [REI] [REIClientPlugin START] Reloading Section: "reloadable-plugin/EntryRendererRegistryImpl/HideIngredientsFromTagsPlugin of HideIngredientsFromTagsPlugin [roughlyenoughitems]/" done in 27.00 μs
[17:43:57] [REI-ReloadPlugins/TRACE] [REI] [REIClientPlugin START] Reloading Section: "reloadable-plugin/EntryRendererRegistryImpl/DefaultClientRuntimePlugin of DefaultClientRuntimePlugin [roughlyenoughitems]/"
[17:43:57] [REI-ReloadPlugins/TRACE] [REI] [REIClientPlugin START] Reloading Section: "reloadable-plugin/EntryRendererRegistryImpl/DefaultClientRuntimePlugin of DefaultClientRuntimePlugin [roughlyenoughitems]/" done in 26.30 μs
[17:43:57] [REI-ReloadPlugins/TRACE] [REI] [REIClientPlugin START] Reloading Section: "reloadable-plugin/EntryRendererRegistryImpl/" done in 313.3 μs
[17:43:57] [REI-ReloadPlugins/TRACE] [REI] [REIClientPlugin START] Reloading Section: "reloadable-plugin/ViewsImpl/"
[17:43:57] [REI-ReloadPlugins/TRACE] [REI] [REIClientPlugin START] Reloading Section: "reloadable-plugin/ViewsImpl/DefaultClientPluginImpl of DefaultClientPluginImpl [roughlyenoughitems]/"
[17:43:57] [REI-ReloadPlugins/TRACE] [REI] [REIClientPlugin START] Reloading Section: "reloadable-plugin/ViewsImpl/DefaultClientPluginImpl of DefaultClientPluginImpl [roughlyenoughitems]/" done in 29.90 μs
[17:43:57] [REI-ReloadPlugins/TRACE] [REI] [REIClientPlugin START] Reloading Section: "reloadable-plugin/ViewsImpl/HideIngredientsFromTagsPlugin of HideIngredientsFromTagsPlugin [roughlyenoughitems]/"
[17:43:57] [REI-ReloadPlugins/TRACE] [REI] [REIClientPlugin START] Reloading Section: "reloadable-plugin/ViewsImpl/HideIngredientsFromTagsPlugin of HideIngredientsFromTagsPlugin [roughlyenoughitems]/" done in 29.60 μs
[17:43:57] [REI-ReloadPlugins/TRACE] [REI] [REIClientPlugin START] Reloading Section: "reloadable-plugin/ViewsImpl/DefaultClientRuntimePlugin of DefaultClientRuntimePlugin [roughlyenoughitems]/"
[17:43:57] [REI-ReloadPlugins/TRACE] [REI] [REIClientPlugin START] Reloading Section: "reloadable-plugin/ViewsImpl/DefaultClientRuntimePlugin of DefaultClientRuntimePlugin [roughlyenoughitems]/" done in 24.20 μs
[17:43:57] [REI-ReloadPlugins/TRACE] [REI] [REIClientPlugin START] Reloading Section: "reloadable-plugin/ViewsImpl/" done in 281.6 μs
[17:43:57] [REI-ReloadPlugins/TRACE] [REI] [REIClientPlugin START] Reloading Section: "reloadable-plugin/InputMethodRegistryImpl/"
[17:43:57] [REI-ReloadPlugins/TRACE] [REI] [REIClientPlugin START] Reloading Section: "reloadable-plugin/InputMethodRegistryImpl/DefaultClientPluginImpl of DefaultClientPluginImpl [roughlyenoughitems]/"
[17:43:57] [REI-ReloadPlugins/TRACE] [REI] [REIClientPlugin START] Reloading Section: "reloadable-plugin/InputMethodRegistryImpl/DefaultClientPluginImpl of DefaultClientPluginImpl [roughlyenoughitems]/" done in 69.20 μs
[17:43:57] [REI-ReloadPlugins/TRACE] [REI] [REIClientPlugin START] Reloading Section: "reloadable-plugin/InputMethodRegistryImpl/HideIngredientsFromTagsPlugin of HideIngredientsFromTagsPlugin [roughlyenoughitems]/"
[17:43:57] [REI-ReloadPlugins/TRACE] [REI] [REIClientPlugin START] Reloading Section: "reloadable-plugin/InputMethodRegistryImpl/HideIngredientsFromTagsPlugin of HideIngredientsFromTagsPlugin [roughlyenoughitems]/" done in 28.70 μs
[17:43:57] [REI-ReloadPlugins/TRACE] [REI] [REIClientPlugin START] Reloading Section: "reloadable-plugin/InputMethodRegistryImpl/DefaultClientRuntimePlugin of DefaultClientRuntimePlugin [roughlyenoughitems]/"
[17:43:57] [REI-ReloadPlugins/TRACE] [REI] [REIClientPlugin START] Reloading Section: "reloadable-plugin/InputMethodRegistryImpl/DefaultClientRuntimePlugin of DefaultClientRuntimePlugin [roughlyenoughitems]/" done in 26.70 μs
[17:43:57] [REI-ReloadPlugins/TRACE] [REI] [REIClientPlugin START] Reloading Section: "reloadable-plugin/InputMethodRegistryImpl/" done in 376.1 μs
[17:43:57] [REI-ReloadPlugins/TRACE] [REI] [REIClientPlugin START] Reloading Section: "reloadable-plugin/SearchProviderImpl/"
[17:43:57] [REI-ReloadPlugins/TRACE] [REI] [REIClientPlugin START] Reloading Section: "reloadable-plugin/SearchProviderImpl/DefaultClientPluginImpl of DefaultClientPluginImpl [roughlyenoughitems]/"
[17:43:57] [REI-ReloadPlugins/TRACE] [REI] [REIClientPlugin START] Reloading Section: "reloadable-plugin/SearchProviderImpl/DefaultClientPluginImpl of DefaultClientPluginImpl [roughlyenoughitems]/" done in 34.40 μs
[17:43:57] [REI-ReloadPlugins/TRACE] [REI] [REIClientPlugin START] Reloading Section: "reloadable-plugin/SearchProviderImpl/HideIngredientsFromTagsPlugin of HideIngredientsFromTagsPlugin [roughlyenoughitems]/"
[17:43:57] [REI-ReloadPlugins/TRACE] [REI] [REIClientPlugin START] Reloading Section: "reloadable-plugin/SearchProviderImpl/HideIngredientsFromTagsPlugin of HideIngredientsFromTagsPlugin [roughlyenoughitems]/" done in 38.00 μs
[17:43:57] [REI-ReloadPlugins/TRACE] [REI] [REIClientPlugin START] Reloading Section: "reloadable-plugin/SearchProviderImpl/DefaultClientRuntimePlugin of DefaultClientRuntimePlugin [roughlyenoughitems]/"
[17:43:57] [REI-ReloadPlugins/TRACE] [REI] [REIClientPlugin START] Reloading Section: "reloadable-plugin/SearchProviderImpl/DefaultClientRuntimePlugin of DefaultClientRuntimePlugin [roughlyenoughitems]/" done in 22.90 μs
[17:43:57] [REI-ReloadPlugins/TRACE] [REI] [REIClientPlugin START] Reloading Section: "reloadable-plugin/SearchProviderImpl/" done in 289.0 μs
[17:43:57] [REI-ReloadPlugins/TRACE] [REI] [REIClientPlugin START] Reloading Section: "reloadable-plugin/ConfigManagerImpl/"
[17:43:57] [REI-ReloadPlugins/TRACE] [REI] [REIClientPlugin START] Reloading Section: "reloadable-plugin/ConfigManagerImpl/DefaultClientPluginImpl of DefaultClientPluginImpl [roughlyenoughitems]/"
[17:43:57] [REI-ReloadPlugins/TRACE] [REI] [REIClientPlugin START] Reloading Section: "reloadable-plugin/ConfigManagerImpl/DefaultClientPluginImpl of DefaultClientPluginImpl [roughlyenoughitems]/" done in 22.10 μs
[17:43:57] [REI-ReloadPlugins/TRACE] [REI] [REIClientPlugin START] Reloading Section: "reloadable-plugin/ConfigManagerImpl/HideIngredientsFromTagsPlugin of HideIngredientsFromTagsPlugin [roughlyenoughitems]/"
[17:43:57] [REI-ReloadPlugins/TRACE] [REI] [REIClientPlugin START] Reloading Section: "reloadable-plugin/ConfigManagerImpl/HideIngredientsFromTagsPlugin of HideIngredientsFromTagsPlugin [roughlyenoughitems]/" done in 20.10 μs
[17:43:57] [REI-ReloadPlugins/TRACE] [REI] [REIClientPlugin START] Reloading Section: "reloadable-plugin/ConfigManagerImpl/DefaultClientRuntimePlugin of DefaultClientRuntimePlugin [roughlyenoughitems]/"
[17:43:57] [REI-ReloadPlugins/TRACE] [REI] [REIClientPlugin START] Reloading Section: "reloadable-plugin/ConfigManagerImpl/DefaultClientRuntimePlugin of DefaultClientRuntimePlugin [roughlyenoughitems]/" done in 23.30 μs
[17:43:57] [REI-ReloadPlugins/TRACE] [REI] [REIClientPlugin START] Reloading Section: "reloadable-plugin/ConfigManagerImpl/" done in 220.8 μs
[17:43:57] [REI-ReloadPlugins/TRACE] [REI] [REIClientPlugin START] Reloading Section: "reloadable-plugin/EntryRegistryImpl/"
[17:43:57] [REI-ReloadPlugins/TRACE] [REI] [REIClientPlugin START] Reloading Section: "reloadable-plugin/EntryRegistryImpl/DefaultClientPluginImpl of DefaultClientPluginImpl [roughlyenoughitems]/"
[17:43:58] [REI-ReloadPlugins/TRACE] [REI] Registered 1718 entries from plugin DefaultClientPluginImpl
[17:43:58] [REI-ReloadPlugins/TRACE] [REI] [REIClientPlugin START] Reloading Section: "reloadable-plugin/EntryRegistryImpl/DefaultClientPluginImpl of DefaultClientPluginImpl [roughlyenoughitems]/" done in 196.2 ms
[17:43:58] [REI-ReloadPlugins/TRACE] [REI] [REIClientPlugin START] Reloading Section: "reloadable-plugin/EntryRegistryImpl/HideIngredientsFromTagsPlugin of HideIngredientsFromTagsPlugin [roughlyenoughitems]/"
[17:43:58] [REI-ReloadPlugins/TRACE] [REI] Registered 0 entries from plugin HideIngredientsFromTagsPlugin
[17:43:58] [REI-ReloadPlugins/TRACE] [REI] [REIClientPlugin START] Reloading Section: "reloadable-plugin/EntryRegistryImpl/HideIngredientsFromTagsPlugin of HideIngredientsFromTagsPlugin [roughlyenoughitems]/" done in 132.4 μs
[17:43:58] [REI-ReloadPlugins/TRACE] [REI] [REIClientPlugin START] Reloading Section: "reloadable-plugin/EntryRegistryImpl/DefaultClientRuntimePlugin of DefaultClientRuntimePlugin [roughlyenoughitems]/"
[17:43:58] [REI-ReloadPlugins/TRACE] [REI] Registered 0 entries from plugin DefaultClientRuntimePlugin
[17:43:58] [REI-ReloadPlugins/TRACE] [REI] [REIClientPlugin START] Reloading Section: "reloadable-plugin/EntryRegistryImpl/DefaultClientRuntimePlugin of DefaultClientRuntimePlugin [roughlyenoughitems]/" done in 1.163 ms
[17:43:58] [REI-ReloadPlugins/TRACE] [REI] [REIClientPlugin START] Reloading Section: "reloadable-plugin/EntryRegistryImpl/" done in 198.1 ms
[17:43:58] [REI-ReloadPlugins/TRACE] [REI] [REIClientPlugin START] Reloading Section: "reloadable-plugin/CollapsibleEntryRegistryImpl/"
[17:43:58] [REI-ReloadPlugins/TRACE] [REI] [REIClientPlugin START] Reloading Section: "reloadable-plugin/CollapsibleEntryRegistryImpl/DefaultClientPluginImpl of DefaultClientPluginImpl [roughlyenoughitems]/"
[17:43:58] [REI-ReloadPlugins/TRACE] [REI] [REIClientPlugin START] Reloading Section: "reloadable-plugin/CollapsibleEntryRegistryImpl/DefaultClientPluginImpl of DefaultClientPluginImpl [roughlyenoughitems]/" done in 32.30 μs
[17:43:58] [REI-ReloadPlugins/TRACE] [REI] [REIClientPlugin START] Reloading Section: "reloadable-plugin/CollapsibleEntryRegistryImpl/HideIngredientsFromTagsPlugin of HideIngredientsFromTagsPlugin [roughlyenoughitems]/"
[17:43:58] [REI-ReloadPlugins/TRACE] [REI] [REIClientPlugin START] Reloading Section: "reloadable-plugin/CollapsibleEntryRegistryImpl/HideIngredientsFromTagsPlugin of HideIngredientsFromTagsPlugin [roughlyenoughitems]/" done in 35.50 μs
[17:43:58] [REI-ReloadPlugins/TRACE] [REI] [REIClientPlugin START] Reloading Section: "reloadable-plugin/CollapsibleEntryRegistryImpl/DefaultClientRuntimePlugin of DefaultClientRuntimePlugin [roughlyenoughitems]/"
[17:43:58] [REI-ReloadPlugins/TRACE] [REI] [REIClientPlugin START] Reloading Section: "reloadable-plugin/CollapsibleEntryRegistryImpl/DefaultClientRuntimePlugin of DefaultClientRuntimePlugin [roughlyenoughitems]/" done in 28.00 μs
[17:43:58] [REI-ReloadPlugins/TRACE] [REI] [REIClientPlugin START] Reloading Section: "reloadable-plugin/CollapsibleEntryRegistryImpl/" done in 325.2 μs
[17:43:58] [REI-ReloadPlugins/TRACE] [REI] [REIClientPlugin START] Reloading Section: "reloadable-plugin/BasicFilteringRuleImpl/"
[17:43:58] [REI-ReloadPlugins/TRACE] [REI] [REIClientPlugin START] Reloading Section: "reloadable-plugin/BasicFilteringRuleImpl/DefaultClientPluginImpl of DefaultClientPluginImpl [roughlyenoughitems]/"
[17:43:58] [REI-ReloadPlugins/TRACE] [REI] [REIClientPlugin START] Reloading Section: "reloadable-plugin/BasicFilteringRuleImpl/DefaultClientPluginImpl of DefaultClientPluginImpl [roughlyenoughitems]/" done in 26.30 μs
[17:43:58] [REI-ReloadPlugins/TRACE] [REI] [REIClientPlugin START] Reloading Section: "reloadable-plugin/BasicFilteringRuleImpl/HideIngredientsFromTagsPlugin of HideIngredientsFromTagsPlugin [roughlyenoughitems]/"
[17:43:58] [REI-ReloadPlugins/TRACE] [REI] [REIClientPlugin START] Reloading Section: "reloadable-plugin/BasicFilteringRuleImpl/HideIngredientsFromTagsPlugin of HideIngredientsFromTagsPlugin [roughlyenoughitems]/" done in 16.30 μs
[17:43:58] [REI-ReloadPlugins/TRACE] [REI] [REIClientPlugin START] Reloading Section: "reloadable-plugin/BasicFilteringRuleImpl/DefaultClientRuntimePlugin of DefaultClientRuntimePlugin [roughlyenoughitems]/"
[17:43:58] [REI-ReloadPlugins/TRACE] [REI] [REIClientPlugin START] Reloading Section: "reloadable-plugin/BasicFilteringRuleImpl/DefaultClientRuntimePlugin of DefaultClientRuntimePlugin [roughlyenoughitems]/" done in 20.70 μs
[17:43:58] [REI-ReloadPlugins/TRACE] [REI] [REIClientPlugin START] Reloading Section: "reloadable-plugin/BasicFilteringRuleImpl/" done in 228.5 μs
[17:43:58] [REI-ReloadPlugins/TRACE] [REI] [REIClientPlugin START] Reloading Section: "reloadable-plugin/CategoryRegistryImpl/"
[17:43:58] [REI-ReloadPlugins/TRACE] [REI] [REIClientPlugin START] Reloading Section: "reloadable-plugin/CategoryRegistryImpl/DefaultClientPluginImpl of DefaultClientPluginImpl [roughlyenoughitems]/"
[17:43:58] [REI-ReloadPlugins/TRACE] [REI] [REIClientPlugin START] Reloading Section: "reloadable-plugin/CategoryRegistryImpl/DefaultClientPluginImpl of DefaultClientPluginImpl [roughlyenoughitems]/" done in 23.70 μs
[17:43:58] [REI-ReloadPlugins/TRACE] [REI] [REIClientPlugin START] Reloading Section: "reloadable-plugin/CategoryRegistryImpl/HideIngredientsFromTagsPlugin of HideIngredientsFromTagsPlugin [roughlyenoughitems]/"
[17:43:58] [REI-ReloadPlugins/TRACE] [REI] [REIClientPlugin START] Reloading Section: "reloadable-plugin/CategoryRegistryImpl/HideIngredientsFromTagsPlugin of HideIngredientsFromTagsPlugin [roughlyenoughitems]/" done in 22.50 μs
[17:43:58] [REI-ReloadPlugins/TRACE] [REI] [REIClientPlugin START] Reloading Section: "reloadable-plugin/CategoryRegistryImpl/DefaultClientRuntimePlugin of DefaultClientRuntimePlugin [roughlyenoughitems]/"
[17:43:58] [REI-ReloadPlugins/TRACE] [REI] [REIClientPlugin START] Reloading Section: "reloadable-plugin/CategoryRegistryImpl/DefaultClientRuntimePlugin of DefaultClientRuntimePlugin [roughlyenoughitems]/" done in 16.90 μs
[17:43:58] [REI-ReloadPlugins/TRACE] [REI] [REIClientPlugin START] Reloading Section: "reloadable-plugin/CategoryRegistryImpl/" done in 215.4 μs
[17:43:58] [REI-ReloadPlugins/TRACE] [REI] [REIClientPlugin START] Reloading Section: "reloadable-plugin/DisplayRegistryImpl/"
[17:43:58] [REI-ReloadPlugins/TRACE] [REI] [REIClientPlugin START] Reloading Section: "reloadable-plugin/DisplayRegistryImpl/DefaultClientPluginImpl of DefaultClientPluginImpl [roughlyenoughitems]/"
[17:43:58] [REI-ReloadPlugins/TRACE] [REI] [REIClientPlugin START] Reloading Section: "reloadable-plugin/DisplayRegistryImpl/DefaultClientPluginImpl of DefaultClientPluginImpl [roughlyenoughitems]/" done in 19.00 μs
[17:43:58] [REI-ReloadPlugins/TRACE] [REI] [REIClientPlugin START] Reloading Section: "reloadable-plugin/DisplayRegistryImpl/HideIngredientsFromTagsPlugin of HideIngredientsFromTagsPlugin [roughlyenoughitems]/"
[17:43:58] [REI-ReloadPlugins/TRACE] [REI] [REIClientPlugin START] Reloading Section: "reloadable-plugin/DisplayRegistryImpl/HideIngredientsFromTagsPlugin of HideIngredientsFromTagsPlugin [roughlyenoughitems]/" done in 21.50 μs
[17:43:58] [REI-ReloadPlugins/TRACE] [REI] [REIClientPlugin START] Reloading Section: "reloadable-plugin/DisplayRegistryImpl/DefaultClientRuntimePlugin of DefaultClientRuntimePlugin [roughlyenoughitems]/"
[17:43:58] [REI-ReloadPlugins/TRACE] [REI] [REIClientPlugin START] Reloading Section: "reloadable-plugin/DisplayRegistryImpl/DefaultClientRuntimePlugin of DefaultClientRuntimePlugin [roughlyenoughitems]/" done in 13.80 μs
[17:43:58] [REI-ReloadPlugins/TRACE] [REI] [REIClientPlugin START] Reloading Section: "reloadable-plugin/DisplayRegistryImpl/" done in 177.7 μs
[17:43:58] [REI-ReloadPlugins/TRACE] [REI] [REIClientPlugin START] Reloading Section: "reloadable-plugin/ScreenRegistryImpl/"
[17:43:58] [REI-ReloadPlugins/TRACE] [REI] [REIClientPlugin START] Reloading Section: "reloadable-plugin/ScreenRegistryImpl/DefaultClientPluginImpl of DefaultClientPluginImpl [roughlyenoughitems]/"
[17:43:58] [REI-ReloadPlugins/DEBUG] [REI] Added click area provider for net.minecraft.client.gui.screens.inventory.CraftingScreen: me.shedaniel.rei.api.client.registry.screen.SimpleClickArea$$Lambda/0x0000021d9d7e4be0@78b541de
[17:43:58] [REI-ReloadPlugins/DEBUG] [REI] Added click area provider for net.minecraft.client.gui.screens.inventory.InventoryScreen: me.shedaniel.rei.api.client.registry.screen.SimpleClickArea$$Lambda/0x0000021d9d7e4be0@1ad55481
[17:43:58] [REI-ReloadPlugins/DEBUG] [REI] Added click area provider for net.minecraft.client.gui.screens.inventory.BrewingStandScreen: me.shedaniel.rei.api.client.registry.screen.SimpleClickArea$$Lambda/0x0000021d9d7e4be0@37e82c6f
[17:43:58] [REI-ReloadPlugins/DEBUG] [REI] Added click area provider for net.minecraft.client.gui.screens.inventory.FurnaceScreen: me.shedaniel.rei.api.client.registry.screen.SimpleClickArea$$Lambda/0x0000021d9d7e4be0@658120fd
[17:43:58] [REI-ReloadPlugins/DEBUG] [REI] Added click area provider for net.minecraft.client.gui.screens.inventory.SmokerScreen: me.shedaniel.rei.api.client.registry.screen.SimpleClickArea$$Lambda/0x0000021d9d7e4be0@3bb17cc1
[17:43:58] [REI-ReloadPlugins/DEBUG] [REI] Added click area provider for net.minecraft.client.gui.screens.inventory.BlastFurnaceScreen: me.shedaniel.rei.api.client.registry.screen.SimpleClickArea$$Lambda/0x0000021d9d7e4be0@bf0466a
[17:43:58] [REI-ReloadPlugins/DEBUG] [REI] Added exclusion zones provider: me.shedaniel.rei.plugin.client.exclusionzones.DefaultPotionEffectExclusionZones@30751738 for net.minecraft.client.gui.screens.inventory.InventoryScreen
[17:43:58] [REI-ReloadPlugins/DEBUG] [REI] Added exclusion zones provider: me.shedaniel.rei.plugin.client.exclusionzones.DefaultPotionEffectExclusionZones@70d8cc72 for net.minecraft.client.gui.screens.inventory.CreativeModeInventoryScreen
[17:43:58] [REI-ReloadPlugins/DEBUG] [REI] Added exclusion zones provider: me.shedaniel.rei.plugin.client.exclusionzones.DefaultRecipeBookExclusionZones@4e1a23d1 for net.minecraft.client.gui.screens.recipebook.RecipeUpdateListener
[17:43:58] [REI-ReloadPlugins/TRACE] [REI] [REIClientPlugin START] Reloading Section: "reloadable-plugin/ScreenRegistryImpl/DefaultClientPluginImpl of DefaultClientPluginImpl [roughlyenoughitems]/" done in 18.58 ms
[17:43:58] [REI-ReloadPlugins/TRACE] [REI] [REIClientPlugin START] Reloading Section: "reloadable-plugin/ScreenRegistryImpl/HideIngredientsFromTagsPlugin of HideIngredientsFromTagsPlugin [roughlyenoughitems]/"
[17:43:58] [REI-ReloadPlugins/TRACE] [REI] [REIClientPlugin START] Reloading Section: "reloadable-plugin/ScreenRegistryImpl/HideIngredientsFromTagsPlugin of HideIngredientsFromTagsPlugin [roughlyenoughitems]/" done in 28.80 μs
[17:43:58] [REI-ReloadPlugins/TRACE] [REI] [REIClientPlugin START] Reloading Section: "reloadable-plugin/ScreenRegistryImpl/DefaultClientRuntimePlugin of DefaultClientRuntimePlugin [roughlyenoughitems]/"
[17:43:58] [REI-ReloadPlugins/DEBUG] [REI] Added exclusion zones provider: me.shedaniel.rei.plugin.client.runtime.DefaultClientRuntimePlugin$$Lambda/0x0000021d9d7e5b20@1493cda5 for me.shedaniel.rei.impl.client.gui.screen.DefaultDisplayViewingScreen
[17:43:58] [REI-ReloadPlugins/DEBUG] [REI] Added exclusion zones provider: me.shedaniel.rei.plugin.client.runtime.DefaultClientRuntimePlugin$$Lambda/0x0000021d9d7e5d30@69fa407a for net.minecraft.client.gui.screens.Screen
[17:43:58] [REI-ReloadPlugins/DEBUG] [REI] Added draggable component provider: me.shedaniel.rei.api.client.gui.drag.component.DraggableComponentProviderWidget$1@78a2183c [0,00 priority]
[17:43:58] [REI-ReloadPlugins/DEBUG] [REI] Added draggable component visitor: me.shedaniel.rei.api.client.gui.drag.component.DraggableComponentVisitorWidget$2@584f8c0a [0,00 priority]
[17:43:58] [REI-ReloadPlugins/TRACE] [REI] [REIClientPlugin START] Reloading Section: "reloadable-plugin/ScreenRegistryImpl/DefaultClientRuntimePlugin of DefaultClientRuntimePlugin [roughlyenoughitems]/" done in 3.481 ms
[17:43:58] [REI-ReloadPlugins/TRACE] [REI] [REIClientPlugin START] Reloading Section: "reloadable-plugin/ScreenRegistryImpl/" done in 22.41 ms
[17:43:58] [REI-ReloadPlugins/TRACE] [REI] [REIClientPlugin START] Reloading Section: "reloadable-plugin/FavoriteEntryTypeRegistryImpl/"
[17:43:58] [REI-ReloadPlugins/TRACE] [REI] [REIClientPlugin START] Reloading Section: "reloadable-plugin/FavoriteEntryTypeRegistryImpl/DefaultClientPluginImpl of DefaultClientPluginImpl [roughlyenoughitems]/"
[17:43:58] [REI-ReloadPlugins/DEBUG] [REI] Added favorite entry type [roughlyenoughitems:gamemode]: INSTANCE
[17:43:58] [REI-ReloadPlugins/DEBUG] [REI] Added favorite entry type [roughlyenoughitems:weather]: INSTANCE
[17:43:58] [REI-ReloadPlugins/DEBUG] [REI] Added favorite entry type [roughlyenoughitems:time]: INSTANCE
[17:43:58] [REI-ReloadPlugins/TRACE] [REI] [REIClientPlugin START] Reloading Section: "reloadable-plugin/FavoriteEntryTypeRegistryImpl/DefaultClientPluginImpl of DefaultClientPluginImpl [roughlyenoughitems]/" done in 30.50 ms
[17:43:58] [REI-ReloadPlugins/TRACE] [REI] [REIClientPlugin START] Reloading Section: "reloadable-plugin/FavoriteEntryTypeRegistryImpl/HideIngredientsFromTagsPlugin of HideIngredientsFromTagsPlugin [roughlyenoughitems]/"
[17:43:58] [REI-ReloadPlugins/TRACE] [REI] [REIClientPlugin START] Reloading Section: "reloadable-plugin/FavoriteEntryTypeRegistryImpl/HideIngredientsFromTagsPlugin of HideIngredientsFromTagsPlugin [roughlyenoughitems]/" done in 35.50 μs
[17:43:58] [REI-ReloadPlugins/TRACE] [REI] [REIClientPlugin START] Reloading Section: "reloadable-plugin/FavoriteEntryTypeRegistryImpl/DefaultClientRuntimePlugin of DefaultClientRuntimePlugin [roughlyenoughitems]/"
[17:43:58] [REI-ReloadPlugins/DEBUG] [REI] Added favorite entry type [roughlyenoughitems:entry_stack]: INSTANCE
[17:43:58] [REI-ReloadPlugins/DEBUG] [REI] Added favorite entry type [roughlyenoughitems:display]: INSTANCE
[17:43:58] [REI-ReloadPlugins/TRACE] [REI] [REIClientPlugin START] Reloading Section: "reloadable-plugin/FavoriteEntryTypeRegistryImpl/DefaultClientRuntimePlugin of DefaultClientRuntimePlugin [roughlyenoughitems]/" done in 4.097 ms
[17:43:58] [REI-ReloadPlugins/TRACE] [REI] [REIClientPlugin START] Reloading Section: "reloadable-plugin/FavoriteEntryTypeRegistryImpl/" done in 34.99 ms
[17:43:58] [REI-ReloadPlugins/TRACE] [REI] [REIClientPlugin START] Reloading Section: "reloadable-plugin/SubsetsRegistryImpl/"
[17:43:58] [REI-ReloadPlugins/TRACE] [REI] [REIClientPlugin START] Reloading Section: "reloadable-plugin/SubsetsRegistryImpl/DefaultClientPluginImpl of DefaultClientPluginImpl [roughlyenoughitems]/"
[17:43:58] [REI-ReloadPlugins/TRACE] [REI] [REIClientPlugin START] Reloading Section: "reloadable-plugin/SubsetsRegistryImpl/DefaultClientPluginImpl of DefaultClientPluginImpl [roughlyenoughitems]/" done in 20.40 μs
[17:43:58] [REI-ReloadPlugins/TRACE] [REI] [REIClientPlugin START] Reloading Section: "reloadable-plugin/SubsetsRegistryImpl/HideIngredientsFromTagsPlugin of HideIngredientsFromTagsPlugin [roughlyenoughitems]/"
[17:43:58] [REI-ReloadPlugins/TRACE] [REI] [REIClientPlugin START] Reloading Section: "reloadable-plugin/SubsetsRegistryImpl/HideIngredientsFromTagsPlugin of HideIngredientsFromTagsPlugin [roughlyenoughitems]/" done in 14.70 μs
[17:43:58] [REI-ReloadPlugins/TRACE] [REI] [REIClientPlugin START] Reloading Section: "reloadable-plugin/SubsetsRegistryImpl/DefaultClientRuntimePlugin of DefaultClientRuntimePlugin [roughlyenoughitems]/"
[17:43:58] [REI-ReloadPlugins/TRACE] [REI] [REIClientPlugin START] Reloading Section: "reloadable-plugin/SubsetsRegistryImpl/DefaultClientRuntimePlugin of DefaultClientRuntimePlugin [roughlyenoughitems]/" done in 14.20 μs
[17:43:58] [REI-ReloadPlugins/TRACE] [REI] [REIClientPlugin START] Reloading Section: "reloadable-plugin/SubsetsRegistryImpl/" done in 186.4 μs
[17:43:58] [REI-ReloadPlugins/TRACE] [REI] [REIClientPlugin START] Reloading Section: "reloadable-plugin/TransferHandlerRegistryImpl/"
[17:43:58] [REI-ReloadPlugins/TRACE] [REI] [REIClientPlugin START] Reloading Section: "reloadable-plugin/TransferHandlerRegistryImpl/DefaultClientPluginImpl of DefaultClientPluginImpl [roughlyenoughitems]/"
[17:43:58] [REI-ReloadPlugins/TRACE] [REI] [REIClientPlugin START] Reloading Section: "reloadable-plugin/TransferHandlerRegistryImpl/DefaultClientPluginImpl of DefaultClientPluginImpl [roughlyenoughitems]/" done in 13.50 μs
[17:43:58] [REI-ReloadPlugins/TRACE] [REI] [REIClientPlugin START] Reloading Section: "reloadable-plugin/TransferHandlerRegistryImpl/HideIngredientsFromTagsPlugin of HideIngredientsFromTagsPlugin [roughlyenoughitems]/"
[17:43:58] [REI-ReloadPlugins/TRACE] [REI] [REIClientPlugin START] Reloading Section: "reloadable-plugin/TransferHandlerRegistryImpl/HideIngredientsFromTagsPlugin of HideIngredientsFromTagsPlugin [roughlyenoughitems]/" done in 22.60 μs
[17:43:58] [REI-ReloadPlugins/TRACE] [REI] [REIClientPlugin START] Reloading Section: "reloadable-plugin/TransferHandlerRegistryImpl/DefaultClientRuntimePlugin of DefaultClientRuntimePlugin [roughlyenoughitems]/"
[17:43:58] [REI-ReloadPlugins/TRACE] [REI] [REIClientPlugin START] Reloading Section: "reloadable-plugin/TransferHandlerRegistryImpl/DefaultClientRuntimePlugin of DefaultClientRuntimePlugin [roughlyenoughitems]/" done in 13.60 μs
[17:43:58] [REI-ReloadPlugins/TRACE] [REI] [REIClientPlugin START] Reloading Section: "reloadable-plugin/TransferHandlerRegistryImpl/" done in 150.4 μs
[17:43:58] [REI-ReloadPlugins/TRACE] [REI] [REIClientPlugin START] Reloading Section: "reloadable-plugin/SearchRuntime/"
[17:43:58] [REI-ReloadPlugins/TRACE] [REI] [REIClientPlugin START] Reloading Section: "reloadable-plugin/SearchRuntime/DefaultClientPluginImpl of DefaultClientPluginImpl [roughlyenoughitems]/"
[17:43:58] [REI-ReloadPlugins/TRACE] [REI] [REIClientPlugin START] Reloading Section: "reloadable-plugin/SearchRuntime/DefaultClientPluginImpl of DefaultClientPluginImpl [roughlyenoughitems]/" done in 15.30 μs
[17:43:58] [REI-ReloadPlugins/TRACE] [REI] [REIClientPlugin START] Reloading Section: "reloadable-plugin/SearchRuntime/HideIngredientsFromTagsPlugin of HideIngredientsFromTagsPlugin [roughlyenoughitems]/"
[17:43:58] [REI-ReloadPlugins/TRACE] [REI] [REIClientPlugin START] Reloading Section: "reloadable-plugin/SearchRuntime/HideIngredientsFromTagsPlugin of HideIngredientsFromTagsPlugin [roughlyenoughitems]/" done in 13.20 μs
[17:43:58] [REI-ReloadPlugins/TRACE] [REI] [REIClientPlugin START] Reloading Section: "reloadable-plugin/SearchRuntime/DefaultClientRuntimePlugin of DefaultClientRuntimePlugin [roughlyenoughitems]/"
[17:43:58] [REI-ReloadPlugins/TRACE] [REI] [REIClientPlugin START] Reloading Section: "reloadable-plugin/SearchRuntime/DefaultClientRuntimePlugin of DefaultClientRuntimePlugin [roughlyenoughitems]/" done in 13.20 μs
[17:43:58] [REI-ReloadPlugins/TRACE] [REI] [REIClientPlugin START] Reloading Section: "reloadable-plugin/SearchRuntime/" done in 143.9 μs
[17:43:58] [REI-ReloadPlugins/TRACE] [REI] [REIClientPlugin START] Reloading Section: "reloadable-plugin/REIRuntimeImpl/"
[17:43:58] [REI-ReloadPlugins/TRACE] [REI] [REIClientPlugin START] Reloading Section: "reloadable-plugin/REIRuntimeImpl/DefaultClientPluginImpl of DefaultClientPluginImpl [roughlyenoughitems]/"
[17:43:58] [REI-ReloadPlugins/TRACE] [REI] [REIClientPlugin START] Reloading Section: "reloadable-plugin/REIRuntimeImpl/DefaultClientPluginImpl of DefaultClientPluginImpl [roughlyenoughitems]/" done in 16.50 μs
[17:43:58] [REI-ReloadPlugins/TRACE] [REI] [REIClientPlugin START] Reloading Section: "reloadable-plugin/REIRuntimeImpl/HideIngredientsFromTagsPlugin of HideIngredientsFromTagsPlugin [roughlyenoughitems]/"
[17:43:58] [REI-ReloadPlugins/TRACE] [REI] [REIClientPlugin START] Reloading Section: "reloadable-plugin/REIRuntimeImpl/HideIngredientsFromTagsPlugin of HideIngredientsFromTagsPlugin [roughlyenoughitems]/" done in 12.90 μs
[17:43:58] [REI-ReloadPlugins/TRACE] [REI] [REIClientPlugin START] Reloading Section: "reloadable-plugin/REIRuntimeImpl/DefaultClientRuntimePlugin of DefaultClientRuntimePlugin [roughlyenoughitems]/"
[17:43:58] [REI-ReloadPlugins/TRACE] [REI] [REIClientPlugin START] Reloading Section: "reloadable-plugin/REIRuntimeImpl/DefaultClientRuntimePlugin of DefaultClientRuntimePlugin [roughlyenoughitems]/" done in 46.60 μs
[17:43:58] [REI-ReloadPlugins/TRACE] [REI] [REIClientPlugin START] Reloading Section: "reloadable-plugin/REIRuntimeImpl/" done in 416.4 μs
[17:43:58] [REI-ReloadPlugins/TRACE] [REI] [REIClientPlugin START] Reloading Section: "reloadable-plugin/ConfigAddonRegistryImpl/"
[17:43:58] [REI-ReloadPlugins/TRACE] [REI] [REIClientPlugin START] Reloading Section: "reloadable-plugin/ConfigAddonRegistryImpl/DefaultClientPluginImpl of DefaultClientPluginImpl [roughlyenoughitems]/"
[17:43:58] [REI-ReloadPlugins/TRACE] [REI] [REIClientPlugin START] Reloading Section: "reloadable-plugin/ConfigAddonRegistryImpl/DefaultClientPluginImpl of DefaultClientPluginImpl [roughlyenoughitems]/" done in 23.60 μs
[17:43:58] [REI-ReloadPlugins/TRACE] [REI] [REIClientPlugin START] Reloading Section: "reloadable-plugin/ConfigAddonRegistryImpl/HideIngredientsFromTagsPlugin of HideIngredientsFromTagsPlugin [roughlyenoughitems]/"
[17:43:58] [REI-ReloadPlugins/TRACE] [REI] [REIClientPlugin START] Reloading Section: "reloadable-plugin/ConfigAddonRegistryImpl/HideIngredientsFromTagsPlugin of HideIngredientsFromTagsPlugin [roughlyenoughitems]/" done in 20.00 μs
[17:43:58] [REI-ReloadPlugins/TRACE] [REI] [REIClientPlugin START] Reloading Section: "reloadable-plugin/ConfigAddonRegistryImpl/DefaultClientRuntimePlugin of DefaultClientRuntimePlugin [roughlyenoughitems]/"
[17:43:58] [REI-ReloadPlugins/TRACE] [REI] [REIClientPlugin START] Reloading Section: "reloadable-plugin/ConfigAddonRegistryImpl/DefaultClientRuntimePlugin of DefaultClientRuntimePlugin [roughlyenoughitems]/" done in 19.30 μs
[17:43:58] [REI-ReloadPlugins/TRACE] [REI] [REIClientPlugin START] Reloading Section: "reloadable-plugin/ConfigAddonRegistryImpl/" done in 215.2 μs
[17:43:58] [REI-ReloadPlugins/TRACE] [REI] [REIClientPlugin START] Reloading Section: "reloadable-plugin/me.shedaniel.rei.plugin.client.runtime.PluginStageExecutionWatcher$1/"
[17:43:58] [REI-ReloadPlugins/TRACE] [REI] [REIClientPlugin START] Reloading Section: "reloadable-plugin/me.shedaniel.rei.plugin.client.runtime.PluginStageExecutionWatcher$1/DefaultClientPluginImpl of DefaultClientPluginImpl [roughlyenoughitems]/"
[17:43:58] [REI-ReloadPlugins/TRACE] [REI] [REIClientPlugin START] Reloading Section: "reloadable-plugin/me.shedaniel.rei.plugin.client.runtime.PluginStageExecutionWatcher$1/DefaultClientPluginImpl of DefaultClientPluginImpl [roughlyenoughitems]/" done in 16.50 μs
[17:43:58] [REI-ReloadPlugins/TRACE] [REI] [REIClientPlugin START] Reloading Section: "reloadable-plugin/me.shedaniel.rei.plugin.client.runtime.PluginStageExecutionWatcher$1/HideIngredientsFromTagsPlugin of HideIngredientsFromTagsPlugin [roughlyenoughitems]/"
[17:43:58] [REI-ReloadPlugins/TRACE] [REI] [REIClientPlugin START] Reloading Section: "reloadable-plugin/me.shedaniel.rei.plugin.client.runtime.PluginStageExecutionWatcher$1/HideIngredientsFromTagsPlugin of HideIngredientsFromTagsPlugin [roughlyenoughitems]/" done in 23.00 μs
[17:43:58] [REI-ReloadPlugins/TRACE] [REI] [REIClientPlugin START] Reloading Section: "reloadable-plugin/me.shedaniel.rei.plugin.client.runtime.PluginStageExecutionWatcher$1/DefaultClientRuntimePlugin of DefaultClientRuntimePlugin [roughlyenoughitems]/"
[17:43:58] [REI-ReloadPlugins/TRACE] [REI] [REIClientPlugin START] Reloading Section: "reloadable-plugin/me.shedaniel.rei.plugin.client.runtime.PluginStageExecutionWatcher$1/DefaultClientRuntimePlugin of DefaultClientRuntimePlugin [roughlyenoughitems]/" done in 13.70 μs
[17:43:58] [REI-ReloadPlugins/TRACE] [REI] [REIClientPlugin START] Reloading Section: "reloadable-plugin/me.shedaniel.rei.plugin.client.runtime.PluginStageExecutionWatcher$1/" done in 155.8 μs
[17:43:58] [REI-ReloadPlugins/DEBUG] [REI] ========================================
[17:43:58] [REI-ReloadPlugins/DEBUG] [REI] REIClientPlugin ending main-reload for START.
[17:43:58] [REI-ReloadPlugins/DEBUG] [REI] ========================================
[17:43:58] [REI-ReloadPlugins/TRACE] [REI] [REIClientPlugin START] Reloading Section: "end-reload/"
[17:43:58] [REI-ReloadPlugins/TRACE] [REI] [REIClientPlugin START] Reloading Section: "end-reload/EntryRendererRegistryImpl/"
[17:43:58] [REI-ReloadPlugins/TRACE] [REI] [REIClientPlugin START] Reloading Section: "end-reload/EntryRendererRegistryImpl/" done in 11.50 μs
[17:43:58] [REI-ReloadPlugins/TRACE] [REI] [REIClientPlugin START] Reloading Section: "end-reload/ViewsImpl/"
[17:43:58] [REI-ReloadPlugins/TRACE] [REI] [REIClientPlugin START] Reloading Section: "end-reload/ViewsImpl/" done in 13.60 μs
[17:43:58] [REI-ReloadPlugins/TRACE] [REI] [REIClientPlugin START] Reloading Section: "end-reload/InputMethodRegistryImpl/"
[17:43:58] [REI-ReloadPlugins/TRACE] [REI] [REIClientPlugin START] Reloading Section: "end-reload/InputMethodRegistryImpl/" done in 11.00 μs
[17:43:58] [REI-ReloadPlugins/TRACE] [REI] [REIClientPlugin START] Reloading Section: "end-reload/SearchProviderImpl/"
[17:43:58] [REI-ReloadPlugins/TRACE] [REI] [REIClientPlugin START] Reloading Section: "end-reload/SearchProviderImpl/" done in 10.10 μs
[17:43:58] [REI-ReloadPlugins/TRACE] [REI] [REIClientPlugin START] Reloading Section: "end-reload/ConfigManagerImpl/"
[17:43:58] [REI-ReloadPlugins/TRACE] [REI] [REIClientPlugin START] Reloading Section: "end-reload/ConfigManagerImpl/" done in 10.20 μs
[17:43:58] [REI-ReloadPlugins/TRACE] [REI] [REIClientPlugin START] Reloading Section: "end-reload/EntryRegistryImpl/"
[17:43:58] [REI-ReloadPlugins/DEBUG] [REI] Config saved
[17:43:58] [REI-ReloadPlugins/DEBUG] [REI] Refiltered rule [INSTANCE] in 11.53 ms.
[17:43:58] [REI-ReloadPlugins/DEBUG] [REI] Refiltered rule [INSTANCE] in 5.166 ms.
[17:43:58] [REI-ReloadPlugins/DEBUG] [REI] Refiltered rule [INSTANCE] in 4.134 ms.
[17:43:58] [REI-ReloadPlugins/DEBUG] [REI] Refiltered 1718 entries with 3 rules in 87.89 ms.
[17:43:58] [REI-ReloadPlugins/DEBUG] [REI] Computed existing filtered displays with 3 rules in 13.85 ms
[17:43:58] [REI-ReloadPlugins/DEBUG] [REI] Reloaded entry registry with 1718 entries and 1717 filtered entries
[17:43:58] [REI-ReloadPlugins/TRACE] [REI] [REIClientPlugin START] Reloading Section: "end-reload/EntryRegistryImpl/" done in 109.3 ms
[17:43:58] [REI-ReloadPlugins/TRACE] [REI] [REIClientPlugin START] Reloading Section: "end-reload/CollapsibleEntryRegistryImpl/"
[17:43:58] [REI-ReloadPlugins/TRACE] [REI] [REIClientPlugin START] Reloading Section: "end-reload/CollapsibleEntryRegistryImpl/" done in 25.40 μs
[17:43:58] [REI-ReloadPlugins/TRACE] [REI] [REIClientPlugin START] Reloading Section: "end-reload/BasicFilteringRuleImpl/"
[17:43:58] [REI-ReloadPlugins/TRACE] [REI] [REIClientPlugin START] Reloading Section: "end-reload/BasicFilteringRuleImpl/" done in 17.90 μs
[17:43:58] [REI-ReloadPlugins/TRACE] [REI] [REIClientPlugin START] Reloading Section: "end-reload/CategoryRegistryImpl/"
[17:43:58] [REI-ReloadPlugins/TRACE] [REI] [REIClientPlugin START] Reloading Section: "end-reload/CategoryRegistryImpl/" done in 15.50 μs
[17:43:58] [REI-ReloadPlugins/TRACE] [REI] [REIClientPlugin START] Reloading Section: "end-reload/DisplayRegistryImpl/"
[17:43:58] [REI-ReloadPlugins/TRACE] [REI] [REIClientPlugin START] Reloading Section: "end-reload/DisplayRegistryImpl/" done in 16.70 μs
[17:43:58] [REI-ReloadPlugins/TRACE] [REI] [REIClientPlugin START] Reloading Section: "end-reload/ScreenRegistryImpl/"
[17:43:58] [REI-ReloadPlugins/DEBUG] [REI] Registered 4 overlay deciders and 5 exclusion zones
[17:43:58] [REI-ReloadPlugins/TRACE] [REI] [REIClientPlugin START] Reloading Section: "end-reload/ScreenRegistryImpl/" done in 109.1 μs
[17:43:58] [REI-ReloadPlugins/TRACE] [REI] [REIClientPlugin START] Reloading Section: "end-reload/FavoriteEntryTypeRegistryImpl/"
[17:43:58] [REI-ReloadPlugins/DEBUG] [REI] Config saved
[17:43:58] [REI-ReloadPlugins/DEBUG] [REI] Registered 5 favorite entry types
[17:43:58] [REI-ReloadPlugins/TRACE] [REI] [REIClientPlugin START] Reloading Section: "end-reload/FavoriteEntryTypeRegistryImpl/" done in 3.276 ms
[17:43:58] [REI-ReloadPlugins/TRACE] [REI] [REIClientPlugin START] Reloading Section: "end-reload/SubsetsRegistryImpl/"
[17:43:58] [REI-ReloadPlugins/TRACE] [REI] [REIClientPlugin START] Reloading Section: "end-reload/SubsetsRegistryImpl/" done in 31.00 μs
[17:43:58] [REI-ReloadPlugins/TRACE] [REI] [REIClientPlugin START] Reloading Section: "end-reload/TransferHandlerRegistryImpl/"
[17:43:58] [REI-ReloadPlugins/TRACE] [REI] [REIClientPlugin START] Reloading Section: "end-reload/TransferHandlerRegistryImpl/" done in 24.60 μs
[17:43:58] [REI-ReloadPlugins/TRACE] [REI] [REIClientPlugin START] Reloading Section: "end-reload/SearchRuntime/"
[17:43:58] [REI-ReloadPlugins/TRACE] [REI] Preparing 12026 stacks for search arguments
[17:43:58] [REI-ReloadPlugins/TRACE] [REI] Prepared 12026 / 12026 stacks for search arguments in 146ms
[17:43:58] [REI-ReloadPlugins/DEBUG] [REI] Preparing collapsed entry groups cache with 0 entries and 1718 stacks
[17:43:58] [REI-ReloadPlugins/DEBUG] [REI] Prepared collapsed entry groups cache with 0 entries and 1718 stacks
[17:43:58] [REI-ReloadPlugins/TRACE] [REI] [REIClientPlugin START] Reloading Section: "end-reload/SearchRuntime/" done in 158.6 ms
[17:43:58] [REI-ReloadPlugins/TRACE] [REI] [REIClientPlugin START] Reloading Section: "end-reload/REIRuntimeImpl/"
[17:43:58] [REI-ReloadPlugins/TRACE] [REI] [REIClientPlugin START] Reloading Section: "end-reload/REIRuntimeImpl/" done in 684.4 μs
[17:43:58] [REI-ReloadPlugins/TRACE] [REI] [REIClientPlugin START] Reloading Section: "end-reload/ConfigAddonRegistryImpl/"
[17:43:58] [REI-ReloadPlugins/TRACE] [REI] [REIClientPlugin START] Reloading Section: "end-reload/ConfigAddonRegistryImpl/" done in 22.10 μs
[17:43:58] [REI-ReloadPlugins/TRACE] [REI] [REIClientPlugin START] Reloading Section: "end-reload/me.shedaniel.rei.plugin.client.runtime.PluginStageExecutionWatcher$1/"
[17:43:58] [REI-ReloadPlugins/TRACE] [REI] [REIClientPlugin START] Reloading Section: "end-reload/me.shedaniel.rei.plugin.client.runtime.PluginStageExecutionWatcher$1/" done in 13.30 μs
[17:43:58] [REI-ReloadPlugins/TRACE] [REI] [REIClientPlugin START] Reloading Section: "end-reload/" done in 273.3 ms
[17:43:58] [REI-ReloadPlugins/DEBUG] [REI] ========================================
[17:43:58] [REI-ReloadPlugins/DEBUG] [REI] REIClientPlugin ended main-reload for START in 560.4 ms.
[17:43:58] [REI-ReloadPlugins/DEBUG] [REI] ========================================
[17:43:58] [REI-ReloadPlugins/DEBUG] [REI] ========================================
[17:43:58] [REI-ReloadPlugins/DEBUG] [REI] REICommonPlugin starting post-reload for START.
[17:43:58] [REI-ReloadPlugins/DEBUG] [REI] Reloadables (9):
[17:43:58] [REI-ReloadPlugins/DEBUG] [REI]  - SlotAccessorRegistryImpl
[17:43:58] [REI-ReloadPlugins/DEBUG] [REI]  - EntryTypeRegistryImpl
[17:43:58] [REI-ReloadPlugins/DEBUG] [REI]  - EntrySettingsAdapterRegistryImpl
[17:43:58] [REI-ReloadPlugins/DEBUG] [REI]  - ItemComparatorRegistryImpl
[17:43:58] [REI-ReloadPlugins/DEBUG] [REI]  - FluidComparatorRegistryImpl
[17:43:58] [REI-ReloadPlugins/DEBUG] [REI]  - DisplaySerializerRegistryImpl
[17:43:58] [REI-ReloadPlugins/DEBUG] [REI]  - ServerDisplayRegistryImpl
[17:43:58] [REI-ReloadPlugins/DEBUG] [REI]  - FluidSupportProviderImpl
[17:43:58] [REI-ReloadPlugins/DEBUG] [REI]  - me.shedaniel.rei.plugin.client.runtime.PluginStageExecutionWatcher$1
[17:43:58] [REI-ReloadPlugins/DEBUG] [REI] Plugins (2):
[17:43:58] [REI-ReloadPlugins/DEBUG] [REI]  - (-100,00) DefaultPluginImpl of DefaultPluginImpl [roughlyenoughitems]
[17:43:58] [REI-ReloadPlugins/DEBUG] [REI]  - (0,00) DefaultRuntimePlugin of DefaultRuntimePlugin [roughlyenoughitems]
[17:43:58] [REI-ReloadPlugins/DEBUG] [REI] ========================================
[17:43:58] [REI-ReloadPlugins/TRACE] [REI] [REICommonPlugin START] Reloading Section: "post-register/"
[17:43:58] [REI-ReloadPlugins/TRACE] [REI] [REICommonPlugin START] Reloading Section: "post-register/DefaultPluginImpl of DefaultPluginImpl [roughlyenoughitems]/"
[17:43:58] [REI-ReloadPlugins/TRACE] [REI] [REICommonPlugin START] Reloading Section: "post-register/DefaultPluginImpl of DefaultPluginImpl [roughlyenoughitems]/" done in 1.238 ms
[17:43:58] [REI-ReloadPlugins/TRACE] [REI] [REICommonPlugin START] Reloading Section: "post-register/DefaultRuntimePlugin of DefaultRuntimePlugin [roughlyenoughitems]/"
[17:43:58] [REI-ReloadPlugins/TRACE] [REI] [REICommonPlugin START] Reloading Section: "post-register/DefaultRuntimePlugin of DefaultRuntimePlugin [roughlyenoughitems]/" done in 23.10 μs
[17:43:58] [REI-ReloadPlugins/TRACE] [REI] [REICommonPlugin START] Reloading Section: "post-register/" done in 2.831 ms
[17:43:58] [REI-ReloadPlugins/TRACE] [REI] [REICommonPlugin START] Reloading Section: "post-stage/"
[17:43:58] [REI-ReloadPlugins/TRACE] [REI] [REICommonPlugin START] Reloading Section: "post-stage/SlotAccessorRegistryImpl/"
[17:43:58] [REI-ReloadPlugins/TRACE] [REI] [REICommonPlugin START] Reloading Section: "post-stage/SlotAccessorRegistryImpl/" done in 23.80 μs
[17:43:58] [REI-ReloadPlugins/TRACE] [REI] [REICommonPlugin START] Reloading Section: "post-stage/EntryTypeRegistryImpl/"
[17:43:58] [REI-ReloadPlugins/TRACE] [REI] [REICommonPlugin START] Reloading Section: "post-stage/EntryTypeRegistryImpl/" done in 10.20 μs
[17:43:58] [REI-ReloadPlugins/TRACE] [REI] [REICommonPlugin START] Reloading Section: "post-stage/EntrySettingsAdapterRegistryImpl/"
[17:43:58] [REI-ReloadPlugins/TRACE] [REI] [REICommonPlugin START] Reloading Section: "post-stage/EntrySettingsAdapterRegistryImpl/" done in 10.00 μs
[17:43:58] [REI-ReloadPlugins/TRACE] [REI] [REICommonPlugin START] Reloading Section: "post-stage/ItemComparatorRegistryImpl/"
[17:43:58] [REI-ReloadPlugins/TRACE] [REI] [REICommonPlugin START] Reloading Section: "post-stage/ItemComparatorRegistryImpl/" done in 9.500 μs
[17:43:58] [REI-ReloadPlugins/TRACE] [REI] [REICommonPlugin START] Reloading Section: "post-stage/FluidComparatorRegistryImpl/"
[17:43:58] [REI-ReloadPlugins/TRACE] [REI] [REICommonPlugin START] Reloading Section: "post-stage/FluidComparatorRegistryImpl/" done in 19.10 μs
[17:43:58] [REI-ReloadPlugins/TRACE] [REI] [REICommonPlugin START] Reloading Section: "post-stage/DisplaySerializerRegistryImpl/"
[17:43:58] [REI-ReloadPlugins/TRACE] [REI] [REICommonPlugin START] Reloading Section: "post-stage/DisplaySerializerRegistryImpl/" done in 11.30 μs
[17:43:58] [REI-ReloadPlugins/TRACE] [REI] [REICommonPlugin START] Reloading Section: "post-stage/ServerDisplayRegistryImpl/"
[17:43:58] [REI-ReloadPlugins/TRACE] [REI] [REICommonPlugin START] Reloading Section: "post-stage/ServerDisplayRegistryImpl/" done in 9.300 μs
[17:43:58] [REI-ReloadPlugins/TRACE] [REI] [REICommonPlugin START] Reloading Section: "post-stage/FluidSupportProviderImpl/"
[17:43:58] [REI-ReloadPlugins/TRACE] [REI] [REICommonPlugin START] Reloading Section: "post-stage/FluidSupportProviderImpl/" done in 9.700 μs
[17:43:58] [REI-ReloadPlugins/TRACE] [REI] [REICommonPlugin START] Reloading Section: "post-stage/me.shedaniel.rei.plugin.client.runtime.PluginStageExecutionWatcher$1/"
[17:43:58] [REI-ReloadPlugins/TRACE] [REI] [REICommonPlugin START] Reloading Section: "post-stage/me.shedaniel.rei.plugin.client.runtime.PluginStageExecutionWatcher$1/" done in 21.60 μs
[17:43:58] [REI-ReloadPlugins/TRACE] [REI] [REICommonPlugin START] Reloading Section: "post-stage/" done in 445.0 μs
[17:43:58] [REI-ReloadPlugins/DEBUG] [REI] ========================================
[17:43:58] [REI-ReloadPlugins/INFO] [REI] REICommonPlugin finished post-reload for START in 3.330 ms, totaling 359.6 ms.
[17:43:58] [REI-ReloadPlugins/DEBUG] [REI] ========================================
[17:43:58] [REI-ReloadPlugins/DEBUG] [REI] ========================================
[17:43:58] [REI-ReloadPlugins/DEBUG] [REI] REIClientPlugin starting post-reload for START.
[17:43:58] [REI-ReloadPlugins/DEBUG] [REI] Reloadables (18):
[17:43:58] [REI-ReloadPlugins/DEBUG] [REI]  - EntryRendererRegistryImpl
[17:43:58] [REI-ReloadPlugins/DEBUG] [REI]  - ViewsImpl
[17:43:58] [REI-ReloadPlugins/DEBUG] [REI]  - InputMethodRegistryImpl
[17:43:58] [REI-ReloadPlugins/DEBUG] [REI]  - SearchProviderImpl
[17:43:58] [REI-ReloadPlugins/DEBUG] [REI]  - ConfigManagerImpl
[17:43:58] [REI-ReloadPlugins/DEBUG] [REI]  - EntryRegistryImpl
[17:43:58] [REI-ReloadPlugins/DEBUG] [REI]  - CollapsibleEntryRegistryImpl
[17:43:58] [REI-ReloadPlugins/DEBUG] [REI]  - BasicFilteringRuleImpl
[17:43:58] [REI-ReloadPlugins/DEBUG] [REI]  - CategoryRegistryImpl
[17:43:58] [REI-ReloadPlugins/DEBUG] [REI]  - DisplayRegistryImpl
[17:43:58] [REI-ReloadPlugins/DEBUG] [REI]  - ScreenRegistryImpl
[17:43:58] [REI-ReloadPlugins/DEBUG] [REI]  - FavoriteEntryTypeRegistryImpl
[17:43:58] [REI-ReloadPlugins/DEBUG] [REI]  - SubsetsRegistryImpl
[17:43:58] [REI-ReloadPlugins/DEBUG] [REI]  - TransferHandlerRegistryImpl
[17:43:58] [REI-ReloadPlugins/DEBUG] [REI]  - SearchRuntime
[17:43:58] [REI-ReloadPlugins/DEBUG] [REI]  - REIRuntimeImpl
[17:43:58] [REI-ReloadPlugins/DEBUG] [REI]  - ConfigAddonRegistryImpl
[17:43:58] [REI-ReloadPlugins/DEBUG] [REI]  - me.shedaniel.rei.plugin.client.runtime.PluginStageExecutionWatcher$1
[17:43:58] [REI-ReloadPlugins/DEBUG] [REI] Plugins (3):
[17:43:58] [REI-ReloadPlugins/DEBUG] [REI]  - (-100,00) DefaultClientPluginImpl of DefaultClientPluginImpl [roughlyenoughitems]
[17:43:58] [REI-ReloadPlugins/DEBUG] [REI]  - (0,00) HideIngredientsFromTagsPlugin of HideIngredientsFromTagsPlugin [roughlyenoughitems]
[17:43:58] [REI-ReloadPlugins/DEBUG] [REI]  - (0,00) DefaultClientRuntimePlugin of DefaultClientRuntimePlugin [roughlyenoughitems]
[17:43:58] [REI-ReloadPlugins/DEBUG] [REI] ========================================
[17:43:58] [REI-ReloadPlugins/TRACE] [REI] [REIClientPlugin START] Reloading Section: "post-register/"
[17:43:58] [REI-ReloadPlugins/TRACE] [REI] [REIClientPlugin START] Reloading Section: "post-register/DefaultClientPluginImpl of DefaultClientPluginImpl [roughlyenoughitems]/"
[17:43:58] [REI-ReloadPlugins/TRACE] [REI] [REIClientPlugin START] Reloading Section: "post-register/DefaultClientPluginImpl of DefaultClientPluginImpl [roughlyenoughitems]/" done in 16.10 μs
[17:43:58] [REI-ReloadPlugins/TRACE] [REI] [REIClientPlugin START] Reloading Section: "post-register/HideIngredientsFromTagsPlugin of HideIngredientsFromTagsPlugin [roughlyenoughitems]/"
[17:43:58] [REI-ReloadPlugins/TRACE] [REI] [REIClientPlugin START] Reloading Section: "post-register/HideIngredientsFromTagsPlugin of HideIngredientsFromTagsPlugin [roughlyenoughitems]/" done in 26.20 μs
[17:43:58] [REI-ReloadPlugins/TRACE] [REI] [REIClientPlugin START] Reloading Section: "post-register/DefaultClientRuntimePlugin of DefaultClientRuntimePlugin [roughlyenoughitems]/"
[17:43:58] [REI-ReloadPlugins/TRACE] [REI] [REIClientPlugin START] Reloading Section: "post-register/DefaultClientRuntimePlugin of DefaultClientRuntimePlugin [roughlyenoughitems]/" done in 11.60 μs
[17:43:58] [REI-ReloadPlugins/TRACE] [REI] [REIClientPlugin START] Reloading Section: "post-register/" done in 176.1 μs
[17:43:58] [REI-ReloadPlugins/TRACE] [REI] [REIClientPlugin START] Reloading Section: "post-stage/"
[17:43:58] [REI-ReloadPlugins/TRACE] [REI] [REIClientPlugin START] Reloading Section: "post-stage/EntryRendererRegistryImpl/"
[17:43:58] [REI-ReloadPlugins/TRACE] [REI] [REIClientPlugin START] Reloading Section: "post-stage/EntryRendererRegistryImpl/" done in 11.50 μs
[17:43:58] [REI-ReloadPlugins/TRACE] [REI] [REIClientPlugin START] Reloading Section: "post-stage/ViewsImpl/"
[17:43:58] [REI-ReloadPlugins/TRACE] [REI] [REIClientPlugin START] Reloading Section: "post-stage/ViewsImpl/" done in 11.60 μs
[17:43:58] [REI-ReloadPlugins/TRACE] [REI] [REIClientPlugin START] Reloading Section: "post-stage/InputMethodRegistryImpl/"
[17:43:58] [REI-ReloadPlugins/TRACE] [REI] [REIClientPlugin START] Reloading Section: "post-stage/InputMethodRegistryImpl/" done in 10.00 μs
[17:43:58] [REI-ReloadPlugins/TRACE] [REI] [REIClientPlugin START] Reloading Section: "post-stage/SearchProviderImpl/"
[17:43:58] [REI-ReloadPlugins/TRACE] [REI] [REIClientPlugin START] Reloading Section: "post-stage/SearchProviderImpl/" done in 10.80 μs
[17:43:58] [REI-ReloadPlugins/TRACE] [REI] [REIClientPlugin START] Reloading Section: "post-stage/ConfigManagerImpl/"
[17:43:58] [REI-ReloadPlugins/TRACE] [REI] [REIClientPlugin START] Reloading Section: "post-stage/ConfigManagerImpl/" done in 14.80 μs
[17:43:58] [REI-ReloadPlugins/TRACE] [REI] [REIClientPlugin START] Reloading Section: "post-stage/EntryRegistryImpl/"
[17:43:58] [REI-ReloadPlugins/TRACE] [REI] [REIClientPlugin START] Reloading Section: "post-stage/EntryRegistryImpl/" done in 24.60 μs
[17:43:58] [REI-ReloadPlugins/TRACE] [REI] [REIClientPlugin START] Reloading Section: "post-stage/CollapsibleEntryRegistryImpl/"
[17:43:58] [REI-ReloadPlugins/TRACE] [REI] [REIClientPlugin START] Reloading Section: "post-stage/CollapsibleEntryRegistryImpl/" done in 10.20 μs
[17:43:58] [REI-ReloadPlugins/TRACE] [REI] [REIClientPlugin START] Reloading Section: "post-stage/BasicFilteringRuleImpl/"
[17:43:58] [REI-ReloadPlugins/TRACE] [REI] [REIClientPlugin START] Reloading Section: "post-stage/BasicFilteringRuleImpl/" done in 9.600 μs
[17:43:58] [REI-ReloadPlugins/TRACE] [REI] [REIClientPlugin START] Reloading Section: "post-stage/CategoryRegistryImpl/"
[17:43:58] [REI-ReloadPlugins/TRACE] [REI] [REIClientPlugin START] Reloading Section: "post-stage/CategoryRegistryImpl/" done in 9.700 μs
[17:43:58] [REI-ReloadPlugins/TRACE] [REI] [REIClientPlugin START] Reloading Section: "post-stage/DisplayRegistryImpl/"
[17:43:58] [REI-ReloadPlugins/TRACE] [REI] [REIClientPlugin START] Reloading Section: "post-stage/DisplayRegistryImpl/" done in 15.10 μs
[17:43:58] [REI-ReloadPlugins/TRACE] [REI] [REIClientPlugin START] Reloading Section: "post-stage/ScreenRegistryImpl/"
[17:43:58] [REI-ReloadPlugins/TRACE] [REI] [REIClientPlugin START] Reloading Section: "post-stage/ScreenRegistryImpl/" done in 9.500 μs
[17:43:58] [REI-ReloadPlugins/TRACE] [REI] [REIClientPlugin START] Reloading Section: "post-stage/FavoriteEntryTypeRegistryImpl/"
[17:43:58] [REI-ReloadPlugins/TRACE] [REI] [REIClientPlugin START] Reloading Section: "post-stage/FavoriteEntryTypeRegistryImpl/" done in 9.300 μs
[17:43:58] [REI-ReloadPlugins/TRACE] [REI] [REIClientPlugin START] Reloading Section: "post-stage/SubsetsRegistryImpl/"
[17:43:58] [REI-ReloadPlugins/TRACE] [REI] [REIClientPlugin START] Reloading Section: "post-stage/SubsetsRegistryImpl/" done in 9.200 μs
[17:43:58] [REI-ReloadPlugins/TRACE] [REI] [REIClientPlugin START] Reloading Section: "post-stage/TransferHandlerRegistryImpl/"
[17:43:58] [REI-ReloadPlugins/TRACE] [REI] [REIClientPlugin START] Reloading Section: "post-stage/TransferHandlerRegistryImpl/" done in 8.800 μs
[17:43:58] [REI-ReloadPlugins/TRACE] [REI] [REIClientPlugin START] Reloading Section: "post-stage/SearchRuntime/"
[17:43:58] [REI-ReloadPlugins/TRACE] [REI] [REIClientPlugin START] Reloading Section: "post-stage/SearchRuntime/" done in 8.800 μs
[17:43:58] [REI-ReloadPlugins/TRACE] [REI] [REIClientPlugin START] Reloading Section: "post-stage/REIRuntimeImpl/"
[17:43:58] [REI-ReloadPlugins/TRACE] [REI] [REIClientPlugin START] Reloading Section: "post-stage/REIRuntimeImpl/" done in 8.900 μs
[17:43:58] [REI-ReloadPlugins/TRACE] [REI] [REIClientPlugin START] Reloading Section: "post-stage/ConfigAddonRegistryImpl/"
[17:43:58] [REI-ReloadPlugins/TRACE] [REI] [REIClientPlugin START] Reloading Section: "post-stage/ConfigAddonRegistryImpl/" done in 9.700 μs
[17:43:58] [REI-ReloadPlugins/TRACE] [REI] [REIClientPlugin START] Reloading Section: "post-stage/me.shedaniel.rei.plugin.client.runtime.PluginStageExecutionWatcher$1/"
[17:43:58] [REI-ReloadPlugins/TRACE] [REI] [REIClientPlugin START] Reloading Section: "post-stage/me.shedaniel.rei.plugin.client.runtime.PluginStageExecutionWatcher$1/" done in 11.00 μs
[17:43:58] [REI-ReloadPlugins/TRACE] [REI] [REIClientPlugin START] Reloading Section: "post-stage/" done in 619.2 μs
[17:43:58] [REI-ReloadPlugins/DEBUG] [REI] ========================================
[17:43:58] [REI-ReloadPlugins/INFO] [REI] REIClientPlugin finished post-reload for START in 835.2 μs, totaling 564.1 ms.
[17:43:58] [REI-ReloadPlugins/DEBUG] [REI] ========================================
[17:43:58] [REI-ReloadPlugins/DEBUG] [REI] ========================================
[17:43:58] [REI-ReloadPlugins/DEBUG] [REI] REICommonPlugin starting pre-reload for END.
[17:43:58] [REI-ReloadPlugins/DEBUG] [REI] Reloadables (9):
[17:43:58] [REI-ReloadPlugins/DEBUG] [REI]  - SlotAccessorRegistryImpl
[17:43:58] [REI-ReloadPlugins/DEBUG] [REI]  - EntryTypeRegistryImpl
[17:43:58] [REI-ReloadPlugins/DEBUG] [REI]  - EntrySettingsAdapterRegistryImpl
[17:43:58] [REI-ReloadPlugins/DEBUG] [REI]  - ItemComparatorRegistryImpl
[17:43:58] [REI-ReloadPlugins/DEBUG] [REI]  - FluidComparatorRegistryImpl
[17:43:58] [REI-ReloadPlugins/DEBUG] [REI]  - DisplaySerializerRegistryImpl
[17:43:58] [REI-ReloadPlugins/DEBUG] [REI]  - ServerDisplayRegistryImpl
[17:43:58] [REI-ReloadPlugins/DEBUG] [REI]  - FluidSupportProviderImpl
[17:43:58] [REI-ReloadPlugins/DEBUG] [REI]  - me.shedaniel.rei.plugin.client.runtime.PluginStageExecutionWatcher$1
[17:43:58] [REI-ReloadPlugins/DEBUG] [REI] Plugins (2):
[17:43:58] [REI-ReloadPlugins/DEBUG] [REI]  - (-100,00) DefaultPluginImpl of DefaultPluginImpl [roughlyenoughitems]
[17:43:58] [REI-ReloadPlugins/DEBUG] [REI]  - (0,00) DefaultRuntimePlugin of DefaultRuntimePlugin [roughlyenoughitems]
[17:43:58] [REI-ReloadPlugins/DEBUG] [REI] ========================================
[17:43:58] [REI-ReloadPlugins/TRACE] [REI] [REICommonPlugin END] Reloading Section: "pre-register/"
[17:43:58] [REI-ReloadPlugins/TRACE] [REI] [REICommonPlugin END] Reloading Section: "pre-register/DefaultPluginImpl of DefaultPluginImpl [roughlyenoughitems]/"
[17:43:58] [REI-ReloadPlugins/TRACE] [REI] [REICommonPlugin END] Reloading Section: "pre-register/DefaultPluginImpl of DefaultPluginImpl [roughlyenoughitems]/" done in 18.60 μs
[17:43:58] [REI-ReloadPlugins/TRACE] [REI] [REICommonPlugin END] Reloading Section: "pre-register/DefaultRuntimePlugin of DefaultRuntimePlugin [roughlyenoughitems]/"
[17:43:58] [REI-ReloadPlugins/TRACE] [REI] [REICommonPlugin END] Reloading Section: "pre-register/DefaultRuntimePlugin of DefaultRuntimePlugin [roughlyenoughitems]/" done in 12.20 μs
[17:43:58] [REI-ReloadPlugins/TRACE] [REI] [REICommonPlugin END] Reloading Section: "pre-register/" done in 124.7 μs
[17:43:58] [REI-ReloadPlugins/TRACE] [REI] [REICommonPlugin END] Reloading Section: "pre-stage/"
[17:43:58] [REI-ReloadPlugins/TRACE] [REI] [REICommonPlugin END] Reloading Section: "pre-stage/SlotAccessorRegistryImpl/"
[17:43:58] [REI-ReloadPlugins/TRACE] [REI] [REICommonPlugin END] Reloading Section: "pre-stage/SlotAccessorRegistryImpl/" done in 10.70 μs
[17:43:58] [REI-ReloadPlugins/TRACE] [REI] [REICommonPlugin END] Reloading Section: "pre-stage/EntryTypeRegistryImpl/"
[17:43:58] [REI-ReloadPlugins/TRACE] [REI] [REICommonPlugin END] Reloading Section: "pre-stage/EntryTypeRegistryImpl/" done in 9.500 μs
[17:43:58] [REI-ReloadPlugins/TRACE] [REI] [REICommonPlugin END] Reloading Section: "pre-stage/EntrySettingsAdapterRegistryImpl/"
[17:43:58] [REI-ReloadPlugins/TRACE] [REI] [REICommonPlugin END] Reloading Section: "pre-stage/EntrySettingsAdapterRegistryImpl/" done in 24.00 μs
[17:43:58] [REI-ReloadPlugins/TRACE] [REI] [REICommonPlugin END] Reloading Section: "pre-stage/ItemComparatorRegistryImpl/"
[17:43:58] [REI-ReloadPlugins/TRACE] [REI] [REICommonPlugin END] Reloading Section: "pre-stage/ItemComparatorRegistryImpl/" done in 9.800 μs
[17:43:58] [REI-ReloadPlugins/TRACE] [REI] [REICommonPlugin END] Reloading Section: "pre-stage/FluidComparatorRegistryImpl/"
[17:43:58] [REI-ReloadPlugins/TRACE] [REI] [REICommonPlugin END] Reloading Section: "pre-stage/FluidComparatorRegistryImpl/" done in 9.700 μs
[17:43:58] [REI-ReloadPlugins/TRACE] [REI] [REICommonPlugin END] Reloading Section: "pre-stage/DisplaySerializerRegistryImpl/"
[17:43:58] [REI-ReloadPlugins/TRACE] [REI] [REICommonPlugin END] Reloading Section: "pre-stage/DisplaySerializerRegistryImpl/" done in 8.900 μs
[17:43:58] [REI-ReloadPlugins/TRACE] [REI] [REICommonPlugin END] Reloading Section: "pre-stage/ServerDisplayRegistryImpl/"
[17:43:58] [REI-ReloadPlugins/TRACE] [REI] [REICommonPlugin END] Reloading Section: "pre-stage/ServerDisplayRegistryImpl/" done in 8.900 μs
[17:43:58] [REI-ReloadPlugins/TRACE] [REI] [REICommonPlugin END] Reloading Section: "pre-stage/FluidSupportProviderImpl/"
[17:43:58] [REI-ReloadPlugins/TRACE] [REI] [REICommonPlugin END] Reloading Section: "pre-stage/FluidSupportProviderImpl/" done in 9.500 μs
[17:43:58] [REI-ReloadPlugins/TRACE] [REI] [REICommonPlugin END] Reloading Section: "pre-stage/me.shedaniel.rei.plugin.client.runtime.PluginStageExecutionWatcher$1/"
[17:43:58] [REI-ReloadPlugins/TRACE] [REI] [REICommonPlugin END] Reloading Section: "pre-stage/me.shedaniel.rei.plugin.client.runtime.PluginStageExecutionWatcher$1/" done in 22.70 μs
[17:43:58] [REI-ReloadPlugins/TRACE] [REI] [REICommonPlugin END] Reloading Section: "pre-stage/" done in 346.0 μs
[17:43:58] [REI-ReloadPlugins/DEBUG] [REI] ========================================
[17:43:58] [REI-ReloadPlugins/DEBUG] [REI] REICommonPlugin finished pre-reload for END in 510.6 μs.
[17:43:58] [REI-ReloadPlugins/DEBUG] [REI] ========================================
[17:43:58] [REI-ReloadPlugins/DEBUG] [REI] ========================================
[17:43:58] [REI-ReloadPlugins/DEBUG] [REI] REIClientPlugin starting pre-reload for END.
[17:43:58] [REI-ReloadPlugins/DEBUG] [REI] Reloadables (18):
[17:43:58] [REI-ReloadPlugins/DEBUG] [REI]  - EntryRendererRegistryImpl
[17:43:58] [REI-ReloadPlugins/DEBUG] [REI]  - ViewsImpl
[17:43:58] [REI-ReloadPlugins/DEBUG] [REI]  - InputMethodRegistryImpl
[17:43:58] [REI-ReloadPlugins/DEBUG] [REI]  - SearchProviderImpl
[17:43:58] [REI-ReloadPlugins/DEBUG] [REI]  - ConfigManagerImpl
[17:43:58] [REI-ReloadPlugins/DEBUG] [REI]  - EntryRegistryImpl
[17:43:58] [REI-ReloadPlugins/DEBUG] [REI]  - CollapsibleEntryRegistryImpl
[17:43:58] [REI-ReloadPlugins/DEBUG] [REI]  - BasicFilteringRuleImpl
[17:43:58] [REI-ReloadPlugins/DEBUG] [REI]  - CategoryRegistryImpl
[17:43:58] [REI-ReloadPlugins/DEBUG] [REI]  - DisplayRegistryImpl
[17:43:58] [REI-ReloadPlugins/DEBUG] [REI]  - ScreenRegistryImpl
[17:43:58] [REI-ReloadPlugins/DEBUG] [REI]  - FavoriteEntryTypeRegistryImpl
[17:43:58] [REI-ReloadPlugins/DEBUG] [REI]  - SubsetsRegistryImpl
[17:43:58] [REI-ReloadPlugins/DEBUG] [REI]  - TransferHandlerRegistryImpl
[17:43:58] [REI-ReloadPlugins/DEBUG] [REI]  - SearchRuntime
[17:43:58] [REI-ReloadPlugins/DEBUG] [REI]  - REIRuntimeImpl
[17:43:58] [REI-ReloadPlugins/DEBUG] [REI]  - ConfigAddonRegistryImpl
[17:43:58] [REI-ReloadPlugins/DEBUG] [REI]  - me.shedaniel.rei.plugin.client.runtime.PluginStageExecutionWatcher$1
[17:43:58] [REI-ReloadPlugins/DEBUG] [REI] Plugins (3):
[17:43:58] [REI-ReloadPlugins/DEBUG] [REI]  - (-100,00) DefaultClientPluginImpl of DefaultClientPluginImpl [roughlyenoughitems]
[17:43:58] [REI-ReloadPlugins/DEBUG] [REI]  - (0,00) HideIngredientsFromTagsPlugin of HideIngredientsFromTagsPlugin [roughlyenoughitems]
[17:43:58] [REI-ReloadPlugins/DEBUG] [REI]  - (0,00) DefaultClientRuntimePlugin of DefaultClientRuntimePlugin [roughlyenoughitems]
[17:43:58] [REI-ReloadPlugins/DEBUG] [REI] ========================================
[17:43:58] [REI-ReloadPlugins/TRACE] [REI] [REIClientPlugin END] Reloading Section: "pre-register/"
[17:43:58] [REI-ReloadPlugins/TRACE] [REI] [REIClientPlugin END] Reloading Section: "pre-register/DefaultClientPluginImpl of DefaultClientPluginImpl [roughlyenoughitems]/"
[17:43:58] [REI-ReloadPlugins/TRACE] [REI] [REIClientPlugin END] Reloading Section: "pre-register/DefaultClientPluginImpl of DefaultClientPluginImpl [roughlyenoughitems]/" done in 16.90 μs
[17:43:58] [REI-ReloadPlugins/TRACE] [REI] [REIClientPlugin END] Reloading Section: "pre-register/HideIngredientsFromTagsPlugin of HideIngredientsFromTagsPlugin [roughlyenoughitems]/"
[17:43:58] [REI-ReloadPlugins/TRACE] [REI] [REIClientPlugin END] Reloading Section: "pre-register/HideIngredientsFromTagsPlugin of HideIngredientsFromTagsPlugin [roughlyenoughitems]/" done in 12.80 μs
[17:43:58] [REI-ReloadPlugins/TRACE] [REI] [REIClientPlugin END] Reloading Section: "pre-register/DefaultClientRuntimePlugin of DefaultClientRuntimePlugin [roughlyenoughitems]/"
[17:43:58] [REI-ReloadPlugins/TRACE] [REI] [REIClientPlugin END] Reloading Section: "pre-register/DefaultClientRuntimePlugin of DefaultClientRuntimePlugin [roughlyenoughitems]/" done in 10.60 μs
[17:43:58] [REI-ReloadPlugins/TRACE] [REI] [REIClientPlugin END] Reloading Section: "pre-register/" done in 146.2 μs
[17:43:58] [REI-ReloadPlugins/TRACE] [REI] [REIClientPlugin END] Reloading Section: "pre-stage/"
[17:43:58] [REI-ReloadPlugins/TRACE] [REI] [REIClientPlugin END] Reloading Section: "pre-stage/EntryRendererRegistryImpl/"
[17:43:58] [REI-ReloadPlugins/TRACE] [REI] [REIClientPlugin END] Reloading Section: "pre-stage/EntryRendererRegistryImpl/" done in 14.20 μs
[17:43:58] [REI-ReloadPlugins/TRACE] [REI] [REIClientPlugin END] Reloading Section: "pre-stage/ViewsImpl/"
[17:43:58] [REI-ReloadPlugins/TRACE] [REI] [REIClientPlugin END] Reloading Section: "pre-stage/ViewsImpl/" done in 9.700 μs
[17:43:58] [REI-ReloadPlugins/TRACE] [REI] [REIClientPlugin END] Reloading Section: "pre-stage/InputMethodRegistryImpl/"
[17:43:58] [REI-ReloadPlugins/TRACE] [REI] [REIClientPlugin END] Reloading Section: "pre-stage/InputMethodRegistryImpl/" done in 9.500 μs
[17:43:58] [REI-ReloadPlugins/TRACE] [REI] [REIClientPlugin END] Reloading Section: "pre-stage/SearchProviderImpl/"
[17:43:58] [REI-ReloadPlugins/TRACE] [REI] [REIClientPlugin END] Reloading Section: "pre-stage/SearchProviderImpl/" done in 9.900 μs
[17:43:58] [REI-ReloadPlugins/TRACE] [REI] [REIClientPlugin END] Reloading Section: "pre-stage/ConfigManagerImpl/"
[17:43:58] [REI-ReloadPlugins/TRACE] [REI] [REIClientPlugin END] Reloading Section: "pre-stage/ConfigManagerImpl/" done in 10.00 μs
[17:43:58] [REI-ReloadPlugins/TRACE] [REI] [REIClientPlugin END] Reloading Section: "pre-stage/EntryRegistryImpl/"
[17:43:58] [REI-ReloadPlugins/TRACE] [REI] [REIClientPlugin END] Reloading Section: "pre-stage/EntryRegistryImpl/" done in 10.20 μs
[17:43:58] [REI-ReloadPlugins/TRACE] [REI] [REIClientPlugin END] Reloading Section: "pre-stage/CollapsibleEntryRegistryImpl/"
[17:43:58] [REI-ReloadPlugins/TRACE] [REI] [REIClientPlugin END] Reloading Section: "pre-stage/CollapsibleEntryRegistryImpl/" done in 10.60 μs
[17:43:58] [REI-ReloadPlugins/TRACE] [REI] [REIClientPlugin END] Reloading Section: "pre-stage/BasicFilteringRuleImpl/"
[17:43:58] [REI-ReloadPlugins/TRACE] [REI] [REIClientPlugin END] Reloading Section: "pre-stage/BasicFilteringRuleImpl/" done in 8.900 μs
[17:43:58] [REI-ReloadPlugins/TRACE] [REI] [REIClientPlugin END] Reloading Section: "pre-stage/CategoryRegistryImpl/"
[17:43:58] [REI-ReloadPlugins/TRACE] [REI] [REIClientPlugin END] Reloading Section: "pre-stage/CategoryRegistryImpl/" done in 10.30 μs
[17:43:58] [REI-ReloadPlugins/TRACE] [REI] [REIClientPlugin END] Reloading Section: "pre-stage/DisplayRegistryImpl/"
[17:43:58] [REI-ReloadPlugins/TRACE] [REI] [REIClientPlugin END] Reloading Section: "pre-stage/DisplayRegistryImpl/" done in 9.600 μs
[17:43:58] [REI-ReloadPlugins/TRACE] [REI] [REIClientPlugin END] Reloading Section: "pre-stage/ScreenRegistryImpl/"
[17:43:58] [REI-ReloadPlugins/TRACE] [REI] [REIClientPlugin END] Reloading Section: "pre-stage/ScreenRegistryImpl/" done in 9.500 μs
[17:43:58] [REI-ReloadPlugins/TRACE] [REI] [REIClientPlugin END] Reloading Section: "pre-stage/FavoriteEntryTypeRegistryImpl/"
[17:43:58] [REI-ReloadPlugins/TRACE] [REI] [REIClientPlugin END] Reloading Section: "pre-stage/FavoriteEntryTypeRegistryImpl/" done in 9.000 μs
[17:43:58] [REI-ReloadPlugins/TRACE] [REI] [REIClientPlugin END] Reloading Section: "pre-stage/SubsetsRegistryImpl/"
[17:43:58] [REI-ReloadPlugins/TRACE] [REI] [REIClientPlugin END] Reloading Section: "pre-stage/SubsetsRegistryImpl/" done in 9.600 μs
[17:43:58] [REI-ReloadPlugins/TRACE] [REI] [REIClientPlugin END] Reloading Section: "pre-stage/TransferHandlerRegistryImpl/"
[17:43:58] [REI-ReloadPlugins/TRACE] [REI] [REIClientPlugin END] Reloading Section: "pre-stage/TransferHandlerRegistryImpl/" done in 10.00 μs
[17:43:58] [REI-ReloadPlugins/TRACE] [REI] [REIClientPlugin END] Reloading Section: "pre-stage/SearchRuntime/"
[17:43:58] [REI-ReloadPlugins/TRACE] [REI] [REIClientPlugin END] Reloading Section: "pre-stage/SearchRuntime/" done in 9.500 μs
[17:43:58] [REI-ReloadPlugins/TRACE] [REI] [REIClientPlugin END] Reloading Section: "pre-stage/REIRuntimeImpl/"
[17:43:58] [REI-ReloadPlugins/TRACE] [REI] [REIClientPlugin END] Reloading Section: "pre-stage/REIRuntimeImpl/" done in 14.10 μs
[17:43:58] [REI-ReloadPlugins/TRACE] [REI] [REIClientPlugin END] Reloading Section: "pre-stage/ConfigAddonRegistryImpl/"
[17:43:58] [REI-ReloadPlugins/TRACE] [REI] [REIClientPlugin END] Reloading Section: "pre-stage/ConfigAddonRegistryImpl/" done in 11.80 μs
[17:43:58] [REI-ReloadPlugins/TRACE] [REI] [REIClientPlugin END] Reloading Section: "pre-stage/me.shedaniel.rei.plugin.client.runtime.PluginStageExecutionWatcher$1/"
[17:43:58] [REI-ReloadPlugins/TRACE] [REI] [REIClientPlugin END] Reloading Section: "pre-stage/me.shedaniel.rei.plugin.client.runtime.PluginStageExecutionWatcher$1/" done in 17.60 μs
[17:43:58] [REI-ReloadPlugins/TRACE] [REI] [REIClientPlugin END] Reloading Section: "pre-stage/" done in 567.2 μs
[17:43:58] [REI-ReloadPlugins/DEBUG] [REI] ========================================
[17:43:58] [REI-ReloadPlugins/DEBUG] [REI] REIClientPlugin finished pre-reload for END in 749.6 μs.
[17:43:58] [REI-ReloadPlugins/DEBUG] [REI] ========================================
[17:43:58] [REI-ReloadPlugins/INFO] [REI] ========================================
[17:43:58] [REI-ReloadPlugins/INFO] [REI] REICommonPlugin starting main-reload for END.
[17:43:58] [REI-ReloadPlugins/DEBUG] [REI] Reloadables (9):
[17:43:58] [REI-ReloadPlugins/DEBUG] [REI]  - SlotAccessorRegistryImpl
[17:43:58] [REI-ReloadPlugins/DEBUG] [REI]  - EntryTypeRegistryImpl
[17:43:58] [REI-ReloadPlugins/DEBUG] [REI]  - EntrySettingsAdapterRegistryImpl
[17:43:58] [REI-ReloadPlugins/DEBUG] [REI]  - ItemComparatorRegistryImpl
[17:43:58] [REI-ReloadPlugins/DEBUG] [REI]  - FluidComparatorRegistryImpl
[17:43:58] [REI-ReloadPlugins/DEBUG] [REI]  - DisplaySerializerRegistryImpl
[17:43:58] [REI-ReloadPlugins/DEBUG] [REI]  - ServerDisplayRegistryImpl
[17:43:58] [REI-ReloadPlugins/DEBUG] [REI]  - FluidSupportProviderImpl
[17:43:58] [REI-ReloadPlugins/DEBUG] [REI]  - me.shedaniel.rei.plugin.client.runtime.PluginStageExecutionWatcher$1
[17:43:58] [REI-ReloadPlugins/INFO] [REI] Plugins (2):
[17:43:58] [REI-ReloadPlugins/INFO] [REI]  - (-100,00) DefaultPluginImpl of DefaultPluginImpl [roughlyenoughitems]
[17:43:58] [REI-ReloadPlugins/INFO] [REI]  - (0,00) DefaultRuntimePlugin of DefaultRuntimePlugin [roughlyenoughitems]
[17:43:58] [REI-ReloadPlugins/INFO] [REI] ========================================
[17:43:58] [REI-ReloadPlugins/TRACE] [REI] [REICommonPlugin END] Reloading Section: "start-reload/"
[17:43:58] [REI-ReloadPlugins/TRACE] [REI] [REICommonPlugin END] Reloading Section: "start-reload/SlotAccessorRegistryImpl/"
[17:43:58] [REI-ReloadPlugins/TRACE] [REI] [REICommonPlugin END] Reloading Section: "start-reload/SlotAccessorRegistryImpl/" done in 24.70 μs
[17:43:58] [REI-ReloadPlugins/TRACE] [REI] [REICommonPlugin END] Reloading Section: "start-reload/EntryTypeRegistryImpl/"
[17:43:58] [REI-ReloadPlugins/TRACE] [REI] [REICommonPlugin END] Reloading Section: "start-reload/EntryTypeRegistryImpl/" done in 16.80 μs
[17:43:58] [REI-ReloadPlugins/TRACE] [REI] [REICommonPlugin END] Reloading Section: "start-reload/EntrySettingsAdapterRegistryImpl/"
[17:43:58] [REI-ReloadPlugins/TRACE] [REI] [REICommonPlugin END] Reloading Section: "start-reload/EntrySettingsAdapterRegistryImpl/" done in 18.50 μs
[17:43:58] [REI-ReloadPlugins/TRACE] [REI] [REICommonPlugin END] Reloading Section: "start-reload/ItemComparatorRegistryImpl/"
[17:43:58] [REI-ReloadPlugins/TRACE] [REI] [REICommonPlugin END] Reloading Section: "start-reload/ItemComparatorRegistryImpl/" done in 14.80 μs
[17:43:58] [REI-ReloadPlugins/TRACE] [REI] [REICommonPlugin END] Reloading Section: "start-reload/FluidComparatorRegistryImpl/"
[17:43:58] [REI-ReloadPlugins/TRACE] [REI] [REICommonPlugin END] Reloading Section: "start-reload/FluidComparatorRegistryImpl/" done in 16.30 μs
[17:43:58] [REI-ReloadPlugins/TRACE] [REI] [REICommonPlugin END] Reloading Section: "start-reload/DisplaySerializerRegistryImpl/"
[17:43:58] [REI-ReloadPlugins/TRACE] [REI] [REICommonPlugin END] Reloading Section: "start-reload/DisplaySerializerRegistryImpl/" done in 16.90 μs
[17:43:58] [REI-ReloadPlugins/TRACE] [REI] [REICommonPlugin END] Reloading Section: "start-reload/ServerDisplayRegistryImpl/"
[17:43:58] [REI-ReloadPlugins/TRACE] [REI] [REICommonPlugin END] Reloading Section: "start-reload/ServerDisplayRegistryImpl/" done in 73.00 μs
[17:43:58] [REI-ReloadPlugins/TRACE] [REI] [REICommonPlugin END] Reloading Section: "start-reload/FluidSupportProviderImpl/"
[17:43:58] [REI-ReloadPlugins/TRACE] [REI] [REICommonPlugin END] Reloading Section: "start-reload/FluidSupportProviderImpl/" done in 16.30 μs
[17:43:58] [REI-ReloadPlugins/TRACE] [REI] [REICommonPlugin END] Reloading Section: "start-reload/me.shedaniel.rei.plugin.client.runtime.PluginStageExecutionWatcher$1/"
[17:43:58] [REI-ReloadPlugins/TRACE] [REI] [REICommonPlugin END] Reloading Section: "start-reload/me.shedaniel.rei.plugin.client.runtime.PluginStageExecutionWatcher$1/" done in 12.90 μs
[17:43:58] [REI-ReloadPlugins/TRACE] [REI] [REICommonPlugin END] Reloading Section: "start-reload/" done in 567.1 μs
[17:43:58] [REI-ReloadPlugins/DEBUG] [REI] ========================================
[17:43:58] [REI-ReloadPlugins/DEBUG] [REI] REICommonPlugin started main-reload for END.
[17:43:58] [REI-ReloadPlugins/DEBUG] [REI] ========================================
[17:43:58] [REI-ReloadPlugins/TRACE] [REI] [REICommonPlugin END] Reloading Section: "reloadable-plugin/SlotAccessorRegistryImpl/"
[17:43:58] [REI-ReloadPlugins/TRACE] [REI] [REICommonPlugin END] Reloading Section: "reloadable-plugin/SlotAccessorRegistryImpl/DefaultPluginImpl of DefaultPluginImpl [roughlyenoughitems]/"
[17:43:58] [REI-ReloadPlugins/TRACE] [REI] [REICommonPlugin END] Reloading Section: "reloadable-plugin/SlotAccessorRegistryImpl/DefaultPluginImpl of DefaultPluginImpl [roughlyenoughitems]/" done in 33.20 μs
[17:43:58] [REI-ReloadPlugins/TRACE] [REI] [REICommonPlugin END] Reloading Section: "reloadable-plugin/SlotAccessorRegistryImpl/DefaultRuntimePlugin of DefaultRuntimePlugin [roughlyenoughitems]/"
[17:43:58] [REI-ReloadPlugins/DEBUG] [REI] Added slot accessor serializer: me.shedaniel.rei.plugin.common.runtime.DefaultRuntimePlugin$1@3ae80fa0 [roughlyenoughitems:vanilla]
[17:43:58] [REI-ReloadPlugins/DEBUG] [REI] Added slot accessor serializer: me.shedaniel.rei.plugin.common.runtime.DefaultRuntimePlugin$2@2d1c05c [roughlyenoughitems:player]
[17:43:58] [REI-ReloadPlugins/TRACE] [REI] [REICommonPlugin END] Reloading Section: "reloadable-plugin/SlotAccessorRegistryImpl/DefaultRuntimePlugin of DefaultRuntimePlugin [roughlyenoughitems]/" done in 8.087 ms
[17:43:58] [REI-ReloadPlugins/TRACE] [REI] [REICommonPlugin END] Reloading Section: "reloadable-plugin/SlotAccessorRegistryImpl/" done in 8.322 ms
[17:43:58] [REI-ReloadPlugins/TRACE] [REI] [REICommonPlugin END] Reloading Section: "reloadable-plugin/EntryTypeRegistryImpl/"
[17:43:58] [REI-ReloadPlugins/TRACE] [REI] [REICommonPlugin END] Reloading Section: "reloadable-plugin/EntryTypeRegistryImpl/DefaultPluginImpl of DefaultPluginImpl [roughlyenoughitems]/"
[17:43:58] [REI-ReloadPlugins/TRACE] [REI] [REICommonPlugin END] Reloading Section: "reloadable-plugin/EntryTypeRegistryImpl/DefaultPluginImpl of DefaultPluginImpl [roughlyenoughitems]/" done in 16.20 μs
[17:43:58] [REI-ReloadPlugins/TRACE] [REI] [REICommonPlugin END] Reloading Section: "reloadable-plugin/EntryTypeRegistryImpl/DefaultRuntimePlugin of DefaultRuntimePlugin [roughlyenoughitems]/"
[17:43:58] [REI-ReloadPlugins/TRACE] [REI] [REICommonPlugin END] Reloading Section: "reloadable-plugin/EntryTypeRegistryImpl/DefaultRuntimePlugin of DefaultRuntimePlugin [roughlyenoughitems]/" done in 10.50 μs
[17:43:58] [REI-ReloadPlugins/TRACE] [REI] [REICommonPlugin END] Reloading Section: "reloadable-plugin/EntryTypeRegistryImpl/" done in 103.4 μs
[17:43:58] [REI-ReloadPlugins/TRACE] [REI] [REICommonPlugin END] Reloading Section: "reloadable-plugin/EntrySettingsAdapterRegistryImpl/"
[17:43:58] [REI-ReloadPlugins/TRACE] [REI] [REICommonPlugin END] Reloading Section: "reloadable-plugin/EntrySettingsAdapterRegistryImpl/DefaultPluginImpl of DefaultPluginImpl [roughlyenoughitems]/"
[17:43:58] [REI-ReloadPlugins/TRACE] [REI] [REICommonPlugin END] Reloading Section: "reloadable-plugin/EntrySettingsAdapterRegistryImpl/DefaultPluginImpl of DefaultPluginImpl [roughlyenoughitems]/" done in 20.20 μs
[17:43:58] [REI-ReloadPlugins/TRACE] [REI] [REICommonPlugin END] Reloading Section: "reloadable-plugin/EntrySettingsAdapterRegistryImpl/DefaultRuntimePlugin of DefaultRuntimePlugin [roughlyenoughitems]/"
[17:43:58] [REI-ReloadPlugins/TRACE] [REI] [REICommonPlugin END] Reloading Section: "reloadable-plugin/EntrySettingsAdapterRegistryImpl/DefaultRuntimePlugin of DefaultRuntimePlugin [roughlyenoughitems]/" done in 16.90 μs
[17:43:58] [REI-ReloadPlugins/TRACE] [REI] [REICommonPlugin END] Reloading Section: "reloadable-plugin/EntrySettingsAdapterRegistryImpl/" done in 165.9 μs
[17:43:58] [REI-ReloadPlugins/TRACE] [REI] [REICommonPlugin END] Reloading Section: "reloadable-plugin/ItemComparatorRegistryImpl/"
[17:43:58] [REI-ReloadPlugins/TRACE] [REI] [REICommonPlugin END] Reloading Section: "reloadable-plugin/ItemComparatorRegistryImpl/DefaultPluginImpl of DefaultPluginImpl [roughlyenoughitems]/"
[17:43:58] [REI-ReloadPlugins/TRACE] [REI] [REICommonPlugin END] Reloading Section: "reloadable-plugin/ItemComparatorRegistryImpl/DefaultPluginImpl of DefaultPluginImpl [roughlyenoughitems]/" done in 10.00 μs
[17:43:58] [REI-ReloadPlugins/TRACE] [REI] [REICommonPlugin END] Reloading Section: "reloadable-plugin/ItemComparatorRegistryImpl/DefaultRuntimePlugin of DefaultRuntimePlugin [roughlyenoughitems]/"
[17:43:58] [REI-ReloadPlugins/TRACE] [REI] [REICommonPlugin END] Reloading Section: "reloadable-plugin/ItemComparatorRegistryImpl/DefaultRuntimePlugin of DefaultRuntimePlugin [roughlyenoughitems]/" done in 9.200 μs
[17:43:58] [REI-ReloadPlugins/TRACE] [REI] [REICommonPlugin END] Reloading Section: "reloadable-plugin/ItemComparatorRegistryImpl/" done in 75.10 μs
[17:43:58] [REI-ReloadPlugins/TRACE] [REI] [REICommonPlugin END] Reloading Section: "reloadable-plugin/FluidComparatorRegistryImpl/"
[17:43:58] [REI-ReloadPlugins/TRACE] [REI] [REICommonPlugin END] Reloading Section: "reloadable-plugin/FluidComparatorRegistryImpl/DefaultPluginImpl of DefaultPluginImpl [roughlyenoughitems]/"
[17:43:58] [REI-ReloadPlugins/TRACE] [REI] [REICommonPlugin END] Reloading Section: "reloadable-plugin/FluidComparatorRegistryImpl/DefaultPluginImpl of DefaultPluginImpl [roughlyenoughitems]/" done in 9.100 μs
[17:43:58] [REI-ReloadPlugins/TRACE] [REI] [REICommonPlugin END] Reloading Section: "reloadable-plugin/FluidComparatorRegistryImpl/DefaultRuntimePlugin of DefaultRuntimePlugin [roughlyenoughitems]/"
[17:43:58] [REI-ReloadPlugins/TRACE] [REI] [REICommonPlugin END] Reloading Section: "reloadable-plugin/FluidComparatorRegistryImpl/DefaultRuntimePlugin of DefaultRuntimePlugin [roughlyenoughitems]/" done in 9.000 μs
[17:43:58] [REI-ReloadPlugins/TRACE] [REI] [REICommonPlugin END] Reloading Section: "reloadable-plugin/FluidComparatorRegistryImpl/" done in 70.10 μs
[17:43:58] [REI-ReloadPlugins/TRACE] [REI] [REICommonPlugin END] Reloading Section: "reloadable-plugin/DisplaySerializerRegistryImpl/"
[17:43:58] [REI-ReloadPlugins/TRACE] [REI] [REICommonPlugin END] Reloading Section: "reloadable-plugin/DisplaySerializerRegistryImpl/DefaultPluginImpl of DefaultPluginImpl [roughlyenoughitems]/"
[17:43:58] [REI-ReloadPlugins/TRACE] [REI] [REICommonPlugin END] Reloading Section: "reloadable-plugin/DisplaySerializerRegistryImpl/DefaultPluginImpl of DefaultPluginImpl [roughlyenoughitems]/" done in 9.400 μs
[17:43:58] [REI-ReloadPlugins/TRACE] [REI] [REICommonPlugin END] Reloading Section: "reloadable-plugin/DisplaySerializerRegistryImpl/DefaultRuntimePlugin of DefaultRuntimePlugin [roughlyenoughitems]/"
[17:43:58] [REI-ReloadPlugins/TRACE] [REI] [REICommonPlugin END] Reloading Section: "reloadable-plugin/DisplaySerializerRegistryImpl/DefaultRuntimePlugin of DefaultRuntimePlugin [roughlyenoughitems]/" done in 9.400 μs
[17:43:58] [REI-ReloadPlugins/TRACE] [REI] [REICommonPlugin END] Reloading Section: "reloadable-plugin/DisplaySerializerRegistryImpl/" done in 71.90 μs
[17:43:58] [REI-ReloadPlugins/TRACE] [REI] [REICommonPlugin END] Reloading Section: "reloadable-plugin/ServerDisplayRegistryImpl/"
[17:43:58] [REI-ReloadPlugins/TRACE] [REI] [REICommonPlugin END] Reloading Section: "reloadable-plugin/ServerDisplayRegistryImpl/DefaultPluginImpl of DefaultPluginImpl [roughlyenoughitems]/"
[17:43:58] [REI-ReloadPlugins/DEBUG] [REI] Added display filter: me.shedaniel.rei.api.common.registry.display.DisplayConsumer$RecipeManagerConsumer$RecipeFillerBuilder$$Lambda/0x0000021d9d815228@5460152
[17:43:58] [REI-ReloadPlugins/DEBUG] [REI] Added display filter: me.shedaniel.rei.api.common.registry.display.DisplayConsumer$RecipeManagerConsumer$RecipeFillerBuilder$$Lambda/0x0000021d9d815228@651fad3d
[17:43:58] [REI-ReloadPlugins/DEBUG] [REI] Added display filter: me.shedaniel.rei.api.common.registry.display.DisplayConsumer$RecipeManagerConsumer$RecipeFillerBuilder$$Lambda/0x0000021d9d815228@4217cf4
[17:43:58] [REI-ReloadPlugins/DEBUG] [REI] Added display filter: me.shedaniel.rei.api.common.registry.display.DisplayConsumer$RecipeManagerConsumer$RecipeFillerBuilder$$Lambda/0x0000021d9d815228@5d06f1a2
[17:43:58] [REI-ReloadPlugins/DEBUG] [REI] Added display filter: me.shedaniel.rei.api.common.registry.display.DisplayConsumer$RecipeManagerConsumer$RecipeFillerBuilder$$Lambda/0x0000021d9d815228@265bd243
[17:43:58] [REI-ReloadPlugins/DEBUG] [REI] Added display filter: me.shedaniel.rei.api.common.registry.display.DisplayConsumer$RecipeManagerConsumer$RecipeFillerBuilder$$Lambda/0x0000021d9d815228@4f027172
[17:43:58] [REI-ReloadPlugins/DEBUG] [REI] Added display filter: me.shedaniel.rei.api.common.registry.display.DisplayConsumer$RecipeManagerConsumer$RecipeFillerBuilder$$Lambda/0x0000021d9d815228@874984f
[17:43:58] [REI-ReloadPlugins/DEBUG] [REI] Added display filter: me.shedaniel.rei.api.common.registry.display.DisplayConsumer$RecipeManagerConsumer$RecipeFillerBuilder$$Lambda/0x0000021d9d819968@19aecc10
[17:43:58] [REI-ReloadPlugins/DEBUG] [REI] Added display filter: me.shedaniel.rei.api.common.registry.display.DisplayConsumer$RecipeManagerConsumer$RecipeFillerBuilder$$Lambda/0x0000021d9d819968@1f77b9a7
[17:43:58] [REI-ReloadPlugins/DEBUG] [REI] Added display filter: me.shedaniel.rei.api.common.registry.display.DisplayConsumer$RecipeManagerConsumer$RecipeFillerBuilder$$Lambda/0x0000021d9d819968@6e7dded4
[17:43:58] [REI-ReloadPlugins/DEBUG] [REI] Added display filter: me.shedaniel.rei.api.common.registry.display.DisplayConsumer$RecipeManagerConsumer$RecipeFillerBuilder$$Lambda/0x0000021d9d819968@7fb853c6
[17:43:58] [REI-ReloadPlugins/DEBUG] [REI] Added display filter: me.shedaniel.rei.api.common.registry.display.DisplayConsumer$RecipeManagerConsumer$RecipeFillerBuilder$$Lambda/0x0000021d9d819968@1099ce6d
[17:43:58] [REI-ReloadPlugins/DEBUG] [REI] Added display filter: me.shedaniel.rei.api.common.registry.display.DisplayConsumer$RecipeManagerConsumer$RecipeFillerBuilder$$Lambda/0x0000021d9d819968@3201f758
[17:43:58] [REI-ReloadPlugins/DEBUG] [REI] Added display filter: me.shedaniel.rei.api.common.registry.display.DisplayConsumer$RecipeManagerConsumer$RecipeFillerBuilder$$Lambda/0x0000021d9d819968@320a04b2
[17:43:58] [REI-ReloadPlugins/DEBUG] [REI] Added display filter: me.shedaniel.rei.api.common.registry.display.DisplayConsumer$RecipeManagerConsumer$RecipeFillerBuilder$$Lambda/0x0000021d9d819968@f115756
[17:43:58] [REI-ReloadPlugins/DEBUG] [REI] Added display filter: me.shedaniel.rei.api.common.registry.display.DisplayConsumer$RecipeManagerConsumer$RecipeFillerBuilder$$Lambda/0x0000021d9d819968@51250a7f
[17:43:58] [REI-ReloadPlugins/TRACE] [REI] [REICommonPlugin END] Reloading Section: "reloadable-plugin/ServerDisplayRegistryImpl/DefaultPluginImpl of DefaultPluginImpl [roughlyenoughitems]/" done in 18.25 ms
[17:43:58] [REI-ReloadPlugins/TRACE] [REI] [REICommonPlugin END] Reloading Section: "reloadable-plugin/ServerDisplayRegistryImpl/DefaultRuntimePlugin of DefaultRuntimePlugin [roughlyenoughitems]/"
[17:43:58] [REI-ReloadPlugins/TRACE] [REI] [REICommonPlugin END] Reloading Section: "reloadable-plugin/ServerDisplayRegistryImpl/DefaultRuntimePlugin of DefaultRuntimePlugin [roughlyenoughitems]/" done in 21.70 μs
[17:43:58] [REI-ReloadPlugins/TRACE] [REI] [REICommonPlugin END] Reloading Section: "reloadable-plugin/ServerDisplayRegistryImpl/" done in 18.41 ms
[17:43:58] [REI-ReloadPlugins/TRACE] [REI] [REICommonPlugin END] Reloading Section: "reloadable-plugin/FluidSupportProviderImpl/"
[17:43:58] [REI-ReloadPlugins/TRACE] [REI] [REICommonPlugin END] Reloading Section: "reloadable-plugin/FluidSupportProviderImpl/DefaultPluginImpl of DefaultPluginImpl [roughlyenoughitems]/"
[17:43:58] [REI-ReloadPlugins/TRACE] [REI] [REICommonPlugin END] Reloading Section: "reloadable-plugin/FluidSupportProviderImpl/DefaultPluginImpl of DefaultPluginImpl [roughlyenoughitems]/" done in 10.70 μs
[17:43:58] [REI-ReloadPlugins/TRACE] [REI] [REICommonPlugin END] Reloading Section: "reloadable-plugin/FluidSupportProviderImpl/DefaultRuntimePlugin of DefaultRuntimePlugin [roughlyenoughitems]/"
[17:43:58] [REI-ReloadPlugins/TRACE] [REI] [REICommonPlugin END] Reloading Section: "reloadable-plugin/FluidSupportProviderImpl/DefaultRuntimePlugin of DefaultRuntimePlugin [roughlyenoughitems]/" done in 9.000 μs
[17:43:58] [REI-ReloadPlugins/TRACE] [REI] [REICommonPlugin END] Reloading Section: "reloadable-plugin/FluidSupportProviderImpl/" done in 81.30 μs
[17:43:58] [REI-ReloadPlugins/TRACE] [REI] [REICommonPlugin END] Reloading Section: "reloadable-plugin/me.shedaniel.rei.plugin.client.runtime.PluginStageExecutionWatcher$1/"
[17:43:58] [REI-ReloadPlugins/TRACE] [REI] [REICommonPlugin END] Reloading Section: "reloadable-plugin/me.shedaniel.rei.plugin.client.runtime.PluginStageExecutionWatcher$1/DefaultPluginImpl of DefaultPluginImpl [roughlyenoughitems]/"
[17:43:58] [REI-ReloadPlugins/TRACE] [REI] [REICommonPlugin END] Reloading Section: "reloadable-plugin/me.shedaniel.rei.plugin.client.runtime.PluginStageExecutionWatcher$1/DefaultPluginImpl of DefaultPluginImpl [roughlyenoughitems]/" done in 9.400 μs
[17:43:58] [REI-ReloadPlugins/TRACE] [REI] [REICommonPlugin END] Reloading Section: "reloadable-plugin/me.shedaniel.rei.plugin.client.runtime.PluginStageExecutionWatcher$1/DefaultRuntimePlugin of DefaultRuntimePlugin [roughlyenoughitems]/"
[17:43:58] [REI-ReloadPlugins/TRACE] [REI] [REICommonPlugin END] Reloading Section: "reloadable-plugin/me.shedaniel.rei.plugin.client.runtime.PluginStageExecutionWatcher$1/DefaultRuntimePlugin of DefaultRuntimePlugin [roughlyenoughitems]/" done in 9.100 μs
[17:43:58] [REI-ReloadPlugins/TRACE] [REI] [REICommonPlugin END] Reloading Section: "reloadable-plugin/me.shedaniel.rei.plugin.client.runtime.PluginStageExecutionWatcher$1/" done in 67.80 μs
[17:43:58] [REI-ReloadPlugins/DEBUG] [REI] ========================================
[17:43:58] [REI-ReloadPlugins/DEBUG] [REI] REICommonPlugin ending main-reload for END.
[17:43:58] [REI-ReloadPlugins/DEBUG] [REI] ========================================
[17:43:58] [REI-ReloadPlugins/TRACE] [REI] [REICommonPlugin END] Reloading Section: "end-reload/"
[17:43:58] [REI-ReloadPlugins/TRACE] [REI] [REICommonPlugin END] Reloading Section: "end-reload/SlotAccessorRegistryImpl/"
[17:43:58] [REI-ReloadPlugins/DEBUG] [REI] Registered 2 slot accessor serializers
[17:43:58] [REI-ReloadPlugins/TRACE] [REI] [REICommonPlugin END] Reloading Section: "end-reload/SlotAccessorRegistryImpl/" done in 67.30 μs
[17:43:58] [REI-ReloadPlugins/TRACE] [REI] [REICommonPlugin END] Reloading Section: "end-reload/EntryTypeRegistryImpl/"
[17:43:58] [REI-ReloadPlugins/TRACE] [REI] [REICommonPlugin END] Reloading Section: "end-reload/EntryTypeRegistryImpl/" done in 9.500 μs
[17:43:58] [REI-ReloadPlugins/TRACE] [REI] [REICommonPlugin END] Reloading Section: "end-reload/EntrySettingsAdapterRegistryImpl/"
[17:43:58] [REI-ReloadPlugins/TRACE] [REI] [REICommonPlugin END] Reloading Section: "end-reload/EntrySettingsAdapterRegistryImpl/" done in 8.900 μs
[17:43:58] [REI-ReloadPlugins/TRACE] [REI] [REICommonPlugin END] Reloading Section: "end-reload/ItemComparatorRegistryImpl/"
[17:43:58] [REI-ReloadPlugins/TRACE] [REI] [REICommonPlugin END] Reloading Section: "end-reload/ItemComparatorRegistryImpl/" done in 7.200 μs
[17:43:58] [REI-ReloadPlugins/TRACE] [REI] [REICommonPlugin END] Reloading Section: "end-reload/FluidComparatorRegistryImpl/"
[17:43:58] [REI-ReloadPlugins/TRACE] [REI] [REICommonPlugin END] Reloading Section: "end-reload/FluidComparatorRegistryImpl/" done in 8.500 μs
[17:43:58] [REI-ReloadPlugins/TRACE] [REI] [REICommonPlugin END] Reloading Section: "end-reload/DisplaySerializerRegistryImpl/"
[17:43:58] [REI-ReloadPlugins/TRACE] [REI] [REICommonPlugin END] Reloading Section: "end-reload/DisplaySerializerRegistryImpl/" done in 6.800 μs
[17:43:58] [REI-ReloadPlugins/TRACE] [REI] [REICommonPlugin END] Reloading Section: "end-reload/ServerDisplayRegistryImpl/"
[17:43:58] [REI-ReloadPlugins/DEBUG] [REI] Found preliminary 0 displays
[17:43:58] [REI-ReloadPlugins/DEBUG] [REI] Filled 1779 displays from recipe manager in 86.66 ms
[17:43:58] [REI-ReloadPlugins/TRACE] [REI] [REICommonPlugin END] Reloading Section: "end-reload/ServerDisplayRegistryImpl/" done in 86.99 ms
[17:43:58] [REI-ReloadPlugins/TRACE] [REI] [REICommonPlugin END] Reloading Section: "end-reload/FluidSupportProviderImpl/"
[17:43:58] [REI-ReloadPlugins/TRACE] [REI] [REICommonPlugin END] Reloading Section: "end-reload/FluidSupportProviderImpl/" done in 12.10 μs
[17:43:58] [REI-ReloadPlugins/TRACE] [REI] [REICommonPlugin END] Reloading Section: "end-reload/me.shedaniel.rei.plugin.client.runtime.PluginStageExecutionWatcher$1/"
[17:43:58] [REI-ReloadPlugins/TRACE] [REI] [REICommonPlugin END] Reloading Section: "end-reload/me.shedaniel.rei.plugin.client.runtime.PluginStageExecutionWatcher$1/" done in 8.100 μs
[17:43:58] [REI-ReloadPlugins/TRACE] [REI] [REICommonPlugin END] Reloading Section: "end-reload/" done in 87.36 ms
[17:43:58] [REI-ReloadPlugins/DEBUG] [REI] ========================================
[17:43:58] [REI-ReloadPlugins/DEBUG] [REI] REICommonPlugin ended main-reload for END in 116.3 ms.
[17:43:58] [REI-ReloadPlugins/DEBUG] [REI] ========================================
[17:43:58] [REI-ReloadPlugins/INFO] [REI] ========================================
[17:43:58] [REI-ReloadPlugins/INFO] [REI] REIClientPlugin starting main-reload for END.
[17:43:58] [REI-ReloadPlugins/DEBUG] [REI] Reloadables (18):
[17:43:58] [REI-ReloadPlugins/DEBUG] [REI]  - EntryRendererRegistryImpl
[17:43:58] [REI-ReloadPlugins/DEBUG] [REI]  - ViewsImpl
[17:43:58] [REI-ReloadPlugins/DEBUG] [REI]  - InputMethodRegistryImpl
[17:43:58] [REI-ReloadPlugins/DEBUG] [REI]  - SearchProviderImpl
[17:43:58] [REI-ReloadPlugins/DEBUG] [REI]  - ConfigManagerImpl
[17:43:58] [REI-ReloadPlugins/DEBUG] [REI]  - EntryRegistryImpl
[17:43:58] [REI-ReloadPlugins/DEBUG] [REI]  - CollapsibleEntryRegistryImpl
[17:43:58] [REI-ReloadPlugins/DEBUG] [REI]  - BasicFilteringRuleImpl
[17:43:58] [REI-ReloadPlugins/DEBUG] [REI]  - CategoryRegistryImpl
[17:43:58] [REI-ReloadPlugins/DEBUG] [REI]  - DisplayRegistryImpl
[17:43:58] [REI-ReloadPlugins/DEBUG] [REI]  - ScreenRegistryImpl
[17:43:58] [REI-ReloadPlugins/DEBUG] [REI]  - FavoriteEntryTypeRegistryImpl
[17:43:58] [REI-ReloadPlugins/DEBUG] [REI]  - SubsetsRegistryImpl
[17:43:58] [REI-ReloadPlugins/DEBUG] [REI]  - TransferHandlerRegistryImpl
[17:43:58] [REI-ReloadPlugins/DEBUG] [REI]  - SearchRuntime
[17:43:58] [REI-ReloadPlugins/DEBUG] [REI]  - REIRuntimeImpl
[17:43:58] [REI-ReloadPlugins/DEBUG] [REI]  - ConfigAddonRegistryImpl
[17:43:58] [REI-ReloadPlugins/DEBUG] [REI]  - me.shedaniel.rei.plugin.client.runtime.PluginStageExecutionWatcher$1
[17:43:58] [REI-ReloadPlugins/INFO] [REI] Plugins (3):
[17:43:58] [REI-ReloadPlugins/INFO] [REI]  - (-100,00) DefaultClientPluginImpl of DefaultClientPluginImpl [roughlyenoughitems]
[17:43:58] [REI-ReloadPlugins/INFO] [REI]  - (0,00) HideIngredientsFromTagsPlugin of HideIngredientsFromTagsPlugin [roughlyenoughitems]
[17:43:58] [REI-ReloadPlugins/INFO] [REI]  - (0,00) DefaultClientRuntimePlugin of DefaultClientRuntimePlugin [roughlyenoughitems]
[17:43:58] [REI-ReloadPlugins/INFO] [REI] ========================================
[17:43:58] [REI-ReloadPlugins/TRACE] [REI] [REIClientPlugin END] Reloading Section: "start-reload/"
[17:43:58] [REI-ReloadPlugins/TRACE] [REI] [REIClientPlugin END] Reloading Section: "start-reload/EntryRendererRegistryImpl/"
[17:43:58] [REI-ReloadPlugins/TRACE] [REI] [REIClientPlugin END] Reloading Section: "start-reload/EntryRendererRegistryImpl/" done in 6.134 ms
[17:43:58] [REI-ReloadPlugins/TRACE] [REI] [REIClientPlugin END] Reloading Section: "start-reload/ViewsImpl/"
[17:43:58] [REI-ReloadPlugins/TRACE] [REI] [REIClientPlugin END] Reloading Section: "start-reload/ViewsImpl/" done in 49.00 μs
[17:43:58] [REI-ReloadPlugins/TRACE] [REI] [REIClientPlugin END] Reloading Section: "start-reload/InputMethodRegistryImpl/"
[17:43:58] [REI-ReloadPlugins/TRACE] [REI] [REIClientPlugin END] Reloading Section: "start-reload/InputMethodRegistryImpl/" done in 21.40 μs
[17:43:58] [REI-ReloadPlugins/TRACE] [REI] [REIClientPlugin END] Reloading Section: "start-reload/SearchProviderImpl/"
[17:43:58] [REI-ReloadPlugins/TRACE] [REI] [REIClientPlugin END] Reloading Section: "start-reload/SearchProviderImpl/" done in 14.90 μs
[17:43:58] [REI-ReloadPlugins/TRACE] [REI] [REIClientPlugin END] Reloading Section: "start-reload/ConfigManagerImpl/"
[17:43:58] [REI-ReloadPlugins/TRACE] [REI] [REIClientPlugin END] Reloading Section: "start-reload/ConfigManagerImpl/" done in 18.60 μs
[17:43:58] [REI-ReloadPlugins/TRACE] [REI] [REIClientPlugin END] Reloading Section: "start-reload/EntryRegistryImpl/"
[17:43:58] [REI-ReloadPlugins/TRACE] [REI] [REIClientPlugin END] Reloading Section: "start-reload/EntryRegistryImpl/" done in 11.50 μs
[17:43:58] [REI-ReloadPlugins/TRACE] [REI] [REIClientPlugin END] Reloading Section: "start-reload/CollapsibleEntryRegistryImpl/"
[17:43:58] [REI-ReloadPlugins/TRACE] [REI] [REIClientPlugin END] Reloading Section: "start-reload/CollapsibleEntryRegistryImpl/" done in 13.40 μs
[17:43:58] [REI-ReloadPlugins/TRACE] [REI] [REIClientPlugin END] Reloading Section: "start-reload/BasicFilteringRuleImpl/"
[17:43:58] [REI-ReloadPlugins/TRACE] [REI] [REIClientPlugin END] Reloading Section: "start-reload/BasicFilteringRuleImpl/" done in 10.60 μs
[17:43:58] [REI-ReloadPlugins/TRACE] [REI] [REIClientPlugin END] Reloading Section: "start-reload/CategoryRegistryImpl/"
[17:43:58] [REI-ReloadPlugins/DEBUG] [REI] Added category visibility predicate: me.shedaniel.rei.impl.client.registry.category.CategoryRegistryImpl$$Lambda/0x0000021d9d82ee08@559f1219 [0,00 priority]
[17:43:58] [REI-ReloadPlugins/TRACE] [REI] [REIClientPlugin END] Reloading Section: "start-reload/CategoryRegistryImpl/" done in 3.463 ms
[17:43:58] [REI-ReloadPlugins/TRACE] [REI] [REIClientPlugin END] Reloading Section: "start-reload/DisplayRegistryImpl/"
[17:43:58] [REI-ReloadPlugins/TRACE] [REI] [REIClientPlugin END] Reloading Section: "start-reload/DisplayRegistryImpl/" done in 59.90 μs
[17:43:58] [REI-ReloadPlugins/TRACE] [REI] [REIClientPlugin END] Reloading Section: "start-reload/ScreenRegistryImpl/"
[17:43:58] [REI-ReloadPlugins/TRACE] [REI] [REIClientPlugin END] Reloading Section: "start-reload/ScreenRegistryImpl/" done in 16.30 μs
[17:43:58] [REI-ReloadPlugins/TRACE] [REI] [REIClientPlugin END] Reloading Section: "start-reload/FavoriteEntryTypeRegistryImpl/"
[17:43:58] [REI-ReloadPlugins/TRACE] [REI] [REIClientPlugin END] Reloading Section: "start-reload/FavoriteEntryTypeRegistryImpl/" done in 11.80 μs
[17:43:58] [REI-ReloadPlugins/TRACE] [REI] [REIClientPlugin END] Reloading Section: "start-reload/SubsetsRegistryImpl/"
[17:43:58] [REI-ReloadPlugins/TRACE] [REI] [REIClientPlugin END] Reloading Section: "start-reload/SubsetsRegistryImpl/" done in 11.50 μs
[17:43:58] [REI-ReloadPlugins/TRACE] [REI] [REIClientPlugin END] Reloading Section: "start-reload/TransferHandlerRegistryImpl/"
[17:43:58] [REI-ReloadPlugins/TRACE] [REI] [REIClientPlugin END] Reloading Section: "start-reload/TransferHandlerRegistryImpl/" done in 17.30 μs
[17:43:58] [REI-ReloadPlugins/TRACE] [REI] [REIClientPlugin END] Reloading Section: "start-reload/SearchRuntime/"
[17:43:58] [REI-ReloadPlugins/DEBUG] [REI] Preparing collapsed entry groups cache with 0 entries and 1718 stacks
[17:43:58] [REI-ReloadPlugins/DEBUG] [REI] Prepared collapsed entry groups cache with 0 entries and 1718 stacks
[17:43:58] [REI-ReloadPlugins/TRACE] [REI] [REIClientPlugin END] Reloading Section: "start-reload/SearchRuntime/" done in 375.7 μs
[17:43:58] [REI-ReloadPlugins/TRACE] [REI] [REIClientPlugin END] Reloading Section: "start-reload/REIRuntimeImpl/"
[17:43:58] [REI-ReloadPlugins/TRACE] [REI] [REIClientPlugin END] Reloading Section: "start-reload/REIRuntimeImpl/" done in 20.20 μs
[17:43:58] [REI-ReloadPlugins/TRACE] [REI] [REIClientPlugin END] Reloading Section: "start-reload/ConfigAddonRegistryImpl/"
[17:43:58] [REI-ReloadPlugins/TRACE] [REI] [REIClientPlugin END] Reloading Section: "start-reload/ConfigAddonRegistryImpl/" done in 23.20 μs
[17:43:58] [REI-ReloadPlugins/TRACE] [REI] [REIClientPlugin END] Reloading Section: "start-reload/me.shedaniel.rei.plugin.client.runtime.PluginStageExecutionWatcher$1/"
[17:43:58] [REI-ReloadPlugins/TRACE] [REI] [REIClientPlugin END] Reloading Section: "start-reload/me.shedaniel.rei.plugin.client.runtime.PluginStageExecutionWatcher$1/" done in 12.60 μs
[17:43:58] [REI-ReloadPlugins/TRACE] [REI] [REIClientPlugin END] Reloading Section: "start-reload/" done in 11.20 ms
[17:43:58] [REI-ReloadPlugins/DEBUG] [REI] ========================================
[17:43:58] [REI-ReloadPlugins/DEBUG] [REI] REIClientPlugin started main-reload for END.
[17:43:58] [REI-ReloadPlugins/DEBUG] [REI] ========================================
[17:43:58] [REI-ReloadPlugins/TRACE] [REI] [REIClientPlugin END] Reloading Section: "reloadable-plugin/EntryRendererRegistryImpl/"
[17:43:58] [REI-ReloadPlugins/TRACE] [REI] [REIClientPlugin END] Reloading Section: "reloadable-plugin/EntryRendererRegistryImpl/DefaultClientPluginImpl of DefaultClientPluginImpl [roughlyenoughitems]/"
[17:43:58] [REI-ReloadPlugins/TRACE] [REI] [REIClientPlugin END] Reloading Section: "reloadable-plugin/EntryRendererRegistryImpl/DefaultClientPluginImpl of DefaultClientPluginImpl [roughlyenoughitems]/" done in 33.90 μs
[17:43:58] [REI-ReloadPlugins/TRACE] [REI] [REIClientPlugin END] Reloading Section: "reloadable-plugin/EntryRendererRegistryImpl/HideIngredientsFromTagsPlugin of HideIngredientsFromTagsPlugin [roughlyenoughitems]/"
[17:43:58] [REI-ReloadPlugins/TRACE] [REI] [REIClientPlugin END] Reloading Section: "reloadable-plugin/EntryRendererRegistryImpl/HideIngredientsFromTagsPlugin of HideIngredientsFromTagsPlugin [roughlyenoughitems]/" done in 18.20 μs
[17:43:58] [REI-ReloadPlugins/TRACE] [REI] [REIClientPlugin END] Reloading Section: "reloadable-plugin/EntryRendererRegistryImpl/DefaultClientRuntimePlugin of DefaultClientRuntimePlugin [roughlyenoughitems]/"
[17:43:58] [REI-ReloadPlugins/TRACE] [REI] [REIClientPlugin END] Reloading Section: "reloadable-plugin/EntryRendererRegistryImpl/DefaultClientRuntimePlugin of DefaultClientRuntimePlugin [roughlyenoughitems]/" done in 17.30 μs
[17:43:58] [REI-ReloadPlugins/TRACE] [REI] [REIClientPlugin END] Reloading Section: "reloadable-plugin/EntryRendererRegistryImpl/" done in 220.0 μs
[17:43:58] [REI-ReloadPlugins/TRACE] [REI] [REIClientPlugin END] Reloading Section: "reloadable-plugin/ViewsImpl/"
[17:43:58] [REI-ReloadPlugins/TRACE] [REI] [REIClientPlugin END] Reloading Section: "reloadable-plugin/ViewsImpl/DefaultClientPluginImpl of DefaultClientPluginImpl [roughlyenoughitems]/"
[17:43:58] [REI-ReloadPlugins/TRACE] [REI] [REIClientPlugin END] Reloading Section: "reloadable-plugin/ViewsImpl/DefaultClientPluginImpl of DefaultClientPluginImpl [roughlyenoughitems]/" done in 101.9 μs
[17:43:58] [REI-ReloadPlugins/TRACE] [REI] [REIClientPlugin END] Reloading Section: "reloadable-plugin/ViewsImpl/HideIngredientsFromTagsPlugin of HideIngredientsFromTagsPlugin [roughlyenoughitems]/"
[17:43:58] [REI-ReloadPlugins/TRACE] [REI] [REIClientPlugin END] Reloading Section: "reloadable-plugin/ViewsImpl/HideIngredientsFromTagsPlugin of HideIngredientsFromTagsPlugin [roughlyenoughitems]/" done in 19.90 μs
[17:43:58] [REI-ReloadPlugins/TRACE] [REI] [REIClientPlugin END] Reloading Section: "reloadable-plugin/ViewsImpl/DefaultClientRuntimePlugin of DefaultClientRuntimePlugin [roughlyenoughitems]/"
[17:43:58] [REI-ReloadPlugins/TRACE] [REI] [REIClientPlugin END] Reloading Section: "reloadable-plugin/ViewsImpl/DefaultClientRuntimePlugin of DefaultClientRuntimePlugin [roughlyenoughitems]/" done in 19.60 μs
[17:43:58] [REI-ReloadPlugins/TRACE] [REI] [REIClientPlugin END] Reloading Section: "reloadable-plugin/ViewsImpl/" done in 281.0 μs
[17:43:58] [REI-ReloadPlugins/TRACE] [REI] [REIClientPlugin END] Reloading Section: "reloadable-plugin/InputMethodRegistryImpl/"
[17:43:58] [REI-ReloadPlugins/TRACE] [REI] [REIClientPlugin END] Reloading Section: "reloadable-plugin/InputMethodRegistryImpl/DefaultClientPluginImpl of DefaultClientPluginImpl [roughlyenoughitems]/"
[17:43:58] [REI-ReloadPlugins/TRACE] [REI] [REIClientPlugin END] Reloading Section: "reloadable-plugin/InputMethodRegistryImpl/DefaultClientPluginImpl of DefaultClientPluginImpl [roughlyenoughitems]/" done in 23.50 μs
[17:43:58] [REI-ReloadPlugins/TRACE] [REI] [REIClientPlugin END] Reloading Section: "reloadable-plugin/InputMethodRegistryImpl/HideIngredientsFromTagsPlugin of HideIngredientsFromTagsPlugin [roughlyenoughitems]/"
[17:43:58] [REI-ReloadPlugins/TRACE] [REI] [REIClientPlugin END] Reloading Section: "reloadable-plugin/InputMethodRegistryImpl/HideIngredientsFromTagsPlugin of HideIngredientsFromTagsPlugin [roughlyenoughitems]/" done in 15.00 μs
[17:43:58] [REI-ReloadPlugins/TRACE] [REI] [REIClientPlugin END] Reloading Section: "reloadable-plugin/InputMethodRegistryImpl/DefaultClientRuntimePlugin of DefaultClientRuntimePlugin [roughlyenoughitems]/"
[17:43:58] [REI-ReloadPlugins/DEBUG] [REI] Added input method [rei:default]: Default
[17:43:58] [REI-ReloadPlugins/DEBUG] [REI] Added input method [rei:pinyin]: Pinyin (Mandarin)
[17:43:58] [REI-ReloadPlugins/DEBUG] [REI] Added input method [rei:jyutping]: Jyutping (Cantonese)
[17:43:58] [REI-ReloadPlugins/DEBUG] [REI] Added input method [rei:bomopofo]: Bopomofo (Mandarin)
[17:43:58] [REI-ReloadPlugins/DEBUG] [REI] Added input method [rei:double_pinyin]: Double Pinyin (Mandarin)
[17:43:58] [REI-ReloadPlugins/TRACE] [REI] [REIClientPlugin END] Reloading Section: "reloadable-plugin/InputMethodRegistryImpl/DefaultClientRuntimePlugin of DefaultClientRuntimePlugin [roughlyenoughitems]/" done in 52.20 ms
[17:43:58] [REI-ReloadPlugins/TRACE] [REI] [REIClientPlugin END] Reloading Section: "reloadable-plugin/InputMethodRegistryImpl/" done in 52.39 ms
[17:43:58] [REI-ReloadPlugins/TRACE] [REI] [REIClientPlugin END] Reloading Section: "reloadable-plugin/SearchProviderImpl/"
[17:43:58] [REI-ReloadPlugins/TRACE] [REI] [REIClientPlugin END] Reloading Section: "reloadable-plugin/SearchProviderImpl/DefaultClientPluginImpl of DefaultClientPluginImpl [roughlyenoughitems]/"
[17:43:58] [REI-ReloadPlugins/TRACE] [REI] [REIClientPlugin END] Reloading Section: "reloadable-plugin/SearchProviderImpl/DefaultClientPluginImpl of DefaultClientPluginImpl [roughlyenoughitems]/" done in 16.20 μs
[17:43:58] [REI-ReloadPlugins/TRACE] [REI] [REIClientPlugin END] Reloading Section: "reloadable-plugin/SearchProviderImpl/HideIngredientsFromTagsPlugin of HideIngredientsFromTagsPlugin [roughlyenoughitems]/"
[17:43:58] [REI-ReloadPlugins/TRACE] [REI] [REIClientPlugin END] Reloading Section: "reloadable-plugin/SearchProviderImpl/HideIngredientsFromTagsPlugin of HideIngredientsFromTagsPlugin [roughlyenoughitems]/" done in 13.60 μs
[17:43:58] [REI-ReloadPlugins/TRACE] [REI] [REIClientPlugin END] Reloading Section: "reloadable-plugin/SearchProviderImpl/DefaultClientRuntimePlugin of DefaultClientRuntimePlugin [roughlyenoughitems]/"
[17:43:58] [REI-ReloadPlugins/TRACE] [REI] [REIClientPlugin END] Reloading Section: "reloadable-plugin/SearchProviderImpl/DefaultClientRuntimePlugin of DefaultClientRuntimePlugin [roughlyenoughitems]/" done in 9.000 μs
[17:43:58] [REI-ReloadPlugins/TRACE] [REI] [REIClientPlugin END] Reloading Section: "reloadable-plugin/SearchProviderImpl/" done in 132.2 μs
[17:43:58] [REI-ReloadPlugins/TRACE] [REI] [REIClientPlugin END] Reloading Section: "reloadable-plugin/ConfigManagerImpl/"
[17:43:58] [REI-ReloadPlugins/TRACE] [REI] [REIClientPlugin END] Reloading Section: "reloadable-plugin/ConfigManagerImpl/DefaultClientPluginImpl of DefaultClientPluginImpl [roughlyenoughitems]/"
[17:43:58] [REI-ReloadPlugins/TRACE] [REI] [REIClientPlugin END] Reloading Section: "reloadable-plugin/ConfigManagerImpl/DefaultClientPluginImpl of DefaultClientPluginImpl [roughlyenoughitems]/" done in 11.10 μs
[17:43:58] [REI-ReloadPlugins/TRACE] [REI] [REIClientPlugin END] Reloading Section: "reloadable-plugin/ConfigManagerImpl/HideIngredientsFromTagsPlugin of HideIngredientsFromTagsPlugin [roughlyenoughitems]/"
[17:43:58] [REI-ReloadPlugins/TRACE] [REI] [REIClientPlugin END] Reloading Section: "reloadable-plugin/ConfigManagerImpl/HideIngredientsFromTagsPlugin of HideIngredientsFromTagsPlugin [roughlyenoughitems]/" done in 17.50 μs
[17:43:58] [REI-ReloadPlugins/TRACE] [REI] [REIClientPlugin END] Reloading Section: "reloadable-plugin/ConfigManagerImpl/DefaultClientRuntimePlugin of DefaultClientRuntimePlugin [roughlyenoughitems]/"
[17:43:58] [REI-ReloadPlugins/TRACE] [REI] [REIClientPlugin END] Reloading Section: "reloadable-plugin/ConfigManagerImpl/DefaultClientRuntimePlugin of DefaultClientRuntimePlugin [roughlyenoughitems]/" done in 13.10 μs
[17:43:58] [REI-ReloadPlugins/TRACE] [REI] [REIClientPlugin END] Reloading Section: "reloadable-plugin/ConfigManagerImpl/" done in 253.6 μs
[17:43:58] [REI-ReloadPlugins/TRACE] [REI] [REIClientPlugin END] Reloading Section: "reloadable-plugin/EntryRegistryImpl/"
[17:43:58] [REI-ReloadPlugins/TRACE] [REI] [REIClientPlugin END] Reloading Section: "reloadable-plugin/EntryRegistryImpl/DefaultClientPluginImpl of DefaultClientPluginImpl [roughlyenoughitems]/"
[17:43:58] [REI-ReloadPlugins/TRACE] [REI] [REIClientPlugin END] Reloading Section: "reloadable-plugin/EntryRegistryImpl/DefaultClientPluginImpl of DefaultClientPluginImpl [roughlyenoughitems]/" done in 13.60 μs
[17:43:58] [REI-ReloadPlugins/TRACE] [REI] [REIClientPlugin END] Reloading Section: "reloadable-plugin/EntryRegistryImpl/HideIngredientsFromTagsPlugin of HideIngredientsFromTagsPlugin [roughlyenoughitems]/"
[17:43:58] [REI-ReloadPlugins/TRACE] [REI] [REIClientPlugin END] Reloading Section: "reloadable-plugin/EntryRegistryImpl/HideIngredientsFromTagsPlugin of HideIngredientsFromTagsPlugin [roughlyenoughitems]/" done in 9.400 μs
[17:43:58] [REI-ReloadPlugins/TRACE] [REI] [REIClientPlugin END] Reloading Section: "reloadable-plugin/EntryRegistryImpl/DefaultClientRuntimePlugin of DefaultClientRuntimePlugin [roughlyenoughitems]/"
[17:43:58] [REI-ReloadPlugins/TRACE] [REI] [REIClientPlugin END] Reloading Section: "reloadable-plugin/EntryRegistryImpl/DefaultClientRuntimePlugin of DefaultClientRuntimePlugin [roughlyenoughitems]/" done in 9.400 μs
[17:43:58] [REI-ReloadPlugins/TRACE] [REI] [REIClientPlugin END] Reloading Section: "reloadable-plugin/EntryRegistryImpl/" done in 119.2 μs
[17:43:58] [REI-ReloadPlugins/TRACE] [REI] [REIClientPlugin END] Reloading Section: "reloadable-plugin/CollapsibleEntryRegistryImpl/"
[17:43:58] [REI-ReloadPlugins/TRACE] [REI] [REIClientPlugin END] Reloading Section: "reloadable-plugin/CollapsibleEntryRegistryImpl/DefaultClientPluginImpl of DefaultClientPluginImpl [roughlyenoughitems]/"
[17:43:58] [REI-ReloadPlugins/DEBUG] [REI] Added collapsible entry group [roughlyenoughitems:enchanted_book] Enchanted Book with dynamic predicate
[17:43:58] [REI-ReloadPlugins/DEBUG] [REI] Added collapsible entry group [roughlyenoughitems:potion] Potion with dynamic predicate
[17:43:58] [REI-ReloadPlugins/DEBUG] [REI] Added collapsible entry group [roughlyenoughitems:splash_potion] Splash Potion with dynamic predicate
[17:43:58] [REI-ReloadPlugins/DEBUG] [REI] Added collapsible entry group [roughlyenoughitems:lingering_potion] Lingering Potion with dynamic predicate
[17:43:58] [REI-ReloadPlugins/DEBUG] [REI] Added collapsible entry group [roughlyenoughitems:spawn_egg] Spawn Egg with dynamic predicate
[17:43:58] [REI-ReloadPlugins/DEBUG] [REI] Added collapsible entry group [roughlyenoughitems:tipped_arrow] Tipped Arrow with dynamic predicate
[17:43:58] [REI-ReloadPlugins/DEBUG] [REI] Added collapsible entry group [roughlyenoughitems:music_disc] Music Disc with dynamic predicate
[17:43:58] [REI-ReloadPlugins/TRACE] [REI] [REIClientPlugin END] Reloading Section: "reloadable-plugin/CollapsibleEntryRegistryImpl/DefaultClientPluginImpl of DefaultClientPluginImpl [roughlyenoughitems]/" done in 7.468 ms
[17:43:58] [REI-ReloadPlugins/TRACE] [REI] [REIClientPlugin END] Reloading Section: "reloadable-plugin/CollapsibleEntryRegistryImpl/HideIngredientsFromTagsPlugin of HideIngredientsFromTagsPlugin [roughlyenoughitems]/"
[17:43:58] [REI-ReloadPlugins/TRACE] [REI] [REIClientPlugin END] Reloading Section: "reloadable-plugin/CollapsibleEntryRegistryImpl/HideIngredientsFromTagsPlugin of HideIngredientsFromTagsPlugin [roughlyenoughitems]/" done in 24.90 μs
[17:43:58] [REI-ReloadPlugins/TRACE] [REI] [REIClientPlugin END] Reloading Section: "reloadable-plugin/CollapsibleEntryRegistryImpl/DefaultClientRuntimePlugin of DefaultClientRuntimePlugin [roughlyenoughitems]/"
[17:43:58] [REI-ReloadPlugins/TRACE] [REI] [REIClientPlugin END] Reloading Section: "reloadable-plugin/CollapsibleEntryRegistryImpl/DefaultClientRuntimePlugin of DefaultClientRuntimePlugin [roughlyenoughitems]/" done in 10.40 μs
[17:43:58] [REI-ReloadPlugins/TRACE] [REI] [REIClientPlugin END] Reloading Section: "reloadable-plugin/CollapsibleEntryRegistryImpl/" done in 7.709 ms
[17:43:58] [REI-ReloadPlugins/TRACE] [REI] [REIClientPlugin END] Reloading Section: "reloadable-plugin/BasicFilteringRuleImpl/"
[17:43:58] [REI-ReloadPlugins/TRACE] [REI] [REIClientPlugin END] Reloading Section: "reloadable-plugin/BasicFilteringRuleImpl/DefaultClientPluginImpl of DefaultClientPluginImpl [roughlyenoughitems]/"
[17:43:58] [REI-ReloadPlugins/TRACE] [REI] [REIClientPlugin END] Reloading Section: "reloadable-plugin/BasicFilteringRuleImpl/DefaultClientPluginImpl of DefaultClientPluginImpl [roughlyenoughitems]/" done in 9.400 μs
[17:43:58] [REI-ReloadPlugins/TRACE] [REI] [REIClientPlugin END] Reloading Section: "reloadable-plugin/BasicFilteringRuleImpl/HideIngredientsFromTagsPlugin of HideIngredientsFromTagsPlugin [roughlyenoughitems]/"
[17:43:58] [REI-ReloadPlugins/TRACE] [REI] [REIClientPlugin END] Reloading Section: "reloadable-plugin/BasicFilteringRuleImpl/HideIngredientsFromTagsPlugin of HideIngredientsFromTagsPlugin [roughlyenoughitems]/" done in 11.70 μs
[17:43:58] [REI-ReloadPlugins/TRACE] [REI] [REIClientPlugin END] Reloading Section: "reloadable-plugin/BasicFilteringRuleImpl/DefaultClientRuntimePlugin of DefaultClientRuntimePlugin [roughlyenoughitems]/"
[17:43:58] [REI-ReloadPlugins/TRACE] [REI] [REIClientPlugin END] Reloading Section: "reloadable-plugin/BasicFilteringRuleImpl/DefaultClientRuntimePlugin of DefaultClientRuntimePlugin [roughlyenoughitems]/" done in 8.700 μs
[17:43:58] [REI-ReloadPlugins/TRACE] [REI] [REIClientPlugin END] Reloading Section: "reloadable-plugin/BasicFilteringRuleImpl/" done in 98.80 μs
[17:43:58] [REI-ReloadPlugins/TRACE] [REI] [REIClientPlugin END] Reloading Section: "reloadable-plugin/CategoryRegistryImpl/"
[17:43:58] [REI-ReloadPlugins/TRACE] [REI] [REIClientPlugin END] Reloading Section: "reloadable-plugin/CategoryRegistryImpl/DefaultClientPluginImpl of DefaultClientPluginImpl [roughlyenoughitems]/"
[17:43:58] [REI-ReloadPlugins/DEBUG] [REI] Added category [minecraft:plugins/crafting]: Crafting
[17:43:58] [REI-ReloadPlugins/DEBUG] [REI] Added category [minecraft:plugins/smelting]: Smelting
[17:43:58] [REI-ReloadPlugins/DEBUG] [REI] Added category [minecraft:plugins/smoking]: Smoking
[17:43:58] [REI-ReloadPlugins/DEBUG] [REI] Added category [minecraft:plugins/blasting]: Blasting
[17:43:58] [REI-ReloadPlugins/DEBUG] [REI] Added category [minecraft:plugins/campfire]: Campfire
[17:43:58] [REI-ReloadPlugins/DEBUG] [REI] Added category [minecraft:plugins/stone_cutting]: Stone Cutting
[17:43:58] [REI-ReloadPlugins/DEBUG] [REI] Added category [minecraft:plugins/fuel]: Fuel
[17:43:58] [REI-ReloadPlugins/DEBUG] [REI] Added category [minecraft:plugins/brewing]: Brewing
[17:43:58] [REI-ReloadPlugins/DEBUG] [REI] Added category [minecraft:plugins/composting]: Composting
[17:43:58] [REI-ReloadPlugins/DEBUG] [REI] Added category [minecraft:plugins/stripping]: Stripping
[17:43:58] [REI-ReloadPlugins/DEBUG] [REI] Added category [minecraft:plugins/smithing]: Smithing
[17:43:58] [REI-ReloadPlugins/DEBUG] [REI] Added category [minecraft:plugins/anvil]: Anvil
[17:43:58] [REI-ReloadPlugins/DEBUG] [REI] Added category [minecraft:plugins/beacon_base]: Beacon Base
[17:43:58] [REI-ReloadPlugins/DEBUG] [REI] Added category [minecraft:plugins/beacon_payment]: Beacon Payment
[17:43:58] [REI-ReloadPlugins/DEBUG] [REI] Added category [minecraft:plugins/tilling]: Tilling
[17:43:58] [REI-ReloadPlugins/DEBUG] [REI] Added category [minecraft:plugins/pathing]: Pathing
[17:43:58] [REI-ReloadPlugins/DEBUG] [REI] Added category [minecraft:plugins/waxing]: Waxing
[17:43:58] [REI-ReloadPlugins/DEBUG] [REI] Added category [minecraft:plugins/wax_scraping]: Wax Scraping
[17:43:58] [REI-ReloadPlugins/DEBUG] [REI] Added category [minecraft:plugins/oxidizing]: Oxidizing
[17:43:58] [REI-ReloadPlugins/DEBUG] [REI] Added category [minecraft:plugins/oxidation_scraping]: Oxidation Scraping
[17:43:58] [REI-ReloadPlugins/DEBUG] [REI] Added category visibility predicate: me.shedaniel.rei.plugin.client.DefaultClientPlugin$$Lambda/0x0000021d9d83ea70@53eda7d8 [0,00 priority]
[17:43:58] [REI-ReloadPlugins/TRACE] [REI] [REIClientPlugin END] Reloading Section: "reloadable-plugin/CategoryRegistryImpl/DefaultClientPluginImpl of DefaultClientPluginImpl [roughlyenoughitems]/" done in 42.31 ms
[17:43:58] [REI-ReloadPlugins/TRACE] [REI] [REIClientPlugin END] Reloading Section: "reloadable-plugin/CategoryRegistryImpl/HideIngredientsFromTagsPlugin of HideIngredientsFromTagsPlugin [roughlyenoughitems]/"
[17:43:58] [REI-ReloadPlugins/TRACE] [REI] [REIClientPlugin END] Reloading Section: "reloadable-plugin/CategoryRegistryImpl/HideIngredientsFromTagsPlugin of HideIngredientsFromTagsPlugin [roughlyenoughitems]/" done in 24.00 μs
[17:43:58] [REI-ReloadPlugins/TRACE] [REI] [REIClientPlugin END] Reloading Section: "reloadable-plugin/CategoryRegistryImpl/DefaultClientRuntimePlugin of DefaultClientRuntimePlugin [roughlyenoughitems]/"
[17:43:58] [REI-ReloadPlugins/TRACE] [REI] [REIClientPlugin END] Reloading Section: "reloadable-plugin/CategoryRegistryImpl/DefaultClientRuntimePlugin of DefaultClientRuntimePlugin [roughlyenoughitems]/" done in 9.200 μs
[17:43:58] [REI-ReloadPlugins/TRACE] [REI] [REIClientPlugin END] Reloading Section: "reloadable-plugin/CategoryRegistryImpl/" done in 42.58 ms
[17:43:58] [REI-ReloadPlugins/TRACE] [REI] [REIClientPlugin END] Reloading Section: "reloadable-plugin/DisplayRegistryImpl/"
[17:43:58] [REI-ReloadPlugins/TRACE] [REI] [REIClientPlugin END] Reloading Section: "reloadable-plugin/DisplayRegistryImpl/DefaultClientPluginImpl of DefaultClientPluginImpl [roughlyenoughitems]/"
[17:43:58] [REI-ReloadPlugins/DEBUG] [REI] Added category [roughlyenoughitems:plugins/information]: Information
[17:43:58] [REI-ReloadPlugins/DEBUG] [REI] Added category [minecraft:plugins/tag]: Tag
[17:43:58] [REI-ReloadPlugins/DEBUG] [REI] Added display filter: me.shedaniel.rei.api.common.registry.display.DisplayConsumer$RecipeDisplayConsumer$RecipeFillerBuilder$$Lambda/0x0000021d9d841628@5aeaa1b9
[17:43:58] [REI-ReloadPlugins/DEBUG] [REI] Added display filter: me.shedaniel.rei.api.common.registry.display.DisplayConsumer$RecipeDisplayConsumer$RecipeFillerBuilder$$Lambda/0x0000021d9d841628@6cf06c7d
[17:43:58] [REI-ReloadPlugins/DEBUG] [REI] Added display filter: me.shedaniel.rei.api.common.registry.display.DisplayConsumer$RecipeDisplayConsumer$RecipeFillerBuilder$$Lambda/0x0000021d9d841628@1bd9ca3d
[17:43:58] [REI-ReloadPlugins/DEBUG] [REI] Added display filter: me.shedaniel.rei.api.common.registry.display.DisplayConsumer$RecipeDisplayConsumer$RecipeFillerBuilder$$Lambda/0x0000021d9d841628@425a6d45
[17:43:58] [REI-ReloadPlugins/DEBUG] [REI] Added display filter: me.shedaniel.rei.api.common.registry.display.DisplayConsumer$RecipeDisplayConsumer$RecipeFillerBuilder$$Lambda/0x0000021d9d841628@783067b9
[17:43:58] [REI-ReloadPlugins/DEBUG] [REI] Added display filter: me.shedaniel.rei.api.common.registry.display.DisplayConsumer$FillerBuilder$$Lambda/0x0000021d9d843860@523a253d
[17:43:58] [REI-ReloadPlugins/DEBUG] [REI] Added display filter: me.shedaniel.rei.api.common.registry.display.DisplayConsumer$FillerBuilder$$Lambda/0x0000021d9d843860@64e5c36c
[17:43:58] [REI-ReloadPlugins/DEBUG] [REI] Added display filter: me.shedaniel.rei.api.common.registry.display.DisplayConsumer$FillerBuilder$$Lambda/0x0000021d9d843860@4c20029d
[17:43:58] [REI-ReloadPlugins/TRACE] [REI] [REIClientPlugin END] Reloading Section: "reloadable-plugin/DisplayRegistryImpl/DefaultClientPluginImpl of DefaultClientPluginImpl [roughlyenoughitems]/" done in 240.8 ms
[17:43:58] [REI-ReloadPlugins/TRACE] [REI] [REIClientPlugin END] Reloading Section: "reloadable-plugin/DisplayRegistryImpl/HideIngredientsFromTagsPlugin of HideIngredientsFromTagsPlugin [roughlyenoughitems]/"
[17:43:58] [REI-ReloadPlugins/TRACE] [REI] [REIClientPlugin END] Reloading Section: "reloadable-plugin/DisplayRegistryImpl/HideIngredientsFromTagsPlugin of HideIngredientsFromTagsPlugin [roughlyenoughitems]/" done in 23.40 μs
[17:43:58] [REI-ReloadPlugins/TRACE] [REI] [REIClientPlugin END] Reloading Section: "reloadable-plugin/DisplayRegistryImpl/DefaultClientRuntimePlugin of DefaultClientRuntimePlugin [roughlyenoughitems]/"
[17:43:59] [REI-ReloadPlugins/DEBUG] [REI] Computed existing filtered displays with 3 rules in 156.3 ms
[17:43:59] [REI-ReloadPlugins/DEBUG] [REI] Added display visibility predicate: me.shedaniel.rei.plugin.client.runtime.FilteredStacksVisibilityHandler@3f8dedbf [0,00 priority]
[17:43:59] [REI-ReloadPlugins/TRACE] [REI] [REIClientPlugin END] Reloading Section: "reloadable-plugin/DisplayRegistryImpl/DefaultClientRuntimePlugin of DefaultClientRuntimePlugin [roughlyenoughitems]/" done in 157.1 ms
[17:43:59] [REI-ReloadPlugins/TRACE] [REI] [REIClientPlugin END] Reloading Section: "reloadable-plugin/DisplayRegistryImpl/" done in 398.2 ms
[17:43:59] [REI-ReloadPlugins/TRACE] [REI] [REIClientPlugin END] Reloading Section: "reloadable-plugin/ScreenRegistryImpl/"
[17:43:59] [REI-ReloadPlugins/TRACE] [REI] [REIClientPlugin END] Reloading Section: "reloadable-plugin/ScreenRegistryImpl/DefaultClientPluginImpl of DefaultClientPluginImpl [roughlyenoughitems]/"
[17:43:59] [REI-ReloadPlugins/TRACE] [REI] [REIClientPlugin END] Reloading Section: "reloadable-plugin/ScreenRegistryImpl/DefaultClientPluginImpl of DefaultClientPluginImpl [roughlyenoughitems]/" done in 26.80 μs
[17:43:59] [REI-ReloadPlugins/TRACE] [REI] [REIClientPlugin END] Reloading Section: "reloadable-plugin/ScreenRegistryImpl/HideIngredientsFromTagsPlugin of HideIngredientsFromTagsPlugin [roughlyenoughitems]/"
[17:43:59] [REI-ReloadPlugins/TRACE] [REI] [REIClientPlugin END] Reloading Section: "reloadable-plugin/ScreenRegistryImpl/HideIngredientsFromTagsPlugin of HideIngredientsFromTagsPlugin [roughlyenoughitems]/" done in 31.30 μs
[17:43:59] [REI-ReloadPlugins/TRACE] [REI] [REIClientPlugin END] Reloading Section: "reloadable-plugin/ScreenRegistryImpl/DefaultClientRuntimePlugin of DefaultClientRuntimePlugin [roughlyenoughitems]/"
[17:43:59] [REI-ReloadPlugins/TRACE] [REI] [REIClientPlugin END] Reloading Section: "reloadable-plugin/ScreenRegistryImpl/DefaultClientRuntimePlugin of DefaultClientRuntimePlugin [roughlyenoughitems]/" done in 14.20 μs
[17:43:59] [REI-ReloadPlugins/TRACE] [REI] [REIClientPlugin END] Reloading Section: "reloadable-plugin/ScreenRegistryImpl/" done in 210.3 μs
[17:43:59] [REI-ReloadPlugins/TRACE] [REI] [REIClientPlugin END] Reloading Section: "reloadable-plugin/FavoriteEntryTypeRegistryImpl/"
[17:43:59] [REI-ReloadPlugins/TRACE] [REI] [REIClientPlugin END] Reloading Section: "reloadable-plugin/FavoriteEntryTypeRegistryImpl/DefaultClientPluginImpl of DefaultClientPluginImpl [roughlyenoughitems]/"
[17:43:59] [REI-ReloadPlugins/TRACE] [REI] [REIClientPlugin END] Reloading Section: "reloadable-plugin/FavoriteEntryTypeRegistryImpl/DefaultClientPluginImpl of DefaultClientPluginImpl [roughlyenoughitems]/" done in 15.90 μs
[17:43:59] [REI-ReloadPlugins/TRACE] [REI] [REIClientPlugin END] Reloading Section: "reloadable-plugin/FavoriteEntryTypeRegistryImpl/HideIngredientsFromTagsPlugin of HideIngredientsFromTagsPlugin [roughlyenoughitems]/"
[17:43:59] [REI-ReloadPlugins/TRACE] [REI] [REIClientPlugin END] Reloading Section: "reloadable-plugin/FavoriteEntryTypeRegistryImpl/HideIngredientsFromTagsPlugin of HideIngredientsFromTagsPlugin [roughlyenoughitems]/" done in 24.60 μs
[17:43:59] [REI-ReloadPlugins/TRACE] [REI] [REIClientPlugin END] Reloading Section: "reloadable-plugin/FavoriteEntryTypeRegistryImpl/DefaultClientRuntimePlugin of DefaultClientRuntimePlugin [roughlyenoughitems]/"
[17:43:59] [REI-ReloadPlugins/TRACE] [REI] [REIClientPlugin END] Reloading Section: "reloadable-plugin/FavoriteEntryTypeRegistryImpl/DefaultClientRuntimePlugin of DefaultClientRuntimePlugin [roughlyenoughitems]/" done in 14.80 μs
[17:43:59] [REI-ReloadPlugins/TRACE] [REI] [REIClientPlugin END] Reloading Section: "reloadable-plugin/FavoriteEntryTypeRegistryImpl/" done in 224.1 μs
[17:43:59] [REI-ReloadPlugins/TRACE] [REI] [REIClientPlugin END] Reloading Section: "reloadable-plugin/SubsetsRegistryImpl/"
[17:43:59] [REI-ReloadPlugins/TRACE] [REI] [REIClientPlugin END] Reloading Section: "reloadable-plugin/SubsetsRegistryImpl/DefaultClientPluginImpl of DefaultClientPluginImpl [roughlyenoughitems]/"
[17:43:59] [REI-ReloadPlugins/TRACE] [REI] [REIClientPlugin END] Reloading Section: "reloadable-plugin/SubsetsRegistryImpl/DefaultClientPluginImpl of DefaultClientPluginImpl [roughlyenoughitems]/" done in 14.80 μs
[17:43:59] [REI-ReloadPlugins/TRACE] [REI] [REIClientPlugin END] Reloading Section: "reloadable-plugin/SubsetsRegistryImpl/HideIngredientsFromTagsPlugin of HideIngredientsFromTagsPlugin [roughlyenoughitems]/"
[17:43:59] [REI-ReloadPlugins/TRACE] [REI] [REIClientPlugin END] Reloading Section: "reloadable-plugin/SubsetsRegistryImpl/HideIngredientsFromTagsPlugin of HideIngredientsFromTagsPlugin [roughlyenoughitems]/" done in 25.90 μs
[17:43:59] [REI-ReloadPlugins/TRACE] [REI] [REIClientPlugin END] Reloading Section: "reloadable-plugin/SubsetsRegistryImpl/DefaultClientRuntimePlugin of DefaultClientRuntimePlugin [roughlyenoughitems]/"
[17:43:59] [REI-ReloadPlugins/TRACE] [REI] [REIClientPlugin END] Reloading Section: "reloadable-plugin/SubsetsRegistryImpl/DefaultClientRuntimePlugin of DefaultClientRuntimePlugin [roughlyenoughitems]/" done in 14.30 μs
[17:43:59] [REI-ReloadPlugins/TRACE] [REI] [REIClientPlugin END] Reloading Section: "reloadable-plugin/SubsetsRegistryImpl/" done in 154.9 μs
[17:43:59] [REI-ReloadPlugins/TRACE] [REI] [REIClientPlugin END] Reloading Section: "reloadable-plugin/TransferHandlerRegistryImpl/"
[17:43:59] [REI-ReloadPlugins/TRACE] [REI] [REIClientPlugin END] Reloading Section: "reloadable-plugin/TransferHandlerRegistryImpl/DefaultClientPluginImpl of DefaultClientPluginImpl [roughlyenoughitems]/"
[17:43:59] [REI-ReloadPlugins/DEBUG] [REI] Added transfer handler: me.shedaniel.rei.api.client.registry.transfer.simple.SimpleTransferHandler$1@99d045a [0,00 priority]
[17:43:59] [REI-ReloadPlugins/DEBUG] [REI] Added transfer handler: me.shedaniel.rei.plugin.autocrafting.InventoryCraftingTransferHandler@19f00ca1 [0,00 priority]
[17:43:59] [REI-ReloadPlugins/DEBUG] [REI] Added transfer handler: me.shedaniel.rei.api.client.registry.transfer.simple.SimpleTransferHandler$1@8e5f446 [0,00 priority]
[17:43:59] [REI-ReloadPlugins/DEBUG] [REI] Added transfer handler: me.shedaniel.rei.api.client.registry.transfer.simple.SimpleTransferHandler$1@8075096 [0,00 priority]
[17:43:59] [REI-ReloadPlugins/DEBUG] [REI] Added transfer handler: me.shedaniel.rei.api.client.registry.transfer.simple.SimpleTransferHandler$1@3e38604 [0,00 priority]
[17:43:59] [REI-ReloadPlugins/DEBUG] [REI] Added transfer handler: me.shedaniel.rei.plugin.autocrafting.recipebook.DefaultRecipeBookHandler@10728790 [-20,00 priority]
[17:43:59] [REI-ReloadPlugins/TRACE] [REI] [REIClientPlugin END] Reloading Section: "reloadable-plugin/TransferHandlerRegistryImpl/DefaultClientPluginImpl of DefaultClientPluginImpl [roughlyenoughitems]/" done in 9.602 ms
[17:43:59] [REI-ReloadPlugins/TRACE] [REI] [REIClientPlugin END] Reloading Section: "reloadable-plugin/TransferHandlerRegistryImpl/HideIngredientsFromTagsPlugin of HideIngredientsFromTagsPlugin [roughlyenoughitems]/"
[17:43:59] [REI-ReloadPlugins/TRACE] [REI] [REIClientPlugin END] Reloading Section: "reloadable-plugin/TransferHandlerRegistryImpl/HideIngredientsFromTagsPlugin of HideIngredientsFromTagsPlugin [roughlyenoughitems]/" done in 152.0 μs
[17:43:59] [REI-ReloadPlugins/TRACE] [REI] [REIClientPlugin END] Reloading Section: "reloadable-plugin/TransferHandlerRegistryImpl/DefaultClientRuntimePlugin of DefaultClientRuntimePlugin [roughlyenoughitems]/"
[17:43:59] [REI-ReloadPlugins/TRACE] [REI] [REIClientPlugin END] Reloading Section: "reloadable-plugin/TransferHandlerRegistryImpl/DefaultClientRuntimePlugin of DefaultClientRuntimePlugin [roughlyenoughitems]/" done in 87.30 μs
[17:43:59] [REI-ReloadPlugins/TRACE] [REI] [REIClientPlugin END] Reloading Section: "reloadable-plugin/TransferHandlerRegistryImpl/" done in 10.13 ms
[17:43:59] [REI-ReloadPlugins/TRACE] [REI] [REIClientPlugin END] Reloading Section: "reloadable-plugin/SearchRuntime/"
[17:43:59] [REI-ReloadPlugins/TRACE] [REI] [REIClientPlugin END] Reloading Section: "reloadable-plugin/SearchRuntime/DefaultClientPluginImpl of DefaultClientPluginImpl [roughlyenoughitems]/"
[17:43:59] [REI-ReloadPlugins/TRACE] [REI] [REIClientPlugin END] Reloading Section: "reloadable-plugin/SearchRuntime/DefaultClientPluginImpl of DefaultClientPluginImpl [roughlyenoughitems]/" done in 26.30 μs
[17:43:59] [REI-ReloadPlugins/TRACE] [REI] [REIClientPlugin END] Reloading Section: "reloadable-plugin/SearchRuntime/HideIngredientsFromTagsPlugin of HideIngredientsFromTagsPlugin [roughlyenoughitems]/"
[17:43:59] [REI-ReloadPlugins/TRACE] [REI] [REIClientPlugin END] Reloading Section: "reloadable-plugin/SearchRuntime/HideIngredientsFromTagsPlugin of HideIngredientsFromTagsPlugin [roughlyenoughitems]/" done in 139.5 μs
[17:43:59] [REI-ReloadPlugins/TRACE] [REI] [REIClientPlugin END] Reloading Section: "reloadable-plugin/SearchRuntime/DefaultClientRuntimePlugin of DefaultClientRuntimePlugin [roughlyenoughitems]/"
[17:43:59] [REI-ReloadPlugins/TRACE] [REI] [REIClientPlugin END] Reloading Section: "reloadable-plugin/SearchRuntime/DefaultClientRuntimePlugin of DefaultClientRuntimePlugin [roughlyenoughitems]/" done in 20.00 μs
[17:43:59] [REI-ReloadPlugins/TRACE] [REI] [REIClientPlugin END] Reloading Section: "reloadable-plugin/SearchRuntime/" done in 362.1 μs
[17:43:59] [REI-ReloadPlugins/TRACE] [REI] [REIClientPlugin END] Reloading Section: "reloadable-plugin/REIRuntimeImpl/"
[17:43:59] [REI-ReloadPlugins/TRACE] [REI] [REIClientPlugin END] Reloading Section: "reloadable-plugin/REIRuntimeImpl/DefaultClientPluginImpl of DefaultClientPluginImpl [roughlyenoughitems]/"
[17:43:59] [REI-ReloadPlugins/TRACE] [REI] [REIClientPlugin END] Reloading Section: "reloadable-plugin/REIRuntimeImpl/DefaultClientPluginImpl of DefaultClientPluginImpl [roughlyenoughitems]/" done in 12.40 μs
[17:43:59] [REI-ReloadPlugins/TRACE] [REI] [REIClientPlugin END] Reloading Section: "reloadable-plugin/REIRuntimeImpl/HideIngredientsFromTagsPlugin of HideIngredientsFromTagsPlugin [roughlyenoughitems]/"
[17:43:59] [REI-ReloadPlugins/TRACE] [REI] [REIClientPlugin END] Reloading Section: "reloadable-plugin/REIRuntimeImpl/HideIngredientsFromTagsPlugin of HideIngredientsFromTagsPlugin [roughlyenoughitems]/" done in 10.80 μs
[17:43:59] [REI-ReloadPlugins/TRACE] [REI] [REIClientPlugin END] Reloading Section: "reloadable-plugin/REIRuntimeImpl/DefaultClientRuntimePlugin of DefaultClientRuntimePlugin [roughlyenoughitems]/"
[17:43:59] [REI-ReloadPlugins/TRACE] [REI] [REIClientPlugin END] Reloading Section: "reloadable-plugin/REIRuntimeImpl/DefaultClientRuntimePlugin of DefaultClientRuntimePlugin [roughlyenoughitems]/" done in 11.00 μs
[17:43:59] [REI-ReloadPlugins/TRACE] [REI] [REIClientPlugin END] Reloading Section: "reloadable-plugin/REIRuntimeImpl/" done in 121.0 μs
[17:43:59] [REI-ReloadPlugins/TRACE] [REI] [REIClientPlugin END] Reloading Section: "reloadable-plugin/ConfigAddonRegistryImpl/"
[17:43:59] [REI-ReloadPlugins/TRACE] [REI] [REIClientPlugin END] Reloading Section: "reloadable-plugin/ConfigAddonRegistryImpl/DefaultClientPluginImpl of DefaultClientPluginImpl [roughlyenoughitems]/"
[17:43:59] [REI-ReloadPlugins/TRACE] [REI] [REIClientPlugin END] Reloading Section: "reloadable-plugin/ConfigAddonRegistryImpl/DefaultClientPluginImpl of DefaultClientPluginImpl [roughlyenoughitems]/" done in 21.40 μs
[17:43:59] [REI-ReloadPlugins/TRACE] [REI] [REIClientPlugin END] Reloading Section: "reloadable-plugin/ConfigAddonRegistryImpl/HideIngredientsFromTagsPlugin of HideIngredientsFromTagsPlugin [roughlyenoughitems]/"
[17:43:59] [REI-ReloadPlugins/TRACE] [REI] [REIClientPlugin END] Reloading Section: "reloadable-plugin/ConfigAddonRegistryImpl/HideIngredientsFromTagsPlugin of HideIngredientsFromTagsPlugin [roughlyenoughitems]/" done in 10.90 μs
[17:43:59] [REI-ReloadPlugins/TRACE] [REI] [REIClientPlugin END] Reloading Section: "reloadable-plugin/ConfigAddonRegistryImpl/DefaultClientRuntimePlugin of DefaultClientRuntimePlugin [roughlyenoughitems]/"
[17:43:59] [REI-ReloadPlugins/TRACE] [REI] [REIClientPlugin END] Reloading Section: "reloadable-plugin/ConfigAddonRegistryImpl/DefaultClientRuntimePlugin of DefaultClientRuntimePlugin [roughlyenoughitems]/" done in 11.00 μs
[17:43:59] [REI-ReloadPlugins/TRACE] [REI] [REIClientPlugin END] Reloading Section: "reloadable-plugin/ConfigAddonRegistryImpl/" done in 112.5 μs
[17:43:59] [REI-ReloadPlugins/TRACE] [REI] [REIClientPlugin END] Reloading Section: "reloadable-plugin/me.shedaniel.rei.plugin.client.runtime.PluginStageExecutionWatcher$1/"
[17:43:59] [REI-ReloadPlugins/TRACE] [REI] [REIClientPlugin END] Reloading Section: "reloadable-plugin/me.shedaniel.rei.plugin.client.runtime.PluginStageExecutionWatcher$1/DefaultClientPluginImpl of DefaultClientPluginImpl [roughlyenoughitems]/"
[17:43:59] [REI-ReloadPlugins/TRACE] [REI] [REIClientPlugin END] Reloading Section: "reloadable-plugin/me.shedaniel.rei.plugin.client.runtime.PluginStageExecutionWatcher$1/DefaultClientPluginImpl of DefaultClientPluginImpl [roughlyenoughitems]/" done in 11.50 μs
[17:43:59] [REI-ReloadPlugins/TRACE] [REI] [REIClientPlugin END] Reloading Section: "reloadable-plugin/me.shedaniel.rei.plugin.client.runtime.PluginStageExecutionWatcher$1/HideIngredientsFromTagsPlugin of HideIngredientsFromTagsPlugin [roughlyenoughitems]/"
[17:43:59] [REI-ReloadPlugins/TRACE] [REI] [REIClientPlugin END] Reloading Section: "reloadable-plugin/me.shedaniel.rei.plugin.client.runtime.PluginStageExecutionWatcher$1/HideIngredientsFromTagsPlugin of HideIngredientsFromTagsPlugin [roughlyenoughitems]/" done in 26.90 μs
[17:43:59] [REI-ReloadPlugins/TRACE] [REI] [REIClientPlugin END] Reloading Section: "reloadable-plugin/me.shedaniel.rei.plugin.client.runtime.PluginStageExecutionWatcher$1/DefaultClientRuntimePlugin of DefaultClientRuntimePlugin [roughlyenoughitems]/"
[17:43:59] [REI-ReloadPlugins/TRACE] [REI] [REIClientPlugin END] Reloading Section: "reloadable-plugin/me.shedaniel.rei.plugin.client.runtime.PluginStageExecutionWatcher$1/DefaultClientRuntimePlugin of DefaultClientRuntimePlugin [roughlyenoughitems]/" done in 11.60 μs
[17:43:59] [REI-ReloadPlugins/TRACE] [REI] [REIClientPlugin END] Reloading Section: "reloadable-plugin/me.shedaniel.rei.plugin.client.runtime.PluginStageExecutionWatcher$1/" done in 122.4 μs
[17:43:59] [REI-ReloadPlugins/DEBUG] [REI] ========================================
[17:43:59] [REI-ReloadPlugins/DEBUG] [REI] REIClientPlugin ending main-reload for END.
[17:43:59] [REI-ReloadPlugins/DEBUG] [REI] ========================================
[17:43:59] [REI-ReloadPlugins/TRACE] [REI] [REIClientPlugin END] Reloading Section: "end-reload/"
[17:43:59] [REI-ReloadPlugins/TRACE] [REI] [REIClientPlugin END] Reloading Section: "end-reload/EntryRendererRegistryImpl/"
[17:43:59] [REI-ReloadPlugins/TRACE] [REI] [REIClientPlugin END] Reloading Section: "end-reload/EntryRendererRegistryImpl/" done in 13.90 μs
[17:43:59] [REI-ReloadPlugins/TRACE] [REI] [REIClientPlugin END] Reloading Section: "end-reload/ViewsImpl/"
[17:43:59] [REI-ReloadPlugins/TRACE] [REI] [REIClientPlugin END] Reloading Section: "end-reload/ViewsImpl/" done in 9.400 μs
[17:43:59] [REI-ReloadPlugins/TRACE] [REI] [REIClientPlugin END] Reloading Section: "end-reload/InputMethodRegistryImpl/"
[17:43:59] [REI-ReloadPlugins/DEBUG] [REI] Registered 5 input methods: Default, Jyutping (Cantonese), Pinyin (Mandarin), Bopomofo (Mandarin), Double Pinyin (Mandarin)
[17:43:59] [REI-ReloadPlugins/TRACE] [REI] [REIClientPlugin END] Reloading Section: "end-reload/InputMethodRegistryImpl/" done in 5.796 ms
[17:43:59] [REI-ReloadPlugins/TRACE] [REI] [REIClientPlugin END] Reloading Section: "end-reload/SearchProviderImpl/"
[17:43:59] [REI-ReloadPlugins/TRACE] [REI] [REIClientPlugin END] Reloading Section: "end-reload/SearchProviderImpl/" done in 31.30 μs
[17:43:59] [REI-ReloadPlugins/TRACE] [REI] [REIClientPlugin END] Reloading Section: "end-reload/ConfigManagerImpl/"
[17:43:59] [REI-ReloadPlugins/TRACE] [REI] [REIClientPlugin END] Reloading Section: "end-reload/ConfigManagerImpl/" done in 39.50 μs
[17:43:59] [REI-ReloadPlugins/TRACE] [REI] [REIClientPlugin END] Reloading Section: "end-reload/EntryRegistryImpl/"
[17:43:59] [REI-ReloadPlugins/TRACE] [REI] [REIClientPlugin END] Reloading Section: "end-reload/EntryRegistryImpl/" done in 10.00 μs
[17:43:59] [REI-ReloadPlugins/TRACE] [REI] [REIClientPlugin END] Reloading Section: "end-reload/CollapsibleEntryRegistryImpl/"
[17:43:59] [REI-ReloadPlugins/DEBUG] [REI] Recollecting custom collapsible entry groups
[17:43:59] [REI-ReloadPlugins/DEBUG] [REI] Registered 0 custom collapsible entry groups: 
[17:43:59] [REI-ReloadPlugins/DEBUG] [REI] Registered 7 collapsible entry groups: Enchanted Book, Potion, Splash Potion, Lingering Potion, Spawn Egg, Tipped Arrow, Music Disc
[17:43:59] [REI-ReloadPlugins/TRACE] [REI] [REIClientPlugin END] Reloading Section: "end-reload/CollapsibleEntryRegistryImpl/" done in 2.361 ms
[17:43:59] [REI-ReloadPlugins/TRACE] [REI] [REIClientPlugin END] Reloading Section: "end-reload/BasicFilteringRuleImpl/"
[17:43:59] [REI-ReloadPlugins/TRACE] [REI] [REIClientPlugin END] Reloading Section: "end-reload/BasicFilteringRuleImpl/" done in 17.90 μs
[17:43:59] [REI-ReloadPlugins/TRACE] [REI] [REIClientPlugin END] Reloading Section: "end-reload/CategoryRegistryImpl/"
[17:43:59] [REI-ReloadPlugins/DEBUG] [REI] Registered 22 categories: Crafting, Smelting, Smoking, Blasting, Campfire, Stone Cutting, Fuel, Brewing, Composting, Stripping, Smithing, Anvil, Beacon Base, Beacon Payment, Tilling, Pathing, Waxing, Wax Scraping, Oxidizing, Oxidation Scraping, Information, Tag
[17:43:59] [REI-ReloadPlugins/TRACE] [REI] [REIClientPlugin END] Reloading Section: "end-reload/CategoryRegistryImpl/" done in 786.5 μs
[17:43:59] [REI-ReloadPlugins/TRACE] [REI] [REIClientPlugin END] Reloading Section: "end-reload/DisplayRegistryImpl/"
[17:43:59] [REI-ReloadPlugins/DEBUG] [REI] Found 3058 displays
[17:43:59] [REI-ReloadPlugins/DEBUG] [REI] Removing 0 failed displays
[17:43:59] [REI-ReloadPlugins/DEBUG] [REI] 3058 displays registration have completed
[17:43:59] [REI-ReloadPlugins/TRACE] [REI] [REIClientPlugin END] Reloading Section: "end-reload/DisplayRegistryImpl/" done in 4.722 ms
[17:43:59] [REI-ReloadPlugins/TRACE] [REI] [REIClientPlugin END] Reloading Section: "end-reload/ScreenRegistryImpl/"
[17:43:59] [REI-ReloadPlugins/TRACE] [REI] [REIClientPlugin END] Reloading Section: "end-reload/ScreenRegistryImpl/" done in 22.10 μs
[17:43:59] [REI-ReloadPlugins/TRACE] [REI] [REIClientPlugin END] Reloading Section: "end-reload/FavoriteEntryTypeRegistryImpl/"
[17:43:59] [REI-ReloadPlugins/TRACE] [REI] [REIClientPlugin END] Reloading Section: "end-reload/FavoriteEntryTypeRegistryImpl/" done in 11.30 μs
[17:43:59] [REI-ReloadPlugins/TRACE] [REI] [REIClientPlugin END] Reloading Section: "end-reload/SubsetsRegistryImpl/"
[17:43:59] [REI-ReloadPlugins/TRACE] [REI] [REIClientPlugin END] Reloading Section: "end-reload/SubsetsRegistryImpl/" done in 16.60 μs
[17:43:59] [REI-ReloadPlugins/TRACE] [REI] [REIClientPlugin END] Reloading Section: "end-reload/TransferHandlerRegistryImpl/"
[17:43:59] [REI-ReloadPlugins/DEBUG] [REI] Registered 6 transfer handlers
[17:43:59] [REI-ReloadPlugins/TRACE] [REI] [REIClientPlugin END] Reloading Section: "end-reload/TransferHandlerRegistryImpl/" done in 120.0 μs
[17:43:59] [REI-ReloadPlugins/TRACE] [REI] [REIClientPlugin END] Reloading Section: "end-reload/SearchRuntime/"
[17:43:59] [REI-ReloadPlugins/TRACE] [REI] Preparing 12026 stacks for search arguments
[17:43:59] [REI-ReloadPlugins/TRACE] [REI] Prepared 12026 / 12026 stacks for search arguments in 40ms
[17:43:59] [REI-ReloadPlugins/DEBUG] [REI] Preparing collapsed entry groups cache with 7 entries and 1718 stacks
[17:43:59] [REI-ReloadPlugins/DEBUG] [REI] Prepared collapsed entry groups cache with 7 entries and 1718 stacks
[17:43:59] [REI-ReloadPlugins/TRACE] [REI] [REIClientPlugin END] Reloading Section: "end-reload/SearchRuntime/" done in 40.07 ms
[17:43:59] [REI-ReloadPlugins/TRACE] [REI] [REIClientPlugin END] Reloading Section: "end-reload/REIRuntimeImpl/"
[17:43:59] [REI-ReloadPlugins/TRACE] [REI] [REIClientPlugin END] Reloading Section: "end-reload/REIRuntimeImpl/" done in 20.70 μs
[17:43:59] [REI-ReloadPlugins/TRACE] [REI] [REIClientPlugin END] Reloading Section: "end-reload/ConfigAddonRegistryImpl/"
[17:43:59] [REI-ReloadPlugins/DEBUG] [REI] Registered 0 config addons
[17:43:59] [REI-ReloadPlugins/TRACE] [REI] [REIClientPlugin END] Reloading Section: "end-reload/ConfigAddonRegistryImpl/" done in 88.80 μs
[17:43:59] [REI-ReloadPlugins/TRACE] [REI] [REIClientPlugin END] Reloading Section: "end-reload/me.shedaniel.rei.plugin.client.runtime.PluginStageExecutionWatcher$1/"
[17:43:59] [REI-ReloadPlugins/TRACE] [REI] [REIClientPlugin END] Reloading Section: "end-reload/me.shedaniel.rei.plugin.client.runtime.PluginStageExecutionWatcher$1/" done in 12.00 μs
[17:43:59] [REI-ReloadPlugins/TRACE] [REI] [REIClientPlugin END] Reloading Section: "end-reload/" done in 55.30 ms
[17:43:59] [REI-ReloadPlugins/DEBUG] [REI] ========================================
[17:43:59] [REI-ReloadPlugins/DEBUG] [REI] REIClientPlugin ended main-reload for END in 581.6 ms.
[17:43:59] [REI-ReloadPlugins/DEBUG] [REI] ========================================
[17:43:59] [REI-ReloadPlugins/DEBUG] [REI] ========================================
[17:43:59] [REI-ReloadPlugins/DEBUG] [REI] REICommonPlugin starting post-reload for END.
[17:43:59] [REI-ReloadPlugins/DEBUG] [REI] Reloadables (9):
[17:43:59] [REI-ReloadPlugins/DEBUG] [REI]  - SlotAccessorRegistryImpl
[17:43:59] [REI-ReloadPlugins/DEBUG] [REI]  - EntryTypeRegistryImpl
[17:43:59] [REI-ReloadPlugins/DEBUG] [REI]  - EntrySettingsAdapterRegistryImpl
[17:43:59] [REI-ReloadPlugins/DEBUG] [REI]  - ItemComparatorRegistryImpl
[17:43:59] [REI-ReloadPlugins/DEBUG] [REI]  - FluidComparatorRegistryImpl
[17:43:59] [REI-ReloadPlugins/DEBUG] [REI]  - DisplaySerializerRegistryImpl
[17:43:59] [REI-ReloadPlugins/DEBUG] [REI]  - ServerDisplayRegistryImpl
[17:43:59] [REI-ReloadPlugins/DEBUG] [REI]  - FluidSupportProviderImpl
[17:43:59] [REI-ReloadPlugins/DEBUG] [REI]  - me.shedaniel.rei.plugin.client.runtime.PluginStageExecutionWatcher$1
[17:43:59] [REI-ReloadPlugins/DEBUG] [REI] Plugins (2):
[17:43:59] [REI-ReloadPlugins/DEBUG] [REI]  - (-100,00) DefaultPluginImpl of DefaultPluginImpl [roughlyenoughitems]
[17:43:59] [REI-ReloadPlugins/DEBUG] [REI]  - (0,00) DefaultRuntimePlugin of DefaultRuntimePlugin [roughlyenoughitems]
[17:43:59] [REI-ReloadPlugins/DEBUG] [REI] ========================================
[17:43:59] [REI-ReloadPlugins/TRACE] [REI] [REICommonPlugin END] Reloading Section: "post-register/"
[17:43:59] [REI-ReloadPlugins/TRACE] [REI] [REICommonPlugin END] Reloading Section: "post-register/DefaultPluginImpl of DefaultPluginImpl [roughlyenoughitems]/"
[17:43:59] [REI-ReloadPlugins/TRACE] [REI] [REICommonPlugin END] Reloading Section: "post-register/DefaultPluginImpl of DefaultPluginImpl [roughlyenoughitems]/" done in 35.80 μs
[17:43:59] [REI-ReloadPlugins/TRACE] [REI] [REICommonPlugin END] Reloading Section: "post-register/DefaultRuntimePlugin of DefaultRuntimePlugin [roughlyenoughitems]/"
[17:43:59] [REI-ReloadPlugins/TRACE] [REI] [REICommonPlugin END] Reloading Section: "post-register/DefaultRuntimePlugin of DefaultRuntimePlugin [roughlyenoughitems]/" done in 37.30 μs
[17:43:59] [REI-ReloadPlugins/TRACE] [REI] [REICommonPlugin END] Reloading Section: "post-register/" done in 328.2 μs
[17:43:59] [REI-ReloadPlugins/TRACE] [REI] [REICommonPlugin END] Reloading Section: "post-stage/"
[17:43:59] [REI-ReloadPlugins/TRACE] [REI] [REICommonPlugin END] Reloading Section: "post-stage/SlotAccessorRegistryImpl/"
[17:43:59] [REI-ReloadPlugins/TRACE] [REI] [REICommonPlugin END] Reloading Section: "post-stage/SlotAccessorRegistryImpl/" done in 22.20 μs
[17:43:59] [REI-ReloadPlugins/TRACE] [REI] [REICommonPlugin END] Reloading Section: "post-stage/EntryTypeRegistryImpl/"
[17:43:59] [REI-ReloadPlugins/TRACE] [REI] [REICommonPlugin END] Reloading Section: "post-stage/EntryTypeRegistryImpl/" done in 53.00 μs
[17:43:59] [REI-ReloadPlugins/TRACE] [REI] [REICommonPlugin END] Reloading Section: "post-stage/EntrySettingsAdapterRegistryImpl/"
[17:43:59] [REI-ReloadPlugins/TRACE] [REI] [REICommonPlugin END] Reloading Section: "post-stage/EntrySettingsAdapterRegistryImpl/" done in 12.70 μs
[17:43:59] [REI-ReloadPlugins/TRACE] [REI] [REICommonPlugin END] Reloading Section: "post-stage/ItemComparatorRegistryImpl/"
[17:43:59] [REI-ReloadPlugins/TRACE] [REI] [REICommonPlugin END] Reloading Section: "post-stage/ItemComparatorRegistryImpl/" done in 9.600 μs
[17:43:59] [REI-ReloadPlugins/TRACE] [REI] [REICommonPlugin END] Reloading Section: "post-stage/FluidComparatorRegistryImpl/"
[17:43:59] [REI-ReloadPlugins/TRACE] [REI] [REICommonPlugin END] Reloading Section: "post-stage/FluidComparatorRegistryImpl/" done in 9.000 μs
[17:43:59] [REI-ReloadPlugins/TRACE] [REI] [REICommonPlugin END] Reloading Section: "post-stage/DisplaySerializerRegistryImpl/"
[17:43:59] [REI-ReloadPlugins/TRACE] [REI] [REICommonPlugin END] Reloading Section: "post-stage/DisplaySerializerRegistryImpl/" done in 11.60 μs
[17:43:59] [REI-ReloadPlugins/TRACE] [REI] [REICommonPlugin END] Reloading Section: "post-stage/ServerDisplayRegistryImpl/"
[17:43:59] [REI-ReloadPlugins/TRACE] [REI] [REICommonPlugin END] Reloading Section: "post-stage/ServerDisplayRegistryImpl/" done in 8.600 μs
[17:43:59] [REI-ReloadPlugins/TRACE] [REI] [REICommonPlugin END] Reloading Section: "post-stage/FluidSupportProviderImpl/"
[17:43:59] [REI-ReloadPlugins/TRACE] [REI] [REICommonPlugin END] Reloading Section: "post-stage/FluidSupportProviderImpl/" done in 233.3 μs
[17:43:59] [REI-ReloadPlugins/TRACE] [REI] [REICommonPlugin END] Reloading Section: "post-stage/me.shedaniel.rei.plugin.client.runtime.PluginStageExecutionWatcher$1/"
[17:43:59] [REI-ReloadPlugins/TRACE] [REI] [REICommonPlugin END] Reloading Section: "post-stage/me.shedaniel.rei.plugin.client.runtime.PluginStageExecutionWatcher$1/" done in 14.60 μs
[17:43:59] [REI-ReloadPlugins/TRACE] [REI] [REICommonPlugin END] Reloading Section: "post-stage/" done in 670.8 μs
[17:43:59] [REI-ReloadPlugins/DEBUG] [REI] ========================================
[17:43:59] [REI-ReloadPlugins/INFO] [REI] REICommonPlugin finished post-reload for END in 1.046 ms, totaling 117.8 ms.
[17:43:59] [REI-ReloadPlugins/DEBUG] [REI] ========================================
[17:43:59] [REI-ReloadPlugins/DEBUG] [REI] ========================================
[17:43:59] [REI-ReloadPlugins/DEBUG] [REI] REIClientPlugin starting post-reload for END.
[17:43:59] [REI-ReloadPlugins/DEBUG] [REI] Reloadables (18):
[17:43:59] [REI-ReloadPlugins/DEBUG] [REI]  - EntryRendererRegistryImpl
[17:43:59] [REI-ReloadPlugins/DEBUG] [REI]  - ViewsImpl
[17:43:59] [REI-ReloadPlugins/DEBUG] [REI]  - InputMethodRegistryImpl
[17:43:59] [REI-ReloadPlugins/DEBUG] [REI]  - SearchProviderImpl
[17:43:59] [REI-ReloadPlugins/DEBUG] [REI]  - ConfigManagerImpl
[17:43:59] [REI-ReloadPlugins/DEBUG] [REI]  - EntryRegistryImpl
[17:43:59] [REI-ReloadPlugins/DEBUG] [REI]  - CollapsibleEntryRegistryImpl
[17:43:59] [REI-ReloadPlugins/DEBUG] [REI]  - BasicFilteringRuleImpl
[17:43:59] [REI-ReloadPlugins/DEBUG] [REI]  - CategoryRegistryImpl
[17:43:59] [REI-ReloadPlugins/DEBUG] [REI]  - DisplayRegistryImpl
[17:43:59] [REI-ReloadPlugins/DEBUG] [REI]  - ScreenRegistryImpl
[17:43:59] [REI-ReloadPlugins/DEBUG] [REI]  - FavoriteEntryTypeRegistryImpl
[17:43:59] [REI-ReloadPlugins/DEBUG] [REI]  - SubsetsRegistryImpl
[17:43:59] [REI-ReloadPlugins/DEBUG] [REI]  - TransferHandlerRegistryImpl
[17:43:59] [REI-ReloadPlugins/DEBUG] [REI]  - SearchRuntime
[17:43:59] [REI-ReloadPlugins/DEBUG] [REI]  - REIRuntimeImpl
[17:43:59] [REI-ReloadPlugins/DEBUG] [REI]  - ConfigAddonRegistryImpl
[17:43:59] [REI-ReloadPlugins/DEBUG] [REI]  - me.shedaniel.rei.plugin.client.runtime.PluginStageExecutionWatcher$1
[17:43:59] [REI-ReloadPlugins/DEBUG] [REI] Plugins (3):
[17:43:59] [REI-ReloadPlugins/DEBUG] [REI]  - (-100,00) DefaultClientPluginImpl of DefaultClientPluginImpl [roughlyenoughitems]
[17:43:59] [REI-ReloadPlugins/DEBUG] [REI]  - (0,00) HideIngredientsFromTagsPlugin of HideIngredientsFromTagsPlugin [roughlyenoughitems]
[17:43:59] [REI-ReloadPlugins/DEBUG] [REI]  - (0,00) DefaultClientRuntimePlugin of DefaultClientRuntimePlugin [roughlyenoughitems]
[17:43:59] [REI-ReloadPlugins/DEBUG] [REI] ========================================
[17:43:59] [REI-ReloadPlugins/TRACE] [REI] [REIClientPlugin END] Reloading Section: "post-register/"
[17:43:59] [REI-ReloadPlugins/TRACE] [REI] [REIClientPlugin END] Reloading Section: "post-register/DefaultClientPluginImpl of DefaultClientPluginImpl [roughlyenoughitems]/"
[17:43:59] [REI-ReloadPlugins/TRACE] [REI] [REIClientPlugin END] Reloading Section: "post-register/DefaultClientPluginImpl of DefaultClientPluginImpl [roughlyenoughitems]/" done in 20.80 μs
[17:43:59] [REI-ReloadPlugins/TRACE] [REI] [REIClientPlugin END] Reloading Section: "post-register/HideIngredientsFromTagsPlugin of HideIngredientsFromTagsPlugin [roughlyenoughitems]/"
[17:43:59] [REI-ReloadPlugins/TRACE] [REI] [REIClientPlugin END] Reloading Section: "post-register/HideIngredientsFromTagsPlugin of HideIngredientsFromTagsPlugin [roughlyenoughitems]/" done in 12.60 μs
[17:43:59] [REI-ReloadPlugins/TRACE] [REI] [REIClientPlugin END] Reloading Section: "post-register/DefaultClientRuntimePlugin of DefaultClientRuntimePlugin [roughlyenoughitems]/"
[17:43:59] [REI-ReloadPlugins/TRACE] [REI] [REIClientPlugin END] Reloading Section: "post-register/DefaultClientRuntimePlugin of DefaultClientRuntimePlugin [roughlyenoughitems]/" done in 7.700 μs
[17:43:59] [REI-ReloadPlugins/TRACE] [REI] [REIClientPlugin END] Reloading Section: "post-register/" done in 157.1 μs
[17:43:59] [REI-ReloadPlugins/TRACE] [REI] [REIClientPlugin END] Reloading Section: "post-stage/"
[17:43:59] [REI-ReloadPlugins/TRACE] [REI] [REIClientPlugin END] Reloading Section: "post-stage/EntryRendererRegistryImpl/"
[17:43:59] [REI-ReloadPlugins/TRACE] [REI] [REIClientPlugin END] Reloading Section: "post-stage/EntryRendererRegistryImpl/" done in 20.70 μs
[17:43:59] [REI-ReloadPlugins/TRACE] [REI] [REIClientPlugin END] Reloading Section: "post-stage/ViewsImpl/"
[17:43:59] [REI-ReloadPlugins/TRACE] [REI] [REIClientPlugin END] Reloading Section: "post-stage/ViewsImpl/" done in 10.60 μs
[17:43:59] [REI-ReloadPlugins/TRACE] [REI] [REIClientPlugin END] Reloading Section: "post-stage/InputMethodRegistryImpl/"
[17:43:59] [REI-ReloadPlugins/TRACE] [REI] [REIClientPlugin END] Reloading Section: "post-stage/InputMethodRegistryImpl/" done in 108.6 μs
[17:43:59] [REI-ReloadPlugins/TRACE] [REI] [REIClientPlugin END] Reloading Section: "post-stage/SearchProviderImpl/"
[17:43:59] [REI-ReloadPlugins/TRACE] [REI] [REIClientPlugin END] Reloading Section: "post-stage/SearchProviderImpl/" done in 11.40 μs
[17:43:59] [REI-ReloadPlugins/TRACE] [REI] [REIClientPlugin END] Reloading Section: "post-stage/ConfigManagerImpl/"
[17:43:59] [REI-ReloadPlugins/TRACE] [REI] [REIClientPlugin END] Reloading Section: "post-stage/ConfigManagerImpl/" done in 12.80 μs
[17:43:59] [REI-ReloadPlugins/TRACE] [REI] [REIClientPlugin END] Reloading Section: "post-stage/EntryRegistryImpl/"
[17:43:59] [REI-ReloadPlugins/TRACE] [REI] [REIClientPlugin END] Reloading Section: "post-stage/EntryRegistryImpl/" done in 5.800 μs
[17:43:59] [REI-ReloadPlugins/TRACE] [REI] [REIClientPlugin END] Reloading Section: "post-stage/CollapsibleEntryRegistryImpl/"
[17:43:59] [REI-ReloadPlugins/TRACE] [REI] [REIClientPlugin END] Reloading Section: "post-stage/CollapsibleEntryRegistryImpl/" done in 5.700 μs
[17:43:59] [REI-ReloadPlugins/TRACE] [REI] [REIClientPlugin END] Reloading Section: "post-stage/BasicFilteringRuleImpl/"
[17:43:59] [REI-ReloadPlugins/TRACE] [REI] [REIClientPlugin END] Reloading Section: "post-stage/BasicFilteringRuleImpl/" done in 9.800 μs
[17:43:59] [REI-ReloadPlugins/TRACE] [REI] [REIClientPlugin END] Reloading Section: "post-stage/CategoryRegistryImpl/"
[17:43:59] [REI-ReloadPlugins/TRACE] [REI] [REIClientPlugin END] Reloading Section: "post-stage/CategoryRegistryImpl/" done in 13.80 μs
[17:43:59] [REI-ReloadPlugins/TRACE] [REI] [REIClientPlugin END] Reloading Section: "post-stage/DisplayRegistryImpl/"
[17:43:59] [REI-ReloadPlugins/DEBUG] [REI] Registered displays report (3058 displays, 0 cached / 3058 not cached):
[17:43:59] [REI-ReloadPlugins/DEBUG] [REI] - minecraft:plugins/anvil: 1849 displays
[17:43:59] [REI-ReloadPlugins/DEBUG] [REI] - minecraft:plugins/beacon_base: 1 display
[17:43:59] [REI-ReloadPlugins/DEBUG] [REI] - minecraft:plugins/beacon_payment: 1 display
[17:43:59] [REI-ReloadPlugins/DEBUG] [REI] - minecraft:plugins/brewing: 279 displays
[17:43:59] [REI-ReloadPlugins/DEBUG] [REI] - minecraft:plugins/composting: 4 displays
[17:43:59] [REI-ReloadPlugins/DEBUG] [REI] - minecraft:plugins/oxidation_scraping: 27 displays
[17:43:59] [REI-ReloadPlugins/DEBUG] [REI] - minecraft:plugins/oxidizing: 27 displays
[17:43:59] [REI-ReloadPlugins/DEBUG] [REI] - minecraft:plugins/pathing: 6 displays
[17:43:59] [REI-ReloadPlugins/DEBUG] [REI] - minecraft:plugins/stripping: 23 displays
[17:43:59] [REI-ReloadPlugins/DEBUG] [REI] - minecraft:plugins/tag: 769 displays
[17:43:59] [REI-ReloadPlugins/DEBUG] [REI] - minecraft:plugins/wax_scraping: 36 displays
[17:43:59] [REI-ReloadPlugins/DEBUG] [REI] - minecraft:plugins/waxing: 36 displays
[17:43:59] [REI-ReloadPlugins/TRACE] [REI] [REIClientPlugin END] Reloading Section: "post-stage/DisplayRegistryImpl/" done in 2.246 ms
[17:43:59] [REI-ReloadPlugins/TRACE] [REI] [REIClientPlugin END] Reloading Section: "post-stage/ScreenRegistryImpl/"
[17:43:59] [REI-ReloadPlugins/TRACE] [REI] [REIClientPlugin END] Reloading Section: "post-stage/ScreenRegistryImpl/" done in 38.70 μs
[17:43:59] [REI-ReloadPlugins/TRACE] [REI] [REIClientPlugin END] Reloading Section: "post-stage/FavoriteEntryTypeRegistryImpl/"
[17:43:59] [REI-ReloadPlugins/TRACE] [REI] [REIClientPlugin END] Reloading Section: "post-stage/FavoriteEntryTypeRegistryImpl/" done in 12.80 μs
[17:43:59] [REI-ReloadPlugins/TRACE] [REI] [REIClientPlugin END] Reloading Section: "post-stage/SubsetsRegistryImpl/"
[17:43:59] [REI-ReloadPlugins/TRACE] [REI] [REIClientPlugin END] Reloading Section: "post-stage/SubsetsRegistryImpl/" done in 10.20 μs
[17:43:59] [REI-ReloadPlugins/TRACE] [REI] [REIClientPlugin END] Reloading Section: "post-stage/TransferHandlerRegistryImpl/"
[17:43:59] [REI-ReloadPlugins/TRACE] [REI] [REIClientPlugin END] Reloading Section: "post-stage/TransferHandlerRegistryImpl/" done in 9.900 μs
[17:43:59] [REI-ReloadPlugins/TRACE] [REI] [REIClientPlugin END] Reloading Section: "post-stage/SearchRuntime/"
[17:43:59] [REI-ReloadPlugins/TRACE] [REI] [REIClientPlugin END] Reloading Section: "post-stage/SearchRuntime/" done in 9.300 μs
[17:43:59] [REI-ReloadPlugins/TRACE] [REI] [REIClientPlugin END] Reloading Section: "post-stage/REIRuntimeImpl/"
[17:43:59] [REI-ReloadPlugins/TRACE] [REI] [REIClientPlugin END] Reloading Section: "post-stage/REIRuntimeImpl/" done in 9.600 μs
[17:43:59] [REI-ReloadPlugins/TRACE] [REI] [REIClientPlugin END] Reloading Section: "post-stage/ConfigAddonRegistryImpl/"
[17:43:59] [REI-ReloadPlugins/TRACE] [REI] [REIClientPlugin END] Reloading Section: "post-stage/ConfigAddonRegistryImpl/" done in 12.30 μs
[17:43:59] [REI-ReloadPlugins/TRACE] [REI] [REIClientPlugin END] Reloading Section: "post-stage/me.shedaniel.rei.plugin.client.runtime.PluginStageExecutionWatcher$1/"
[17:43:59] [REI-ReloadPlugins/TRACE] [REI] [REIClientPlugin END] Reloading Section: "post-stage/me.shedaniel.rei.plugin.client.runtime.PluginStageExecutionWatcher$1/" done in 14.10 μs
[17:43:59] [REI-ReloadPlugins/TRACE] [REI] [REIClientPlugin END] Reloading Section: "post-stage/" done in 3.337 ms
[17:43:59] [REI-ReloadPlugins/DEBUG] [REI] ========================================
[17:43:59] [REI-ReloadPlugins/INFO] [REI] REIClientPlugin finished post-reload for END in 3.523 ms, totaling 585.6 ms.
[17:43:59] [REI-ReloadPlugins/DEBUG] [REI] ========================================
[17:44:02] [Render thread/DEBUG] [REI] Created search filter with "" using Default
[17:44:02] [Render thread/DEBUG] [REI] Starting Search: "" with 1717 stacks, shouldAsync: true on Render thread
[17:44:02] [Render thread/DEBUG] [REI] Async Search: 5 partitions for ""
[17:44:02] [REI-AsyncSearchManager-0/TRACE] [REI] Search "" Used [Thread[#127,REI-AsyncSearchManager-0,10,main]]: 32.53 ms
[17:44:02] [REI-AsyncSearchManager-0/TRACE] [REI] Search "" Used and Applied [Thread[#127,REI-AsyncSearchManager-0,10,main]]: 42.85 ms
[17:44:03] [Server thread/DEBUG] [REI] Player Dev has outdated displays version 0 [latest version: 281F3E2500000000]
[17:44:03] [Server thread/DEBUG] [REI] Player Dev has outdated displays version 0 [latest version: 281F3E2500000000], sending reset packet request.
[17:44:03] [Server thread/DEBUG] [REI] Updating players with new displays version 281F3E2500000001 [from 281F3E2500000000]
[17:44:03] [Server thread/DEBUG] [REI] Player Dev has outdated displays version 281F3E2500000000 [latest version: 281F3E2500000001], sending update packets.
[17:44:04] [Server thread/DEBUG] [REI] Failed to encode display: me.shedaniel.rei.plugin.common.displays.crafting.DefaultCustomShapelessDisplay@5c5bd5d3
java.lang.IllegalArgumentException: Can't find id for 'Reference{ResourceKey[minecraft:banner_pattern / minecraft:creeper]=BannerPattern[assetId=minecraft:creeper, translationKey=block.minecraft.banner.creeper]}' in map net.minecraft.core.Registry$1@43c9c363
	at TRANSFORMER/minecraft@1.21.5/net.minecraft.core.IdMap.getIdOrThrow(IdMap.java:25)
	at TRANSFORMER/minecraft@1.21.5/net.minecraft.network.codec.ByteBufCodecs$30.encode(ByteBufCodecs.java:578)
	at TRANSFORMER/minecraft@1.21.5/net.minecraft.network.codec.ByteBufCodecs$30.encode(ByteBufCodecs.java:563)
	at TRANSFORMER/minecraft@1.21.5/net.minecraft.network.codec.StreamCodec$8.encode(StreamCodec.java:147)
	at TRANSFORMER/minecraft@1.21.5/net.minecraft.network.codec.ByteBufCodecs$24.encode(ByteBufCodecs.java:408)
	at TRANSFORMER/minecraft@1.21.5/net.minecraft.network.codec.ByteBufCodecs$24.encode(ByteBufCodecs.java:392)
	at TRANSFORMER/minecraft@1.21.5/net.minecraft.network.codec.StreamCodec$4.encode(StreamCodec.java:75)
	at TRANSFORMER/minecraft@1.21.5/net.minecraft.core.component.DataComponentPatch$3.encodeComponent(DataComponentPatch.java:147)
	at TRANSFORMER/minecraft@1.21.5/net.minecraft.core.component.DataComponentPatch$3.encode(DataComponentPatch.java:131)
	at TRANSFORMER/minecraft@1.21.5/net.minecraft.core.component.DataComponentPatch$3.encode(DataComponentPatch.java:78)
	at TRANSFORMER/minecraft@1.21.5/net.minecraft.world.item.ItemStack$2.encode(ItemStack.java:204)
	at TRANSFORMER/minecraft@1.21.5/net.minecraft.world.item.ItemStack$2.encode(ItemStack.java:186)
	at TRANSFORMER/minecraft@1.21.5/net.minecraft.network.codec.StreamCodec$4.encode(StreamCodec.java:75)
	at TRANSFORMER/minecraft@1.21.5/net.minecraft.network.codec.StreamCodec$6.encode(StreamCodec.java:110)
	at TRANSFORMER/minecraft@1.21.5/net.minecraft.network.codec.ByteBufCodecs$24.encode(ByteBufCodecs.java:408)
	at TRANSFORMER/minecraft@1.21.5/net.minecraft.network.codec.ByteBufCodecs$24.encode(ByteBufCodecs.java:392)
	at TRANSFORMER/minecraft@1.21.5/net.minecraft.network.codec.StreamCodec$4.encode(StreamCodec.java:75)
	at TRANSFORMER/minecraft@1.21.5/net.minecraft.network.codec.ByteBufCodecs$24.encode(ByteBufCodecs.java:408)
	at TRANSFORMER/minecraft@1.21.5/net.minecraft.network.codec.ByteBufCodecs$24.encode(ByteBufCodecs.java:392)
	at TRANSFORMER/minecraft@1.21.5/net.minecraft.network.codec.StreamCodec$9.encode(StreamCodec.java:173)
	at TRANSFORMER/minecraft@1.21.5/net.minecraft.network.codec.StreamCodec$6.encode(StreamCodec.java:110)
	at TRANSFORMER/roughlyenoughitems@19.0.806/me.shedaniel.rei.impl.common.networking.DisplaySyncPacket$1.encode(DisplaySyncPacket.java:60)
	at TRANSFORMER/roughlyenoughitems@19.0.806/me.shedaniel.rei.impl.common.networking.DisplaySyncPacket$1.encode(DisplaySyncPacket.java:55)
	at TRANSFORMER/minecraft@1.21.5/net.minecraft.network.codec.ByteBufCodecs$24.encode(ByteBufCodecs.java:408)
	at TRANSFORMER/minecraft@1.21.5/net.minecraft.network.codec.ByteBufCodecs$24.encode(ByteBufCodecs.java:392)
	at TRANSFORMER/minecraft@1.21.5/net.minecraft.network.codec.StreamCodec$4.encode(StreamCodec.java:75)
	at TRANSFORMER/minecraft@1.21.5/net.minecraft.network.codec.StreamCodec$9.encode(StreamCodec.java:174)
	at TRANSFORMER/architectury@16.1.4/dev.architectury.impl.NetworkAggregator.collectPackets(NetworkAggregator.java:146)
	at TRANSFORMER/architectury@16.1.4/dev.architectury.networking.NetworkManager.collectPackets(NetworkManager.java:137)
	at TRANSFORMER/roughlyenoughitems@19.0.806/me.shedaniel.rei.impl.common.registry.displays.ServerDisplayRegistryImpl.getUpdatePackets(ServerDisplayRegistryImpl.java:167)
	at TRANSFORMER/roughlyenoughitems@19.0.806/me.shedaniel.rei.impl.common.registry.displays.ServerDisplayRegistryImpl.lambda$updatePlayers$7(ServerDisplayRegistryImpl.java:103)
	at java.base/java.util.HashMap.computeIfAbsent(HashMap.java:1228)
	at TRANSFORMER/roughlyenoughitems@19.0.806/me.shedaniel.rei.impl.common.registry.displays.ServerDisplayRegistryImpl.lambda$updatePlayers$8(ServerDisplayRegistryImpl.java:103)
	at TRANSFORMER/roughlyenoughitems@19.0.806/me.shedaniel.rei.impl.common.registry.displays.ServerDisplayRegistryImpl.updatePlayers(ServerDisplayRegistryImpl.java:131)
	at TRANSFORMER/roughlyenoughitems@19.0.806/me.shedaniel.rei.impl.common.registry.displays.ServerDisplayRegistryImpl.lambda$new$3(ServerDisplayRegistryImpl.java:72)
	at TRANSFORMER/architectury@16.1.4/dev.architectury.event.forge.EventHandlerImplCommon.event(EventHandlerImplCommon.java:70)
	at MC-BOOTSTRAP/net.neoforged.bus/net.neoforged.bus.EventBus.post(EventBus.java:350)
	at MC-BOOTSTRAP/net.neoforged.bus/net.neoforged.bus.EventBus.post(EventBus.java:315)
	at TRANSFORMER/neoforge@21.5.55-beta/net.neoforged.neoforge.event.EventHooks.fireServerTickPost(EventHooks.java:1007)
	at TRANSFORMER/minecraft@1.21.5/net.minecraft.server.MinecraftServer.tickServer(MinecraftServer.java:977)
	at TRANSFORMER/minecraft@1.21.5/net.minecraft.client.server.IntegratedServer.tickServer(IntegratedServer.java:108)
	at TRANSFORMER/minecraft@1.21.5/net.minecraft.server.MinecraftServer.runServer(MinecraftServer.java:715)
	at TRANSFORMER/minecraft@1.21.5/net.minecraft.server.MinecraftServer.lambda$spin$2(MinecraftServer.java:276)
	at java.base/java.lang.Thread.run(Thread.java:1583)
[17:44:04] [Server thread/DEBUG] [REI] Failed to encode display: me.shedaniel.rei.plugin.common.displays.crafting.DefaultCustomShapelessDisplay@639bef32
java.lang.IllegalArgumentException: Can't find id for 'Reference{ResourceKey[minecraft:banner_pattern / minecraft:stripe_middle]=BannerPattern[assetId=minecraft:stripe_middle, translationKey=block.minecraft.banner.stripe_middle]}' in map net.minecraft.core.Registry$1@661a48d9
	at TRANSFORMER/minecraft@1.21.5/net.minecraft.core.IdMap.getIdOrThrow(IdMap.java:25)
	at TRANSFORMER/minecraft@1.21.5/net.minecraft.network.codec.ByteBufCodecs$30.encode(ByteBufCodecs.java:578)
	at TRANSFORMER/minecraft@1.21.5/net.minecraft.network.codec.ByteBufCodecs$30.encode(ByteBufCodecs.java:563)
	at TRANSFORMER/minecraft@1.21.5/net.minecraft.network.codec.StreamCodec$8.encode(StreamCodec.java:147)
	at TRANSFORMER/minecraft@1.21.5/net.minecraft.network.codec.ByteBufCodecs$24.encode(ByteBufCodecs.java:408)
	at TRANSFORMER/minecraft@1.21.5/net.minecraft.network.codec.ByteBufCodecs$24.encode(ByteBufCodecs.java:392)
	at TRANSFORMER/minecraft@1.21.5/net.minecraft.network.codec.StreamCodec$4.encode(StreamCodec.java:75)
	at TRANSFORMER/minecraft@1.21.5/net.minecraft.core.component.DataComponentPatch$3.encodeComponent(DataComponentPatch.java:147)
	at TRANSFORMER/minecraft@1.21.5/net.minecraft.core.component.DataComponentPatch$3.encode(DataComponentPatch.java:131)
	at TRANSFORMER/minecraft@1.21.5/net.minecraft.core.component.DataComponentPatch$3.encode(DataComponentPatch.java:78)
	at TRANSFORMER/minecraft@1.21.5/net.minecraft.world.item.ItemStack$2.encode(ItemStack.java:204)
	at TRANSFORMER/minecraft@1.21.5/net.minecraft.world.item.ItemStack$2.encode(ItemStack.java:186)
	at TRANSFORMER/minecraft@1.21.5/net.minecraft.network.codec.StreamCodec$4.encode(StreamCodec.java:75)
	at TRANSFORMER/minecraft@1.21.5/net.minecraft.network.codec.StreamCodec$6.encode(StreamCodec.java:110)
	at TRANSFORMER/minecraft@1.21.5/net.minecraft.network.codec.ByteBufCodecs$24.encode(ByteBufCodecs.java:408)
	at TRANSFORMER/minecraft@1.21.5/net.minecraft.network.codec.ByteBufCodecs$24.encode(ByteBufCodecs.java:392)
	at TRANSFORMER/minecraft@1.21.5/net.minecraft.network.codec.StreamCodec$4.encode(StreamCodec.java:75)
	at TRANSFORMER/minecraft@1.21.5/net.minecraft.network.codec.ByteBufCodecs$24.encode(ByteBufCodecs.java:408)
	at TRANSFORMER/minecraft@1.21.5/net.minecraft.network.codec.ByteBufCodecs$24.encode(ByteBufCodecs.java:392)
	at TRANSFORMER/minecraft@1.21.5/net.minecraft.network.codec.StreamCodec$9.encode(StreamCodec.java:173)
	at TRANSFORMER/minecraft@1.21.5/net.minecraft.network.codec.StreamCodec$6.encode(StreamCodec.java:110)
	at TRANSFORMER/roughlyenoughitems@19.0.806/me.shedaniel.rei.impl.common.networking.DisplaySyncPacket$1.encode(DisplaySyncPacket.java:60)
	at TRANSFORMER/roughlyenoughitems@19.0.806/me.shedaniel.rei.impl.common.networking.DisplaySyncPacket$1.encode(DisplaySyncPacket.java:55)
	at TRANSFORMER/minecraft@1.21.5/net.minecraft.network.codec.ByteBufCodecs$24.encode(ByteBufCodecs.java:408)
	at TRANSFORMER/minecraft@1.21.5/net.minecraft.network.codec.ByteBufCodecs$24.encode(ByteBufCodecs.java:392)
	at TRANSFORMER/minecraft@1.21.5/net.minecraft.network.codec.StreamCodec$4.encode(StreamCodec.java:75)
	at TRANSFORMER/minecraft@1.21.5/net.minecraft.network.codec.StreamCodec$9.encode(StreamCodec.java:174)
	at TRANSFORMER/architectury@16.1.4/dev.architectury.impl.NetworkAggregator.collectPackets(NetworkAggregator.java:146)
	at TRANSFORMER/architectury@16.1.4/dev.architectury.networking.NetworkManager.collectPackets(NetworkManager.java:137)
	at TRANSFORMER/roughlyenoughitems@19.0.806/me.shedaniel.rei.impl.common.registry.displays.ServerDisplayRegistryImpl.getUpdatePackets(ServerDisplayRegistryImpl.java:167)
	at TRANSFORMER/roughlyenoughitems@19.0.806/me.shedaniel.rei.impl.common.registry.displays.ServerDisplayRegistryImpl.lambda$updatePlayers$7(ServerDisplayRegistryImpl.java:103)
	at java.base/java.util.HashMap.computeIfAbsent(HashMap.java:1228)
	at TRANSFORMER/roughlyenoughitems@19.0.806/me.shedaniel.rei.impl.common.registry.displays.ServerDisplayRegistryImpl.lambda$updatePlayers$8(ServerDisplayRegistryImpl.java:103)
	at TRANSFORMER/roughlyenoughitems@19.0.806/me.shedaniel.rei.impl.common.registry.displays.ServerDisplayRegistryImpl.updatePlayers(ServerDisplayRegistryImpl.java:131)
	at TRANSFORMER/roughlyenoughitems@19.0.806/me.shedaniel.rei.impl.common.registry.displays.ServerDisplayRegistryImpl.lambda$new$3(ServerDisplayRegistryImpl.java:72)
	at TRANSFORMER/architectury@16.1.4/dev.architectury.event.forge.EventHandlerImplCommon.event(EventHandlerImplCommon.java:70)
	at MC-BOOTSTRAP/net.neoforged.bus/net.neoforged.bus.EventBus.post(EventBus.java:350)
	at MC-BOOTSTRAP/net.neoforged.bus/net.neoforged.bus.EventBus.post(EventBus.java:315)
	at TRANSFORMER/neoforge@21.5.55-beta/net.neoforged.neoforge.event.EventHooks.fireServerTickPost(EventHooks.java:1007)
	at TRANSFORMER/minecraft@1.21.5/net.minecraft.server.MinecraftServer.tickServer(MinecraftServer.java:977)
	at TRANSFORMER/minecraft@1.21.5/net.minecraft.client.server.IntegratedServer.tickServer(IntegratedServer.java:108)
	at TRANSFORMER/minecraft@1.21.5/net.minecraft.server.MinecraftServer.runServer(MinecraftServer.java:715)
	at TRANSFORMER/minecraft@1.21.5/net.minecraft.server.MinecraftServer.lambda$spin$2(MinecraftServer.java:276)
	at java.base/java.lang.Thread.run(Thread.java:1583)
[17:44:04] [Server thread/DEBUG] [REI] Failed to encode display: me.shedaniel.rei.plugin.common.displays.crafting.DefaultCustomShapelessDisplay@5025421f
java.lang.IllegalArgumentException: Can't find id for 'Reference{ResourceKey[minecraft:banner_pattern / minecraft:triangle_bottom]=BannerPattern[assetId=minecraft:triangle_bottom, translationKey=block.minecraft.banner.triangle_bottom]}' in map net.minecraft.core.Registry$1@532b9d9b
	at TRANSFORMER/minecraft@1.21.5/net.minecraft.core.IdMap.getIdOrThrow(IdMap.java:25)
	at TRANSFORMER/minecraft@1.21.5/net.minecraft.network.codec.ByteBufCodecs$30.encode(ByteBufCodecs.java:578)
	at TRANSFORMER/minecraft@1.21.5/net.minecraft.network.codec.ByteBufCodecs$30.encode(ByteBufCodecs.java:563)
	at TRANSFORMER/minecraft@1.21.5/net.minecraft.network.codec.StreamCodec$8.encode(StreamCodec.java:147)
	at TRANSFORMER/minecraft@1.21.5/net.minecraft.network.codec.ByteBufCodecs$24.encode(ByteBufCodecs.java:408)
	at TRANSFORMER/minecraft@1.21.5/net.minecraft.network.codec.ByteBufCodecs$24.encode(ByteBufCodecs.java:392)
	at TRANSFORMER/minecraft@1.21.5/net.minecraft.network.codec.StreamCodec$4.encode(StreamCodec.java:75)
	at TRANSFORMER/minecraft@1.21.5/net.minecraft.core.component.DataComponentPatch$3.encodeComponent(DataComponentPatch.java:147)
	at TRANSFORMER/minecraft@1.21.5/net.minecraft.core.component.DataComponentPatch$3.encode(DataComponentPatch.java:131)
	at TRANSFORMER/minecraft@1.21.5/net.minecraft.core.component.DataComponentPatch$3.encode(DataComponentPatch.java:78)
	at TRANSFORMER/minecraft@1.21.5/net.minecraft.world.item.ItemStack$2.encode(ItemStack.java:204)
	at TRANSFORMER/minecraft@1.21.5/net.minecraft.world.item.ItemStack$2.encode(ItemStack.java:186)
	at TRANSFORMER/minecraft@1.21.5/net.minecraft.network.codec.StreamCodec$4.encode(StreamCodec.java:75)
	at TRANSFORMER/minecraft@1.21.5/net.minecraft.network.codec.StreamCodec$6.encode(StreamCodec.java:110)
	at TRANSFORMER/minecraft@1.21.5/net.minecraft.network.codec.ByteBufCodecs$24.encode(ByteBufCodecs.java:408)
	at TRANSFORMER/minecraft@1.21.5/net.minecraft.network.codec.ByteBufCodecs$24.encode(ByteBufCodecs.java:392)
	at TRANSFORMER/minecraft@1.21.5/net.minecraft.network.codec.StreamCodec$4.encode(StreamCodec.java:75)
	at TRANSFORMER/minecraft@1.21.5/net.minecraft.network.codec.ByteBufCodecs$24.encode(ByteBufCodecs.java:408)
	at TRANSFORMER/minecraft@1.21.5/net.minecraft.network.codec.ByteBufCodecs$24.encode(ByteBufCodecs.java:392)
	at TRANSFORMER/minecraft@1.21.5/net.minecraft.network.codec.StreamCodec$9.encode(StreamCodec.java:173)
	at TRANSFORMER/minecraft@1.21.5/net.minecraft.network.codec.StreamCodec$6.encode(StreamCodec.java:110)
	at TRANSFORMER/roughlyenoughitems@19.0.806/me.shedaniel.rei.impl.common.networking.DisplaySyncPacket$1.encode(DisplaySyncPacket.java:60)
	at TRANSFORMER/roughlyenoughitems@19.0.806/me.shedaniel.rei.impl.common.networking.DisplaySyncPacket$1.encode(DisplaySyncPacket.java:55)
	at TRANSFORMER/minecraft@1.21.5/net.minecraft.network.codec.ByteBufCodecs$24.encode(ByteBufCodecs.java:408)
	at TRANSFORMER/minecraft@1.21.5/net.minecraft.network.codec.ByteBufCodecs$24.encode(ByteBufCodecs.java:392)
	at TRANSFORMER/minecraft@1.21.5/net.minecraft.network.codec.StreamCodec$4.encode(StreamCodec.java:75)
	at TRANSFORMER/minecraft@1.21.5/net.minecraft.network.codec.StreamCodec$9.encode(StreamCodec.java:174)
	at TRANSFORMER/architectury@16.1.4/dev.architectury.impl.NetworkAggregator.collectPackets(NetworkAggregator.java:146)
	at TRANSFORMER/architectury@16.1.4/dev.architectury.networking.NetworkManager.collectPackets(NetworkManager.java:137)
	at TRANSFORMER/roughlyenoughitems@19.0.806/me.shedaniel.rei.impl.common.registry.displays.ServerDisplayRegistryImpl.getUpdatePackets(ServerDisplayRegistryImpl.java:167)
	at TRANSFORMER/roughlyenoughitems@19.0.806/me.shedaniel.rei.impl.common.registry.displays.ServerDisplayRegistryImpl.lambda$updatePlayers$7(ServerDisplayRegistryImpl.java:103)
	at java.base/java.util.HashMap.computeIfAbsent(HashMap.java:1228)
	at TRANSFORMER/roughlyenoughitems@19.0.806/me.shedaniel.rei.impl.common.registry.displays.ServerDisplayRegistryImpl.lambda$updatePlayers$8(ServerDisplayRegistryImpl.java:103)
	at TRANSFORMER/roughlyenoughitems@19.0.806/me.shedaniel.rei.impl.common.registry.displays.ServerDisplayRegistryImpl.updatePlayers(ServerDisplayRegistryImpl.java:131)
	at TRANSFORMER/roughlyenoughitems@19.0.806/me.shedaniel.rei.impl.common.registry.displays.ServerDisplayRegistryImpl.lambda$new$3(ServerDisplayRegistryImpl.java:72)
	at TRANSFORMER/architectury@16.1.4/dev.architectury.event.forge.EventHandlerImplCommon.event(EventHandlerImplCommon.java:70)
	at MC-BOOTSTRAP/net.neoforged.bus/net.neoforged.bus.EventBus.post(EventBus.java:350)
	at MC-BOOTSTRAP/net.neoforged.bus/net.neoforged.bus.EventBus.post(EventBus.java:315)
	at TRANSFORMER/neoforge@21.5.55-beta/net.neoforged.neoforge.event.EventHooks.fireServerTickPost(EventHooks.java:1007)
	at TRANSFORMER/minecraft@1.21.5/net.minecraft.server.MinecraftServer.tickServer(MinecraftServer.java:977)
	at TRANSFORMER/minecraft@1.21.5/net.minecraft.client.server.IntegratedServer.tickServer(IntegratedServer.java:108)
	at TRANSFORMER/minecraft@1.21.5/net.minecraft.server.MinecraftServer.runServer(MinecraftServer.java:715)
	at TRANSFORMER/minecraft@1.21.5/net.minecraft.server.MinecraftServer.lambda$spin$2(MinecraftServer.java:276)
	at java.base/java.lang.Thread.run(Thread.java:1583)
[17:44:04] [Server thread/DEBUG] [REI] Failed to encode display: me.shedaniel.rei.plugin.common.displays.crafting.DefaultCustomShapelessDisplay@45a0c514
java.lang.IllegalArgumentException: Can't find id for 'Reference{ResourceKey[minecraft:banner_pattern / minecraft:circle]=BannerPattern[assetId=minecraft:circle, translationKey=block.minecraft.banner.circle]}' in map net.minecraft.core.Registry$1@5a9b43f6
	at TRANSFORMER/minecraft@1.21.5/net.minecraft.core.IdMap.getIdOrThrow(IdMap.java:25)
	at TRANSFORMER/minecraft@1.21.5/net.minecraft.network.codec.ByteBufCodecs$30.encode(ByteBufCodecs.java:578)
	at TRANSFORMER/minecraft@1.21.5/net.minecraft.network.codec.ByteBufCodecs$30.encode(ByteBufCodecs.java:563)
	at TRANSFORMER/minecraft@1.21.5/net.minecraft.network.codec.StreamCodec$8.encode(StreamCodec.java:147)
	at TRANSFORMER/minecraft@1.21.5/net.minecraft.network.codec.ByteBufCodecs$24.encode(ByteBufCodecs.java:408)
	at TRANSFORMER/minecraft@1.21.5/net.minecraft.network.codec.ByteBufCodecs$24.encode(ByteBufCodecs.java:392)
	at TRANSFORMER/minecraft@1.21.5/net.minecraft.network.codec.StreamCodec$4.encode(StreamCodec.java:75)
	at TRANSFORMER/minecraft@1.21.5/net.minecraft.core.component.DataComponentPatch$3.encodeComponent(DataComponentPatch.java:147)
	at TRANSFORMER/minecraft@1.21.5/net.minecraft.core.component.DataComponentPatch$3.encode(DataComponentPatch.java:131)
	at TRANSFORMER/minecraft@1.21.5/net.minecraft.core.component.DataComponentPatch$3.encode(DataComponentPatch.java:78)
	at TRANSFORMER/minecraft@1.21.5/net.minecraft.world.item.ItemStack$2.encode(ItemStack.java:204)
	at TRANSFORMER/minecraft@1.21.5/net.minecraft.world.item.ItemStack$2.encode(ItemStack.java:186)
	at TRANSFORMER/minecraft@1.21.5/net.minecraft.network.codec.StreamCodec$4.encode(StreamCodec.java:75)
	at TRANSFORMER/minecraft@1.21.5/net.minecraft.network.codec.StreamCodec$6.encode(StreamCodec.java:110)
	at TRANSFORMER/minecraft@1.21.5/net.minecraft.network.codec.ByteBufCodecs$24.encode(ByteBufCodecs.java:408)
	at TRANSFORMER/minecraft@1.21.5/net.minecraft.network.codec.ByteBufCodecs$24.encode(ByteBufCodecs.java:392)
	at TRANSFORMER/minecraft@1.21.5/net.minecraft.network.codec.StreamCodec$4.encode(StreamCodec.java:75)
	at TRANSFORMER/minecraft@1.21.5/net.minecraft.network.codec.ByteBufCodecs$24.encode(ByteBufCodecs.java:408)
	at TRANSFORMER/minecraft@1.21.5/net.minecraft.network.codec.ByteBufCodecs$24.encode(ByteBufCodecs.java:392)
	at TRANSFORMER/minecraft@1.21.5/net.minecraft.network.codec.StreamCodec$9.encode(StreamCodec.java:173)
	at TRANSFORMER/minecraft@1.21.5/net.minecraft.network.codec.StreamCodec$6.encode(StreamCodec.java:110)
	at TRANSFORMER/roughlyenoughitems@19.0.806/me.shedaniel.rei.impl.common.networking.DisplaySyncPacket$1.encode(DisplaySyncPacket.java:60)
	at TRANSFORMER/roughlyenoughitems@19.0.806/me.shedaniel.rei.impl.common.networking.DisplaySyncPacket$1.encode(DisplaySyncPacket.java:55)
	at TRANSFORMER/minecraft@1.21.5/net.minecraft.network.codec.ByteBufCodecs$24.encode(ByteBufCodecs.java:408)
	at TRANSFORMER/minecraft@1.21.5/net.minecraft.network.codec.ByteBufCodecs$24.encode(ByteBufCodecs.java:392)
	at TRANSFORMER/minecraft@1.21.5/net.minecraft.network.codec.StreamCodec$4.encode(StreamCodec.java:75)
	at TRANSFORMER/minecraft@1.21.5/net.minecraft.network.codec.StreamCodec$9.encode(StreamCodec.java:174)
	at TRANSFORMER/architectury@16.1.4/dev.architectury.impl.NetworkAggregator.collectPackets(NetworkAggregator.java:146)
	at TRANSFORMER/architectury@16.1.4/dev.architectury.networking.NetworkManager.collectPackets(NetworkManager.java:137)
	at TRANSFORMER/roughlyenoughitems@19.0.806/me.shedaniel.rei.impl.common.registry.displays.ServerDisplayRegistryImpl.getUpdatePackets(ServerDisplayRegistryImpl.java:167)
	at TRANSFORMER/roughlyenoughitems@19.0.806/me.shedaniel.rei.impl.common.registry.displays.ServerDisplayRegistryImpl.lambda$updatePlayers$7(ServerDisplayRegistryImpl.java:103)
	at java.base/java.util.HashMap.computeIfAbsent(HashMap.java:1228)
	at TRANSFORMER/roughlyenoughitems@19.0.806/me.shedaniel.rei.impl.common.registry.displays.ServerDisplayRegistryImpl.lambda$updatePlayers$8(ServerDisplayRegistryImpl.java:103)
	at TRANSFORMER/roughlyenoughitems@19.0.806/me.shedaniel.rei.impl.common.registry.displays.ServerDisplayRegistryImpl.updatePlayers(ServerDisplayRegistryImpl.java:131)
	at TRANSFORMER/roughlyenoughitems@19.0.806/me.shedaniel.rei.impl.common.registry.displays.ServerDisplayRegistryImpl.lambda$new$3(ServerDisplayRegistryImpl.java:72)
	at TRANSFORMER/architectury@16.1.4/dev.architectury.event.forge.EventHandlerImplCommon.event(EventHandlerImplCommon.java:70)
	at MC-BOOTSTRAP/net.neoforged.bus/net.neoforged.bus.EventBus.post(EventBus.java:350)
	at MC-BOOTSTRAP/net.neoforged.bus/net.neoforged.bus.EventBus.post(EventBus.java:315)
	at TRANSFORMER/neoforge@21.5.55-beta/net.neoforged.neoforge.event.EventHooks.fireServerTickPost(EventHooks.java:1007)
	at TRANSFORMER/minecraft@1.21.5/net.minecraft.server.MinecraftServer.tickServer(MinecraftServer.java:977)
	at TRANSFORMER/minecraft@1.21.5/net.minecraft.client.server.IntegratedServer.tickServer(IntegratedServer.java:108)
	at TRANSFORMER/minecraft@1.21.5/net.minecraft.server.MinecraftServer.runServer(MinecraftServer.java:715)
	at TRANSFORMER/minecraft@1.21.5/net.minecraft.server.MinecraftServer.lambda$spin$2(MinecraftServer.java:276)
	at java.base/java.lang.Thread.run(Thread.java:1583)
[17:44:04] [Server thread/DEBUG] [REI] Failed to encode display: me.shedaniel.rei.plugin.common.displays.crafting.DefaultCustomShapelessDisplay@f886546
java.lang.IllegalArgumentException: Can't find id for 'Reference{ResourceKey[minecraft:banner_pattern / minecraft:square_bottom_right]=BannerPattern[assetId=minecraft:square_bottom_right, translationKey=block.minecraft.banner.square_bottom_right]}' in map net.minecraft.core.Registry$1@2fa2a2fc
	at TRANSFORMER/minecraft@1.21.5/net.minecraft.core.IdMap.getIdOrThrow(IdMap.java:25)
	at TRANSFORMER/minecraft@1.21.5/net.minecraft.network.codec.ByteBufCodecs$30.encode(ByteBufCodecs.java:578)
	at TRANSFORMER/minecraft@1.21.5/net.minecraft.network.codec.ByteBufCodecs$30.encode(ByteBufCodecs.java:563)
	at TRANSFORMER/minecraft@1.21.5/net.minecraft.network.codec.StreamCodec$8.encode(StreamCodec.java:147)
	at TRANSFORMER/minecraft@1.21.5/net.minecraft.network.codec.ByteBufCodecs$24.encode(ByteBufCodecs.java:408)
	at TRANSFORMER/minecraft@1.21.5/net.minecraft.network.codec.ByteBufCodecs$24.encode(ByteBufCodecs.java:392)
	at TRANSFORMER/minecraft@1.21.5/net.minecraft.network.codec.StreamCodec$4.encode(StreamCodec.java:75)
	at TRANSFORMER/minecraft@1.21.5/net.minecraft.core.component.DataComponentPatch$3.encodeComponent(DataComponentPatch.java:147)
	at TRANSFORMER/minecraft@1.21.5/net.minecraft.core.component.DataComponentPatch$3.encode(DataComponentPatch.java:131)
	at TRANSFORMER/minecraft@1.21.5/net.minecraft.core.component.DataComponentPatch$3.encode(DataComponentPatch.java:78)
	at TRANSFORMER/minecraft@1.21.5/net.minecraft.world.item.ItemStack$2.encode(ItemStack.java:204)
	at TRANSFORMER/minecraft@1.21.5/net.minecraft.world.item.ItemStack$2.encode(ItemStack.java:186)
	at TRANSFORMER/minecraft@1.21.5/net.minecraft.network.codec.StreamCodec$4.encode(StreamCodec.java:75)
	at TRANSFORMER/minecraft@1.21.5/net.minecraft.network.codec.StreamCodec$6.encode(StreamCodec.java:110)
	at TRANSFORMER/minecraft@1.21.5/net.minecraft.network.codec.ByteBufCodecs$24.encode(ByteBufCodecs.java:408)
	at TRANSFORMER/minecraft@1.21.5/net.minecraft.network.codec.ByteBufCodecs$24.encode(ByteBufCodecs.java:392)
	at TRANSFORMER/minecraft@1.21.5/net.minecraft.network.codec.StreamCodec$4.encode(StreamCodec.java:75)
	at TRANSFORMER/minecraft@1.21.5/net.minecraft.network.codec.ByteBufCodecs$24.encode(ByteBufCodecs.java:408)
	at TRANSFORMER/minecraft@1.21.5/net.minecraft.network.codec.ByteBufCodecs$24.encode(ByteBufCodecs.java:392)
	at TRANSFORMER/minecraft@1.21.5/net.minecraft.network.codec.StreamCodec$9.encode(StreamCodec.java:173)
	at TRANSFORMER/minecraft@1.21.5/net.minecraft.network.codec.StreamCodec$6.encode(StreamCodec.java:110)
	at TRANSFORMER/roughlyenoughitems@19.0.806/me.shedaniel.rei.impl.common.networking.DisplaySyncPacket$1.encode(DisplaySyncPacket.java:60)
	at TRANSFORMER/roughlyenoughitems@19.0.806/me.shedaniel.rei.impl.common.networking.DisplaySyncPacket$1.encode(DisplaySyncPacket.java:55)
	at TRANSFORMER/minecraft@1.21.5/net.minecraft.network.codec.ByteBufCodecs$24.encode(ByteBufCodecs.java:408)
	at TRANSFORMER/minecraft@1.21.5/net.minecraft.network.codec.ByteBufCodecs$24.encode(ByteBufCodecs.java:392)
	at TRANSFORMER/minecraft@1.21.5/net.minecraft.network.codec.StreamCodec$4.encode(StreamCodec.java:75)
	at TRANSFORMER/minecraft@1.21.5/net.minecraft.network.codec.StreamCodec$9.encode(StreamCodec.java:174)
	at TRANSFORMER/architectury@16.1.4/dev.architectury.impl.NetworkAggregator.collectPackets(NetworkAggregator.java:146)
	at TRANSFORMER/architectury@16.1.4/dev.architectury.networking.NetworkManager.collectPackets(NetworkManager.java:137)
	at TRANSFORMER/roughlyenoughitems@19.0.806/me.shedaniel.rei.impl.common.registry.displays.ServerDisplayRegistryImpl.getUpdatePackets(ServerDisplayRegistryImpl.java:167)
	at TRANSFORMER/roughlyenoughitems@19.0.806/me.shedaniel.rei.impl.common.registry.displays.ServerDisplayRegistryImpl.lambda$updatePlayers$7(ServerDisplayRegistryImpl.java:103)
	at java.base/java.util.HashMap.computeIfAbsent(HashMap.java:1228)
	at TRANSFORMER/roughlyenoughitems@19.0.806/me.shedaniel.rei.impl.common.registry.displays.ServerDisplayRegistryImpl.lambda$updatePlayers$8(ServerDisplayRegistryImpl.java:103)
	at TRANSFORMER/roughlyenoughitems@19.0.806/me.shedaniel.rei.impl.common.registry.displays.ServerDisplayRegistryImpl.updatePlayers(ServerDisplayRegistryImpl.java:131)
	at TRANSFORMER/roughlyenoughitems@19.0.806/me.shedaniel.rei.impl.common.registry.displays.ServerDisplayRegistryImpl.lambda$new$3(ServerDisplayRegistryImpl.java:72)
	at TRANSFORMER/architectury@16.1.4/dev.architectury.event.forge.EventHandlerImplCommon.event(EventHandlerImplCommon.java:70)
	at MC-BOOTSTRAP/net.neoforged.bus/net.neoforged.bus.EventBus.post(EventBus.java:350)
	at MC-BOOTSTRAP/net.neoforged.bus/net.neoforged.bus.EventBus.post(EventBus.java:315)
	at TRANSFORMER/neoforge@21.5.55-beta/net.neoforged.neoforge.event.EventHooks.fireServerTickPost(EventHooks.java:1007)
	at TRANSFORMER/minecraft@1.21.5/net.minecraft.server.MinecraftServer.tickServer(MinecraftServer.java:977)
	at TRANSFORMER/minecraft@1.21.5/net.minecraft.client.server.IntegratedServer.tickServer(IntegratedServer.java:108)
	at TRANSFORMER/minecraft@1.21.5/net.minecraft.server.MinecraftServer.runServer(MinecraftServer.java:715)
	at TRANSFORMER/minecraft@1.21.5/net.minecraft.server.MinecraftServer.lambda$spin$2(MinecraftServer.java:276)
	at java.base/java.lang.Thread.run(Thread.java:1583)
[17:44:04] [Server thread/DEBUG] [REI] Failed to encode display: me.shedaniel.rei.plugin.common.displays.crafting.DefaultCustomShapelessDisplay@6c3a8df4
java.lang.IllegalArgumentException: Can't find id for 'Reference{ResourceKey[minecraft:banner_pattern / minecraft:flower]=BannerPattern[assetId=minecraft:flower, translationKey=block.minecraft.banner.flower]}' in map net.minecraft.core.Registry$1@5db431d0
	at TRANSFORMER/minecraft@1.21.5/net.minecraft.core.IdMap.getIdOrThrow(IdMap.java:25)
	at TRANSFORMER/minecraft@1.21.5/net.minecraft.network.codec.ByteBufCodecs$30.encode(ByteBufCodecs.java:578)
	at TRANSFORMER/minecraft@1.21.5/net.minecraft.network.codec.ByteBufCodecs$30.encode(ByteBufCodecs.java:563)
	at TRANSFORMER/minecraft@1.21.5/net.minecraft.network.codec.StreamCodec$8.encode(StreamCodec.java:147)
	at TRANSFORMER/minecraft@1.21.5/net.minecraft.network.codec.ByteBufCodecs$24.encode(ByteBufCodecs.java:408)
	at TRANSFORMER/minecraft@1.21.5/net.minecraft.network.codec.ByteBufCodecs$24.encode(ByteBufCodecs.java:392)
	at TRANSFORMER/minecraft@1.21.5/net.minecraft.network.codec.StreamCodec$4.encode(StreamCodec.java:75)
	at TRANSFORMER/minecraft@1.21.5/net.minecraft.core.component.DataComponentPatch$3.encodeComponent(DataComponentPatch.java:147)
	at TRANSFORMER/minecraft@1.21.5/net.minecraft.core.component.DataComponentPatch$3.encode(DataComponentPatch.java:131)
	at TRANSFORMER/minecraft@1.21.5/net.minecraft.core.component.DataComponentPatch$3.encode(DataComponentPatch.java:78)
	at TRANSFORMER/minecraft@1.21.5/net.minecraft.world.item.ItemStack$2.encode(ItemStack.java:204)
	at TRANSFORMER/minecraft@1.21.5/net.minecraft.world.item.ItemStack$2.encode(ItemStack.java:186)
	at TRANSFORMER/minecraft@1.21.5/net.minecraft.network.codec.StreamCodec$4.encode(StreamCodec.java:75)
	at TRANSFORMER/minecraft@1.21.5/net.minecraft.network.codec.StreamCodec$6.encode(StreamCodec.java:110)
	at TRANSFORMER/minecraft@1.21.5/net.minecraft.network.codec.ByteBufCodecs$24.encode(ByteBufCodecs.java:408)
	at TRANSFORMER/minecraft@1.21.5/net.minecraft.network.codec.ByteBufCodecs$24.encode(ByteBufCodecs.java:392)
	at TRANSFORMER/minecraft@1.21.5/net.minecraft.network.codec.StreamCodec$4.encode(StreamCodec.java:75)
	at TRANSFORMER/minecraft@1.21.5/net.minecraft.network.codec.ByteBufCodecs$24.encode(ByteBufCodecs.java:408)
	at TRANSFORMER/minecraft@1.21.5/net.minecraft.network.codec.ByteBufCodecs$24.encode(ByteBufCodecs.java:392)
	at TRANSFORMER/minecraft@1.21.5/net.minecraft.network.codec.StreamCodec$9.encode(StreamCodec.java:173)
	at TRANSFORMER/minecraft@1.21.5/net.minecraft.network.codec.StreamCodec$6.encode(StreamCodec.java:110)
	at TRANSFORMER/roughlyenoughitems@19.0.806/me.shedaniel.rei.impl.common.networking.DisplaySyncPacket$1.encode(DisplaySyncPacket.java:60)
	at TRANSFORMER/roughlyenoughitems@19.0.806/me.shedaniel.rei.impl.common.networking.DisplaySyncPacket$1.encode(DisplaySyncPacket.java:55)
	at TRANSFORMER/minecraft@1.21.5/net.minecraft.network.codec.ByteBufCodecs$24.encode(ByteBufCodecs.java:408)
	at TRANSFORMER/minecraft@1.21.5/net.minecraft.network.codec.ByteBufCodecs$24.encode(ByteBufCodecs.java:392)
	at TRANSFORMER/minecraft@1.21.5/net.minecraft.network.codec.StreamCodec$4.encode(StreamCodec.java:75)
	at TRANSFORMER/minecraft@1.21.5/net.minecraft.network.codec.StreamCodec$9.encode(StreamCodec.java:174)
	at TRANSFORMER/architectury@16.1.4/dev.architectury.impl.NetworkAggregator.collectPackets(NetworkAggregator.java:146)
	at TRANSFORMER/architectury@16.1.4/dev.architectury.networking.NetworkManager.collectPackets(NetworkManager.java:137)
	at TRANSFORMER/roughlyenoughitems@19.0.806/me.shedaniel.rei.impl.common.registry.displays.ServerDisplayRegistryImpl.getUpdatePackets(ServerDisplayRegistryImpl.java:167)
	at TRANSFORMER/roughlyenoughitems@19.0.806/me.shedaniel.rei.impl.common.registry.displays.ServerDisplayRegistryImpl.lambda$updatePlayers$7(ServerDisplayRegistryImpl.java:103)
	at java.base/java.util.HashMap.computeIfAbsent(HashMap.java:1228)
	at TRANSFORMER/roughlyenoughitems@19.0.806/me.shedaniel.rei.impl.common.registry.displays.ServerDisplayRegistryImpl.lambda$updatePlayers$8(ServerDisplayRegistryImpl.java:103)
	at TRANSFORMER/roughlyenoughitems@19.0.806/me.shedaniel.rei.impl.common.registry.displays.ServerDisplayRegistryImpl.updatePlayers(ServerDisplayRegistryImpl.java:131)
	at TRANSFORMER/roughlyenoughitems@19.0.806/me.shedaniel.rei.impl.common.registry.displays.ServerDisplayRegistryImpl.lambda$new$3(ServerDisplayRegistryImpl.java:72)
	at TRANSFORMER/architectury@16.1.4/dev.architectury.event.forge.EventHandlerImplCommon.event(EventHandlerImplCommon.java:70)
	at MC-BOOTSTRAP/net.neoforged.bus/net.neoforged.bus.EventBus.post(EventBus.java:350)
	at MC-BOOTSTRAP/net.neoforged.bus/net.neoforged.bus.EventBus.post(EventBus.java:315)
	at TRANSFORMER/neoforge@21.5.55-beta/net.neoforged.neoforge.event.EventHooks.fireServerTickPost(EventHooks.java:1007)
	at TRANSFORMER/minecraft@1.21.5/net.minecraft.server.MinecraftServer.tickServer(MinecraftServer.java:977)
	at TRANSFORMER/minecraft@1.21.5/net.minecraft.client.server.IntegratedServer.tickServer(IntegratedServer.java:108)
	at TRANSFORMER/minecraft@1.21.5/net.minecraft.server.MinecraftServer.runServer(MinecraftServer.java:715)
	at TRANSFORMER/minecraft@1.21.5/net.minecraft.server.MinecraftServer.lambda$spin$2(MinecraftServer.java:276)
	at java.base/java.lang.Thread.run(Thread.java:1583)
[17:44:04] [Server thread/DEBUG] [REI] Failed to encode display: me.shedaniel.rei.plugin.common.displays.crafting.DefaultCustomShapelessDisplay@1ccbbf08
java.lang.IllegalArgumentException: Can't find id for 'Reference{ResourceKey[minecraft:banner_pattern / minecraft:square_bottom_right]=BannerPattern[assetId=minecraft:square_bottom_right, translationKey=block.minecraft.banner.square_bottom_right]}' in map net.minecraft.core.Registry$1@1601df3a
	at TRANSFORMER/minecraft@1.21.5/net.minecraft.core.IdMap.getIdOrThrow(IdMap.java:25)
	at TRANSFORMER/minecraft@1.21.5/net.minecraft.network.codec.ByteBufCodecs$30.encode(ByteBufCodecs.java:578)
	at TRANSFORMER/minecraft@1.21.5/net.minecraft.network.codec.ByteBufCodecs$30.encode(ByteBufCodecs.java:563)
	at TRANSFORMER/minecraft@1.21.5/net.minecraft.network.codec.StreamCodec$8.encode(StreamCodec.java:147)
	at TRANSFORMER/minecraft@1.21.5/net.minecraft.network.codec.ByteBufCodecs$24.encode(ByteBufCodecs.java:408)
	at TRANSFORMER/minecraft@1.21.5/net.minecraft.network.codec.ByteBufCodecs$24.encode(ByteBufCodecs.java:392)
	at TRANSFORMER/minecraft@1.21.5/net.minecraft.network.codec.StreamCodec$4.encode(StreamCodec.java:75)
	at TRANSFORMER/minecraft@1.21.5/net.minecraft.core.component.DataComponentPatch$3.encodeComponent(DataComponentPatch.java:147)
	at TRANSFORMER/minecraft@1.21.5/net.minecraft.core.component.DataComponentPatch$3.encode(DataComponentPatch.java:131)
	at TRANSFORMER/minecraft@1.21.5/net.minecraft.core.component.DataComponentPatch$3.encode(DataComponentPatch.java:78)
	at TRANSFORMER/minecraft@1.21.5/net.minecraft.world.item.ItemStack$2.encode(ItemStack.java:204)
	at TRANSFORMER/minecraft@1.21.5/net.minecraft.world.item.ItemStack$2.encode(ItemStack.java:186)
	at TRANSFORMER/minecraft@1.21.5/net.minecraft.network.codec.StreamCodec$4.encode(StreamCodec.java:75)
	at TRANSFORMER/minecraft@1.21.5/net.minecraft.network.codec.StreamCodec$6.encode(StreamCodec.java:110)
	at TRANSFORMER/minecraft@1.21.5/net.minecraft.network.codec.ByteBufCodecs$24.encode(ByteBufCodecs.java:408)
	at TRANSFORMER/minecraft@1.21.5/net.minecraft.network.codec.ByteBufCodecs$24.encode(ByteBufCodecs.java:392)
	at TRANSFORMER/minecraft@1.21.5/net.minecraft.network.codec.StreamCodec$4.encode(StreamCodec.java:75)
	at TRANSFORMER/minecraft@1.21.5/net.minecraft.network.codec.ByteBufCodecs$24.encode(ByteBufCodecs.java:408)
	at TRANSFORMER/minecraft@1.21.5/net.minecraft.network.codec.ByteBufCodecs$24.encode(ByteBufCodecs.java:392)
	at TRANSFORMER/minecraft@1.21.5/net.minecraft.network.codec.StreamCodec$9.encode(StreamCodec.java:173)
	at TRANSFORMER/minecraft@1.21.5/net.minecraft.network.codec.StreamCodec$6.encode(StreamCodec.java:110)
	at TRANSFORMER/roughlyenoughitems@19.0.806/me.shedaniel.rei.impl.common.networking.DisplaySyncPacket$1.encode(DisplaySyncPacket.java:60)
	at TRANSFORMER/roughlyenoughitems@19.0.806/me.shedaniel.rei.impl.common.networking.DisplaySyncPacket$1.encode(DisplaySyncPacket.java:55)
	at TRANSFORMER/minecraft@1.21.5/net.minecraft.network.codec.ByteBufCodecs$24.encode(ByteBufCodecs.java:408)
	at TRANSFORMER/minecraft@1.21.5/net.minecraft.network.codec.ByteBufCodecs$24.encode(ByteBufCodecs.java:392)
	at TRANSFORMER/minecraft@1.21.5/net.minecraft.network.codec.StreamCodec$4.encode(StreamCodec.java:75)
	at TRANSFORMER/minecraft@1.21.5/net.minecraft.network.codec.StreamCodec$9.encode(StreamCodec.java:174)
	at TRANSFORMER/architectury@16.1.4/dev.architectury.impl.NetworkAggregator.collectPackets(NetworkAggregator.java:146)
	at TRANSFORMER/architectury@16.1.4/dev.architectury.networking.NetworkManager.collectPackets(NetworkManager.java:137)
	at TRANSFORMER/roughlyenoughitems@19.0.806/me.shedaniel.rei.impl.common.registry.displays.ServerDisplayRegistryImpl.getUpdatePackets(ServerDisplayRegistryImpl.java:167)
	at TRANSFORMER/roughlyenoughitems@19.0.806/me.shedaniel.rei.impl.common.registry.displays.ServerDisplayRegistryImpl.lambda$updatePlayers$7(ServerDisplayRegistryImpl.java:103)
	at java.base/java.util.HashMap.computeIfAbsent(HashMap.java:1228)
	at TRANSFORMER/roughlyenoughitems@19.0.806/me.shedaniel.rei.impl.common.registry.displays.ServerDisplayRegistryImpl.lambda$updatePlayers$8(ServerDisplayRegistryImpl.java:103)
	at TRANSFORMER/roughlyenoughitems@19.0.806/me.shedaniel.rei.impl.common.registry.displays.ServerDisplayRegistryImpl.updatePlayers(ServerDisplayRegistryImpl.java:131)
	at TRANSFORMER/roughlyenoughitems@19.0.806/me.shedaniel.rei.impl.common.registry.displays.ServerDisplayRegistryImpl.lambda$new$3(ServerDisplayRegistryImpl.java:72)
	at TRANSFORMER/architectury@16.1.4/dev.architectury.event.forge.EventHandlerImplCommon.event(EventHandlerImplCommon.java:70)
	at MC-BOOTSTRAP/net.neoforged.bus/net.neoforged.bus.EventBus.post(EventBus.java:350)
	at MC-BOOTSTRAP/net.neoforged.bus/net.neoforged.bus.EventBus.post(EventBus.java:315)
	at TRANSFORMER/neoforge@21.5.55-beta/net.neoforged.neoforge.event.EventHooks.fireServerTickPost(EventHooks.java:1007)
	at TRANSFORMER/minecraft@1.21.5/net.minecraft.server.MinecraftServer.tickServer(MinecraftServer.java:977)
	at TRANSFORMER/minecraft@1.21.5/net.minecraft.client.server.IntegratedServer.tickServer(IntegratedServer.java:108)
	at TRANSFORMER/minecraft@1.21.5/net.minecraft.server.MinecraftServer.runServer(MinecraftServer.java:715)
	at TRANSFORMER/minecraft@1.21.5/net.minecraft.server.MinecraftServer.lambda$spin$2(MinecraftServer.java:276)
	at java.base/java.lang.Thread.run(Thread.java:1583)
[17:44:04] [Server thread/DEBUG] [REI] Failed to encode display: me.shedaniel.rei.plugin.common.displays.crafting.DefaultCustomShapelessDisplay@c81cf43
java.lang.IllegalArgumentException: Can't find id for 'Reference{ResourceKey[minecraft:banner_pattern / minecraft:stripe_downright]=BannerPattern[assetId=minecraft:stripe_downright, translationKey=block.minecraft.banner.stripe_downright]}' in map net.minecraft.core.Registry$1@3543c10d
	at TRANSFORMER/minecraft@1.21.5/net.minecraft.core.IdMap.getIdOrThrow(IdMap.java:25)
	at TRANSFORMER/minecraft@1.21.5/net.minecraft.network.codec.ByteBufCodecs$30.encode(ByteBufCodecs.java:578)
	at TRANSFORMER/minecraft@1.21.5/net.minecraft.network.codec.ByteBufCodecs$30.encode(ByteBufCodecs.java:563)
	at TRANSFORMER/minecraft@1.21.5/net.minecraft.network.codec.StreamCodec$8.encode(StreamCodec.java:147)
	at TRANSFORMER/minecraft@1.21.5/net.minecraft.network.codec.ByteBufCodecs$24.encode(ByteBufCodecs.java:408)
	at TRANSFORMER/minecraft@1.21.5/net.minecraft.network.codec.ByteBufCodecs$24.encode(ByteBufCodecs.java:392)
	at TRANSFORMER/minecraft@1.21.5/net.minecraft.network.codec.StreamCodec$4.encode(StreamCodec.java:75)
	at TRANSFORMER/minecraft@1.21.5/net.minecraft.core.component.DataComponentPatch$3.encodeComponent(DataComponentPatch.java:147)
	at TRANSFORMER/minecraft@1.21.5/net.minecraft.core.component.DataComponentPatch$3.encode(DataComponentPatch.java:131)
	at TRANSFORMER/minecraft@1.21.5/net.minecraft.core.component.DataComponentPatch$3.encode(DataComponentPatch.java:78)
	at TRANSFORMER/minecraft@1.21.5/net.minecraft.world.item.ItemStack$2.encode(ItemStack.java:204)
	at TRANSFORMER/minecraft@1.21.5/net.minecraft.world.item.ItemStack$2.encode(ItemStack.java:186)
	at TRANSFORMER/minecraft@1.21.5/net.minecraft.network.codec.StreamCodec$4.encode(StreamCodec.java:75)
	at TRANSFORMER/minecraft@1.21.5/net.minecraft.network.codec.StreamCodec$6.encode(StreamCodec.java:110)
	at TRANSFORMER/minecraft@1.21.5/net.minecraft.network.codec.ByteBufCodecs$24.encode(ByteBufCodecs.java:408)
	at TRANSFORMER/minecraft@1.21.5/net.minecraft.network.codec.ByteBufCodecs$24.encode(ByteBufCodecs.java:392)
	at TRANSFORMER/minecraft@1.21.5/net.minecraft.network.codec.StreamCodec$4.encode(StreamCodec.java:75)
	at TRANSFORMER/minecraft@1.21.5/net.minecraft.network.codec.ByteBufCodecs$24.encode(ByteBufCodecs.java:408)
	at TRANSFORMER/minecraft@1.21.5/net.minecraft.network.codec.ByteBufCodecs$24.encode(ByteBufCodecs.java:392)
	at TRANSFORMER/minecraft@1.21.5/net.minecraft.network.codec.StreamCodec$9.encode(StreamCodec.java:173)
	at TRANSFORMER/minecraft@1.21.5/net.minecraft.network.codec.StreamCodec$6.encode(StreamCodec.java:110)
	at TRANSFORMER/roughlyenoughitems@19.0.806/me.shedaniel.rei.impl.common.networking.DisplaySyncPacket$1.encode(DisplaySyncPacket.java:60)
	at TRANSFORMER/roughlyenoughitems@19.0.806/me.shedaniel.rei.impl.common.networking.DisplaySyncPacket$1.encode(DisplaySyncPacket.java:55)
	at TRANSFORMER/minecraft@1.21.5/net.minecraft.network.codec.ByteBufCodecs$24.encode(ByteBufCodecs.java:408)
	at TRANSFORMER/minecraft@1.21.5/net.minecraft.network.codec.ByteBufCodecs$24.encode(ByteBufCodecs.java:392)
	at TRANSFORMER/minecraft@1.21.5/net.minecraft.network.codec.StreamCodec$4.encode(StreamCodec.java:75)
	at TRANSFORMER/minecraft@1.21.5/net.minecraft.network.codec.StreamCodec$9.encode(StreamCodec.java:174)
	at TRANSFORMER/architectury@16.1.4/dev.architectury.impl.NetworkAggregator.collectPackets(NetworkAggregator.java:146)
	at TRANSFORMER/architectury@16.1.4/dev.architectury.networking.NetworkManager.collectPackets(NetworkManager.java:137)
	at TRANSFORMER/roughlyenoughitems@19.0.806/me.shedaniel.rei.impl.common.registry.displays.ServerDisplayRegistryImpl.getUpdatePackets(ServerDisplayRegistryImpl.java:167)
	at TRANSFORMER/roughlyenoughitems@19.0.806/me.shedaniel.rei.impl.common.registry.displays.ServerDisplayRegistryImpl.lambda$updatePlayers$7(ServerDisplayRegistryImpl.java:103)
	at java.base/java.util.HashMap.computeIfAbsent(HashMap.java:1228)
	at TRANSFORMER/roughlyenoughitems@19.0.806/me.shedaniel.rei.impl.common.registry.displays.ServerDisplayRegistryImpl.lambda$updatePlayers$8(ServerDisplayRegistryImpl.java:103)
	at TRANSFORMER/roughlyenoughitems@19.0.806/me.shedaniel.rei.impl.common.registry.displays.ServerDisplayRegistryImpl.updatePlayers(ServerDisplayRegistryImpl.java:131)
	at TRANSFORMER/roughlyenoughitems@19.0.806/me.shedaniel.rei.impl.common.registry.displays.ServerDisplayRegistryImpl.lambda$new$3(ServerDisplayRegistryImpl.java:72)
	at TRANSFORMER/architectury@16.1.4/dev.architectury.event.forge.EventHandlerImplCommon.event(EventHandlerImplCommon.java:70)
	at MC-BOOTSTRAP/net.neoforged.bus/net.neoforged.bus.EventBus.post(EventBus.java:350)
	at MC-BOOTSTRAP/net.neoforged.bus/net.neoforged.bus.EventBus.post(EventBus.java:315)
	at TRANSFORMER/neoforge@21.5.55-beta/net.neoforged.neoforge.event.EventHooks.fireServerTickPost(EventHooks.java:1007)
	at TRANSFORMER/minecraft@1.21.5/net.minecraft.server.MinecraftServer.tickServer(MinecraftServer.java:977)
	at TRANSFORMER/minecraft@1.21.5/net.minecraft.client.server.IntegratedServer.tickServer(IntegratedServer.java:108)
	at TRANSFORMER/minecraft@1.21.5/net.minecraft.server.MinecraftServer.runServer(MinecraftServer.java:715)
	at TRANSFORMER/minecraft@1.21.5/net.minecraft.server.MinecraftServer.lambda$spin$2(MinecraftServer.java:276)
	at java.base/java.lang.Thread.run(Thread.java:1583)
[17:44:04] [Server thread/DEBUG] [REI] Failed to encode display: me.shedaniel.rei.plugin.common.displays.crafting.DefaultCustomShapelessDisplay@13f5814b
java.lang.IllegalArgumentException: Can't find id for 'Reference{ResourceKey[minecraft:banner_pattern / minecraft:half_horizontal]=BannerPattern[assetId=minecraft:half_horizontal, translationKey=block.minecraft.banner.half_horizontal]}' in map net.minecraft.core.Registry$1@70185e1f
	at TRANSFORMER/minecraft@1.21.5/net.minecraft.core.IdMap.getIdOrThrow(IdMap.java:25)
	at TRANSFORMER/minecraft@1.21.5/net.minecraft.network.codec.ByteBufCodecs$30.encode(ByteBufCodecs.java:578)
	at TRANSFORMER/minecraft@1.21.5/net.minecraft.network.codec.ByteBufCodecs$30.encode(ByteBufCodecs.java:563)
	at TRANSFORMER/minecraft@1.21.5/net.minecraft.network.codec.StreamCodec$8.encode(StreamCodec.java:147)
	at TRANSFORMER/minecraft@1.21.5/net.minecraft.network.codec.ByteBufCodecs$24.encode(ByteBufCodecs.java:408)
	at TRANSFORMER/minecraft@1.21.5/net.minecraft.network.codec.ByteBufCodecs$24.encode(ByteBufCodecs.java:392)
	at TRANSFORMER/minecraft@1.21.5/net.minecraft.network.codec.StreamCodec$4.encode(StreamCodec.java:75)
	at TRANSFORMER/minecraft@1.21.5/net.minecraft.core.component.DataComponentPatch$3.encodeComponent(DataComponentPatch.java:147)
	at TRANSFORMER/minecraft@1.21.5/net.minecraft.core.component.DataComponentPatch$3.encode(DataComponentPatch.java:131)
	at TRANSFORMER/minecraft@1.21.5/net.minecraft.core.component.DataComponentPatch$3.encode(DataComponentPatch.java:78)
	at TRANSFORMER/minecraft@1.21.5/net.minecraft.world.item.ItemStack$2.encode(ItemStack.java:204)
	at TRANSFORMER/minecraft@1.21.5/net.minecraft.world.item.ItemStack$2.encode(ItemStack.java:186)
	at TRANSFORMER/minecraft@1.21.5/net.minecraft.network.codec.StreamCodec$4.encode(StreamCodec.java:75)
	at TRANSFORMER/minecraft@1.21.5/net.minecraft.network.codec.StreamCodec$6.encode(StreamCodec.java:110)
	at TRANSFORMER/minecraft@1.21.5/net.minecraft.network.codec.ByteBufCodecs$24.encode(ByteBufCodecs.java:408)
	at TRANSFORMER/minecraft@1.21.5/net.minecraft.network.codec.ByteBufCodecs$24.encode(ByteBufCodecs.java:392)
	at TRANSFORMER/minecraft@1.21.5/net.minecraft.network.codec.StreamCodec$4.encode(StreamCodec.java:75)
	at TRANSFORMER/minecraft@1.21.5/net.minecraft.network.codec.ByteBufCodecs$24.encode(ByteBufCodecs.java:408)
	at TRANSFORMER/minecraft@1.21.5/net.minecraft.network.codec.ByteBufCodecs$24.encode(ByteBufCodecs.java:392)
	at TRANSFORMER/minecraft@1.21.5/net.minecraft.network.codec.StreamCodec$9.encode(StreamCodec.java:173)
	at TRANSFORMER/minecraft@1.21.5/net.minecraft.network.codec.StreamCodec$6.encode(StreamCodec.java:110)
	at TRANSFORMER/roughlyenoughitems@19.0.806/me.shedaniel.rei.impl.common.networking.DisplaySyncPacket$1.encode(DisplaySyncPacket.java:60)
	at TRANSFORMER/roughlyenoughitems@19.0.806/me.shedaniel.rei.impl.common.networking.DisplaySyncPacket$1.encode(DisplaySyncPacket.java:55)
	at TRANSFORMER/minecraft@1.21.5/net.minecraft.network.codec.ByteBufCodecs$24.encode(ByteBufCodecs.java:408)
	at TRANSFORMER/minecraft@1.21.5/net.minecraft.network.codec.ByteBufCodecs$24.encode(ByteBufCodecs.java:392)
	at TRANSFORMER/minecraft@1.21.5/net.minecraft.network.codec.StreamCodec$4.encode(StreamCodec.java:75)
	at TRANSFORMER/minecraft@1.21.5/net.minecraft.network.codec.StreamCodec$9.encode(StreamCodec.java:174)
	at TRANSFORMER/architectury@16.1.4/dev.architectury.impl.NetworkAggregator.collectPackets(NetworkAggregator.java:146)
	at TRANSFORMER/architectury@16.1.4/dev.architectury.networking.NetworkManager.collectPackets(NetworkManager.java:137)
	at TRANSFORMER/roughlyenoughitems@19.0.806/me.shedaniel.rei.impl.common.registry.displays.ServerDisplayRegistryImpl.getUpdatePackets(ServerDisplayRegistryImpl.java:167)
	at TRANSFORMER/roughlyenoughitems@19.0.806/me.shedaniel.rei.impl.common.registry.displays.ServerDisplayRegistryImpl.lambda$updatePlayers$7(ServerDisplayRegistryImpl.java:103)
	at java.base/java.util.HashMap.computeIfAbsent(HashMap.java:1228)
	at TRANSFORMER/roughlyenoughitems@19.0.806/me.shedaniel.rei.impl.common.registry.displays.ServerDisplayRegistryImpl.lambda$updatePlayers$8(ServerDisplayRegistryImpl.java:103)
	at TRANSFORMER/roughlyenoughitems@19.0.806/me.shedaniel.rei.impl.common.registry.displays.ServerDisplayRegistryImpl.updatePlayers(ServerDisplayRegistryImpl.java:131)
	at TRANSFORMER/roughlyenoughitems@19.0.806/me.shedaniel.rei.impl.common.registry.displays.ServerDisplayRegistryImpl.lambda$new$3(ServerDisplayRegistryImpl.java:72)
	at TRANSFORMER/architectury@16.1.4/dev.architectury.event.forge.EventHandlerImplCommon.event(EventHandlerImplCommon.java:70)
	at MC-BOOTSTRAP/net.neoforged.bus/net.neoforged.bus.EventBus.post(EventBus.java:350)
	at MC-BOOTSTRAP/net.neoforged.bus/net.neoforged.bus.EventBus.post(EventBus.java:315)
	at TRANSFORMER/neoforge@21.5.55-beta/net.neoforged.neoforge.event.EventHooks.fireServerTickPost(EventHooks.java:1007)
	at TRANSFORMER/minecraft@1.21.5/net.minecraft.server.MinecraftServer.tickServer(MinecraftServer.java:977)
	at TRANSFORMER/minecraft@1.21.5/net.minecraft.client.server.IntegratedServer.tickServer(IntegratedServer.java:108)
	at TRANSFORMER/minecraft@1.21.5/net.minecraft.server.MinecraftServer.runServer(MinecraftServer.java:715)
	at TRANSFORMER/minecraft@1.21.5/net.minecraft.server.MinecraftServer.lambda$spin$2(MinecraftServer.java:276)
	at java.base/java.lang.Thread.run(Thread.java:1583)
[17:44:04] [Server thread/DEBUG] [REI] Failed to encode display: me.shedaniel.rei.plugin.common.displays.crafting.DefaultCustomShapelessDisplay@58ad16b9
java.lang.IllegalArgumentException: Can't find id for 'Reference{ResourceKey[minecraft:banner_pattern / minecraft:half_vertical_right]=BannerPattern[assetId=minecraft:half_vertical_right, translationKey=block.minecraft.banner.half_vertical_right]}' in map net.minecraft.core.Registry$1@38840c2b
	at TRANSFORMER/minecraft@1.21.5/net.minecraft.core.IdMap.getIdOrThrow(IdMap.java:25)
	at TRANSFORMER/minecraft@1.21.5/net.minecraft.network.codec.ByteBufCodecs$30.encode(ByteBufCodecs.java:578)
	at TRANSFORMER/minecraft@1.21.5/net.minecraft.network.codec.ByteBufCodecs$30.encode(ByteBufCodecs.java:563)
	at TRANSFORMER/minecraft@1.21.5/net.minecraft.network.codec.StreamCodec$8.encode(StreamCodec.java:147)
	at TRANSFORMER/minecraft@1.21.5/net.minecraft.network.codec.ByteBufCodecs$24.encode(ByteBufCodecs.java:408)
	at TRANSFORMER/minecraft@1.21.5/net.minecraft.network.codec.ByteBufCodecs$24.encode(ByteBufCodecs.java:392)
	at TRANSFORMER/minecraft@1.21.5/net.minecraft.network.codec.StreamCodec$4.encode(StreamCodec.java:75)
	at TRANSFORMER/minecraft@1.21.5/net.minecraft.core.component.DataComponentPatch$3.encodeComponent(DataComponentPatch.java:147)
	at TRANSFORMER/minecraft@1.21.5/net.minecraft.core.component.DataComponentPatch$3.encode(DataComponentPatch.java:131)
	at TRANSFORMER/minecraft@1.21.5/net.minecraft.core.component.DataComponentPatch$3.encode(DataComponentPatch.java:78)
	at TRANSFORMER/minecraft@1.21.5/net.minecraft.world.item.ItemStack$2.encode(ItemStack.java:204)
	at TRANSFORMER/minecraft@1.21.5/net.minecraft.world.item.ItemStack$2.encode(ItemStack.java:186)
	at TRANSFORMER/minecraft@1.21.5/net.minecraft.network.codec.StreamCodec$4.encode(StreamCodec.java:75)
	at TRANSFORMER/minecraft@1.21.5/net.minecraft.network.codec.StreamCodec$6.encode(StreamCodec.java:110)
	at TRANSFORMER/minecraft@1.21.5/net.minecraft.network.codec.ByteBufCodecs$24.encode(ByteBufCodecs.java:408)
	at TRANSFORMER/minecraft@1.21.5/net.minecraft.network.codec.ByteBufCodecs$24.encode(ByteBufCodecs.java:392)
	at TRANSFORMER/minecraft@1.21.5/net.minecraft.network.codec.StreamCodec$4.encode(StreamCodec.java:75)
	at TRANSFORMER/minecraft@1.21.5/net.minecraft.network.codec.ByteBufCodecs$24.encode(ByteBufCodecs.java:408)
	at TRANSFORMER/minecraft@1.21.5/net.minecraft.network.codec.ByteBufCodecs$24.encode(ByteBufCodecs.java:392)
	at TRANSFORMER/minecraft@1.21.5/net.minecraft.network.codec.StreamCodec$9.encode(StreamCodec.java:173)
	at TRANSFORMER/minecraft@1.21.5/net.minecraft.network.codec.StreamCodec$6.encode(StreamCodec.java:110)
	at TRANSFORMER/roughlyenoughitems@19.0.806/me.shedaniel.rei.impl.common.networking.DisplaySyncPacket$1.encode(DisplaySyncPacket.java:60)
	at TRANSFORMER/roughlyenoughitems@19.0.806/me.shedaniel.rei.impl.common.networking.DisplaySyncPacket$1.encode(DisplaySyncPacket.java:55)
	at TRANSFORMER/minecraft@1.21.5/net.minecraft.network.codec.ByteBufCodecs$24.encode(ByteBufCodecs.java:408)
	at TRANSFORMER/minecraft@1.21.5/net.minecraft.network.codec.ByteBufCodecs$24.encode(ByteBufCodecs.java:392)
	at TRANSFORMER/minecraft@1.21.5/net.minecraft.network.codec.StreamCodec$4.encode(StreamCodec.java:75)
	at TRANSFORMER/minecraft@1.21.5/net.minecraft.network.codec.StreamCodec$9.encode(StreamCodec.java:174)
	at TRANSFORMER/architectury@16.1.4/dev.architectury.impl.NetworkAggregator.collectPackets(NetworkAggregator.java:146)
	at TRANSFORMER/architectury@16.1.4/dev.architectury.networking.NetworkManager.collectPackets(NetworkManager.java:137)
	at TRANSFORMER/roughlyenoughitems@19.0.806/me.shedaniel.rei.impl.common.registry.displays.ServerDisplayRegistryImpl.getUpdatePackets(ServerDisplayRegistryImpl.java:167)
	at TRANSFORMER/roughlyenoughitems@19.0.806/me.shedaniel.rei.impl.common.registry.displays.ServerDisplayRegistryImpl.lambda$updatePlayers$7(ServerDisplayRegistryImpl.java:103)
	at java.base/java.util.HashMap.computeIfAbsent(HashMap.java:1228)
	at TRANSFORMER/roughlyenoughitems@19.0.806/me.shedaniel.rei.impl.common.registry.displays.ServerDisplayRegistryImpl.lambda$updatePlayers$8(ServerDisplayRegistryImpl.java:103)
	at TRANSFORMER/roughlyenoughitems@19.0.806/me.shedaniel.rei.impl.common.registry.displays.ServerDisplayRegistryImpl.updatePlayers(ServerDisplayRegistryImpl.java:131)
	at TRANSFORMER/roughlyenoughitems@19.0.806/me.shedaniel.rei.impl.common.registry.displays.ServerDisplayRegistryImpl.lambda$new$3(ServerDisplayRegistryImpl.java:72)
	at TRANSFORMER/architectury@16.1.4/dev.architectury.event.forge.EventHandlerImplCommon.event(EventHandlerImplCommon.java:70)
	at MC-BOOTSTRAP/net.neoforged.bus/net.neoforged.bus.EventBus.post(EventBus.java:350)
	at MC-BOOTSTRAP/net.neoforged.bus/net.neoforged.bus.EventBus.post(EventBus.java:315)
	at TRANSFORMER/neoforge@21.5.55-beta/net.neoforged.neoforge.event.EventHooks.fireServerTickPost(EventHooks.java:1007)
	at TRANSFORMER/minecraft@1.21.5/net.minecraft.server.MinecraftServer.tickServer(MinecraftServer.java:977)
	at TRANSFORMER/minecraft@1.21.5/net.minecraft.client.server.IntegratedServer.tickServer(IntegratedServer.java:108)
	at TRANSFORMER/minecraft@1.21.5/net.minecraft.server.MinecraftServer.runServer(MinecraftServer.java:715)
	at TRANSFORMER/minecraft@1.21.5/net.minecraft.server.MinecraftServer.lambda$spin$2(MinecraftServer.java:276)
	at java.base/java.lang.Thread.run(Thread.java:1583)
[17:44:04] [Server thread/DEBUG] [REI] Failed to encode display: me.shedaniel.rei.plugin.common.displays.crafting.DefaultCustomShapelessDisplay@3b124206
java.lang.IllegalArgumentException: Can't find id for 'Reference{ResourceKey[minecraft:banner_pattern / minecraft:stripe_bottom]=BannerPattern[assetId=minecraft:stripe_bottom, translationKey=block.minecraft.banner.stripe_bottom]}' in map net.minecraft.core.Registry$1@27aa8205
	at TRANSFORMER/minecraft@1.21.5/net.minecraft.core.IdMap.getIdOrThrow(IdMap.java:25)
	at TRANSFORMER/minecraft@1.21.5/net.minecraft.network.codec.ByteBufCodecs$30.encode(ByteBufCodecs.java:578)
	at TRANSFORMER/minecraft@1.21.5/net.minecraft.network.codec.ByteBufCodecs$30.encode(ByteBufCodecs.java:563)
	at TRANSFORMER/minecraft@1.21.5/net.minecraft.network.codec.StreamCodec$8.encode(StreamCodec.java:147)
	at TRANSFORMER/minecraft@1.21.5/net.minecraft.network.codec.ByteBufCodecs$24.encode(ByteBufCodecs.java:408)
	at TRANSFORMER/minecraft@1.21.5/net.minecraft.network.codec.ByteBufCodecs$24.encode(ByteBufCodecs.java:392)
	at TRANSFORMER/minecraft@1.21.5/net.minecraft.network.codec.StreamCodec$4.encode(StreamCodec.java:75)
	at TRANSFORMER/minecraft@1.21.5/net.minecraft.core.component.DataComponentPatch$3.encodeComponent(DataComponentPatch.java:147)
	at TRANSFORMER/minecraft@1.21.5/net.minecraft.core.component.DataComponentPatch$3.encode(DataComponentPatch.java:131)
	at TRANSFORMER/minecraft@1.21.5/net.minecraft.core.component.DataComponentPatch$3.encode(DataComponentPatch.java:78)
	at TRANSFORMER/minecraft@1.21.5/net.minecraft.world.item.ItemStack$2.encode(ItemStack.java:204)
	at TRANSFORMER/minecraft@1.21.5/net.minecraft.world.item.ItemStack$2.encode(ItemStack.java:186)
	at TRANSFORMER/minecraft@1.21.5/net.minecraft.network.codec.StreamCodec$4.encode(StreamCodec.java:75)
	at TRANSFORMER/minecraft@1.21.5/net.minecraft.network.codec.StreamCodec$6.encode(StreamCodec.java:110)
	at TRANSFORMER/minecraft@1.21.5/net.minecraft.network.codec.ByteBufCodecs$24.encode(ByteBufCodecs.java:408)
	at TRANSFORMER/minecraft@1.21.5/net.minecraft.network.codec.ByteBufCodecs$24.encode(ByteBufCodecs.java:392)
	at TRANSFORMER/minecraft@1.21.5/net.minecraft.network.codec.StreamCodec$4.encode(StreamCodec.java:75)
	at TRANSFORMER/minecraft@1.21.5/net.minecraft.network.codec.ByteBufCodecs$24.encode(ByteBufCodecs.java:408)
	at TRANSFORMER/minecraft@1.21.5/net.minecraft.network.codec.ByteBufCodecs$24.encode(ByteBufCodecs.java:392)
	at TRANSFORMER/minecraft@1.21.5/net.minecraft.network.codec.StreamCodec$9.encode(StreamCodec.java:173)
	at TRANSFORMER/minecraft@1.21.5/net.minecraft.network.codec.StreamCodec$6.encode(StreamCodec.java:110)
	at TRANSFORMER/roughlyenoughitems@19.0.806/me.shedaniel.rei.impl.common.networking.DisplaySyncPacket$1.encode(DisplaySyncPacket.java:60)
	at TRANSFORMER/roughlyenoughitems@19.0.806/me.shedaniel.rei.impl.common.networking.DisplaySyncPacket$1.encode(DisplaySyncPacket.java:55)
	at TRANSFORMER/minecraft@1.21.5/net.minecraft.network.codec.ByteBufCodecs$24.encode(ByteBufCodecs.java:408)
	at TRANSFORMER/minecraft@1.21.5/net.minecraft.network.codec.ByteBufCodecs$24.encode(ByteBufCodecs.java:392)
	at TRANSFORMER/minecraft@1.21.5/net.minecraft.network.codec.StreamCodec$4.encode(StreamCodec.java:75)
	at TRANSFORMER/minecraft@1.21.5/net.minecraft.network.codec.StreamCodec$9.encode(StreamCodec.java:174)
	at TRANSFORMER/architectury@16.1.4/dev.architectury.impl.NetworkAggregator.collectPackets(NetworkAggregator.java:146)
	at TRANSFORMER/architectury@16.1.4/dev.architectury.networking.NetworkManager.collectPackets(NetworkManager.java:137)
	at TRANSFORMER/roughlyenoughitems@19.0.806/me.shedaniel.rei.impl.common.registry.displays.ServerDisplayRegistryImpl.getUpdatePackets(ServerDisplayRegistryImpl.java:167)
	at TRANSFORMER/roughlyenoughitems@19.0.806/me.shedaniel.rei.impl.common.registry.displays.ServerDisplayRegistryImpl.lambda$updatePlayers$7(ServerDisplayRegistryImpl.java:103)
	at java.base/java.util.HashMap.computeIfAbsent(HashMap.java:1228)
	at TRANSFORMER/roughlyenoughitems@19.0.806/me.shedaniel.rei.impl.common.registry.displays.ServerDisplayRegistryImpl.lambda$updatePlayers$8(ServerDisplayRegistryImpl.java:103)
	at TRANSFORMER/roughlyenoughitems@19.0.806/me.shedaniel.rei.impl.common.registry.displays.ServerDisplayRegistryImpl.updatePlayers(ServerDisplayRegistryImpl.java:131)
	at TRANSFORMER/roughlyenoughitems@19.0.806/me.shedaniel.rei.impl.common.registry.displays.ServerDisplayRegistryImpl.lambda$new$3(ServerDisplayRegistryImpl.java:72)
	at TRANSFORMER/architectury@16.1.4/dev.architectury.event.forge.EventHandlerImplCommon.event(EventHandlerImplCommon.java:70)
	at MC-BOOTSTRAP/net.neoforged.bus/net.neoforged.bus.EventBus.post(EventBus.java:350)
	at MC-BOOTSTRAP/net.neoforged.bus/net.neoforged.bus.EventBus.post(EventBus.java:315)
	at TRANSFORMER/neoforge@21.5.55-beta/net.neoforged.neoforge.event.EventHooks.fireServerTickPost(EventHooks.java:1007)
	at TRANSFORMER/minecraft@1.21.5/net.minecraft.server.MinecraftServer.tickServer(MinecraftServer.java:977)
	at TRANSFORMER/minecraft@1.21.5/net.minecraft.client.server.IntegratedServer.tickServer(IntegratedServer.java:108)
	at TRANSFORMER/minecraft@1.21.5/net.minecraft.server.MinecraftServer.runServer(MinecraftServer.java:715)
	at TRANSFORMER/minecraft@1.21.5/net.minecraft.server.MinecraftServer.lambda$spin$2(MinecraftServer.java:276)
	at java.base/java.lang.Thread.run(Thread.java:1583)
[17:44:04] [Server thread/DEBUG] [REI] Failed to encode display: me.shedaniel.rei.plugin.common.displays.crafting.DefaultCustomShapelessDisplay@2b18fcf1
java.lang.IllegalArgumentException: Can't find id for 'Reference{ResourceKey[minecraft:banner_pattern / minecraft:half_vertical]=BannerPattern[assetId=minecraft:half_vertical, translationKey=block.minecraft.banner.half_vertical]}' in map net.minecraft.core.Registry$1@b60427b
	at TRANSFORMER/minecraft@1.21.5/net.minecraft.core.IdMap.getIdOrThrow(IdMap.java:25)
	at TRANSFORMER/minecraft@1.21.5/net.minecraft.network.codec.ByteBufCodecs$30.encode(ByteBufCodecs.java:578)
	at TRANSFORMER/minecraft@1.21.5/net.minecraft.network.codec.ByteBufCodecs$30.encode(ByteBufCodecs.java:563)
	at TRANSFORMER/minecraft@1.21.5/net.minecraft.network.codec.StreamCodec$8.encode(StreamCodec.java:147)
	at TRANSFORMER/minecraft@1.21.5/net.minecraft.network.codec.ByteBufCodecs$24.encode(ByteBufCodecs.java:408)
	at TRANSFORMER/minecraft@1.21.5/net.minecraft.network.codec.ByteBufCodecs$24.encode(ByteBufCodecs.java:392)
	at TRANSFORMER/minecraft@1.21.5/net.minecraft.network.codec.StreamCodec$4.encode(StreamCodec.java:75)
	at TRANSFORMER/minecraft@1.21.5/net.minecraft.core.component.DataComponentPatch$3.encodeComponent(DataComponentPatch.java:147)
	at TRANSFORMER/minecraft@1.21.5/net.minecraft.core.component.DataComponentPatch$3.encode(DataComponentPatch.java:131)
	at TRANSFORMER/minecraft@1.21.5/net.minecraft.core.component.DataComponentPatch$3.encode(DataComponentPatch.java:78)
	at TRANSFORMER/minecraft@1.21.5/net.minecraft.world.item.ItemStack$2.encode(ItemStack.java:204)
	at TRANSFORMER/minecraft@1.21.5/net.minecraft.world.item.ItemStack$2.encode(ItemStack.java:186)
	at TRANSFORMER/minecraft@1.21.5/net.minecraft.network.codec.StreamCodec$4.encode(StreamCodec.java:75)
	at TRANSFORMER/minecraft@1.21.5/net.minecraft.network.codec.StreamCodec$6.encode(StreamCodec.java:110)
	at TRANSFORMER/minecraft@1.21.5/net.minecraft.network.codec.ByteBufCodecs$24.encode(ByteBufCodecs.java:408)
	at TRANSFORMER/minecraft@1.21.5/net.minecraft.network.codec.ByteBufCodecs$24.encode(ByteBufCodecs.java:392)
	at TRANSFORMER/minecraft@1.21.5/net.minecraft.network.codec.StreamCodec$4.encode(StreamCodec.java:75)
	at TRANSFORMER/minecraft@1.21.5/net.minecraft.network.codec.ByteBufCodecs$24.encode(ByteBufCodecs.java:408)
	at TRANSFORMER/minecraft@1.21.5/net.minecraft.network.codec.ByteBufCodecs$24.encode(ByteBufCodecs.java:392)
	at TRANSFORMER/minecraft@1.21.5/net.minecraft.network.codec.StreamCodec$9.encode(StreamCodec.java:173)
	at TRANSFORMER/minecraft@1.21.5/net.minecraft.network.codec.StreamCodec$6.encode(StreamCodec.java:110)
	at TRANSFORMER/roughlyenoughitems@19.0.806/me.shedaniel.rei.impl.common.networking.DisplaySyncPacket$1.encode(DisplaySyncPacket.java:60)
	at TRANSFORMER/roughlyenoughitems@19.0.806/me.shedaniel.rei.impl.common.networking.DisplaySyncPacket$1.encode(DisplaySyncPacket.java:55)
	at TRANSFORMER/minecraft@1.21.5/net.minecraft.network.codec.ByteBufCodecs$24.encode(ByteBufCodecs.java:408)
	at TRANSFORMER/minecraft@1.21.5/net.minecraft.network.codec.ByteBufCodecs$24.encode(ByteBufCodecs.java:392)
	at TRANSFORMER/minecraft@1.21.5/net.minecraft.network.codec.StreamCodec$4.encode(StreamCodec.java:75)
	at TRANSFORMER/minecraft@1.21.5/net.minecraft.network.codec.StreamCodec$9.encode(StreamCodec.java:174)
	at TRANSFORMER/architectury@16.1.4/dev.architectury.impl.NetworkAggregator.collectPackets(NetworkAggregator.java:146)
	at TRANSFORMER/architectury@16.1.4/dev.architectury.networking.NetworkManager.collectPackets(NetworkManager.java:137)
	at TRANSFORMER/roughlyenoughitems@19.0.806/me.shedaniel.rei.impl.common.registry.displays.ServerDisplayRegistryImpl.getUpdatePackets(ServerDisplayRegistryImpl.java:167)
	at TRANSFORMER/roughlyenoughitems@19.0.806/me.shedaniel.rei.impl.common.registry.displays.ServerDisplayRegistryImpl.lambda$updatePlayers$7(ServerDisplayRegistryImpl.java:103)
	at java.base/java.util.HashMap.computeIfAbsent(HashMap.java:1228)
	at TRANSFORMER/roughlyenoughitems@19.0.806/me.shedaniel.rei.impl.common.registry.displays.ServerDisplayRegistryImpl.lambda$updatePlayers$8(ServerDisplayRegistryImpl.java:103)
	at TRANSFORMER/roughlyenoughitems@19.0.806/me.shedaniel.rei.impl.common.registry.displays.ServerDisplayRegistryImpl.updatePlayers(ServerDisplayRegistryImpl.java:131)
	at TRANSFORMER/roughlyenoughitems@19.0.806/me.shedaniel.rei.impl.common.registry.displays.ServerDisplayRegistryImpl.lambda$new$3(ServerDisplayRegistryImpl.java:72)
	at TRANSFORMER/architectury@16.1.4/dev.architectury.event.forge.EventHandlerImplCommon.event(EventHandlerImplCommon.java:70)
	at MC-BOOTSTRAP/net.neoforged.bus/net.neoforged.bus.EventBus.post(EventBus.java:350)
	at MC-BOOTSTRAP/net.neoforged.bus/net.neoforged.bus.EventBus.post(EventBus.java:315)
	at TRANSFORMER/neoforge@21.5.55-beta/net.neoforged.neoforge.event.EventHooks.fireServerTickPost(EventHooks.java:1007)
	at TRANSFORMER/minecraft@1.21.5/net.minecraft.server.MinecraftServer.tickServer(MinecraftServer.java:977)
	at TRANSFORMER/minecraft@1.21.5/net.minecraft.client.server.IntegratedServer.tickServer(IntegratedServer.java:108)
	at TRANSFORMER/minecraft@1.21.5/net.minecraft.server.MinecraftServer.runServer(MinecraftServer.java:715)
	at TRANSFORMER/minecraft@1.21.5/net.minecraft.server.MinecraftServer.lambda$spin$2(MinecraftServer.java:276)
	at java.base/java.lang.Thread.run(Thread.java:1583)
[17:44:04] [Server thread/DEBUG] [REI] Failed to encode display: me.shedaniel.rei.plugin.common.displays.crafting.DefaultCustomShapelessDisplay@201521dc
java.lang.IllegalArgumentException: Can't find id for 'Reference{ResourceKey[minecraft:banner_pattern / minecraft:gradient]=BannerPattern[assetId=minecraft:gradient, translationKey=block.minecraft.banner.gradient]}' in map net.minecraft.core.Registry$1@6b3a1e6a
	at TRANSFORMER/minecraft@1.21.5/net.minecraft.core.IdMap.getIdOrThrow(IdMap.java:25)
	at TRANSFORMER/minecraft@1.21.5/net.minecraft.network.codec.ByteBufCodecs$30.encode(ByteBufCodecs.java:578)
	at TRANSFORMER/minecraft@1.21.5/net.minecraft.network.codec.ByteBufCodecs$30.encode(ByteBufCodecs.java:563)
	at TRANSFORMER/minecraft@1.21.5/net.minecraft.network.codec.StreamCodec$8.encode(StreamCodec.java:147)
	at TRANSFORMER/minecraft@1.21.5/net.minecraft.network.codec.ByteBufCodecs$24.encode(ByteBufCodecs.java:408)
	at TRANSFORMER/minecraft@1.21.5/net.minecraft.network.codec.ByteBufCodecs$24.encode(ByteBufCodecs.java:392)
	at TRANSFORMER/minecraft@1.21.5/net.minecraft.network.codec.StreamCodec$4.encode(StreamCodec.java:75)
	at TRANSFORMER/minecraft@1.21.5/net.minecraft.core.component.DataComponentPatch$3.encodeComponent(DataComponentPatch.java:147)
	at TRANSFORMER/minecraft@1.21.5/net.minecraft.core.component.DataComponentPatch$3.encode(DataComponentPatch.java:131)
	at TRANSFORMER/minecraft@1.21.5/net.minecraft.core.component.DataComponentPatch$3.encode(DataComponentPatch.java:78)
	at TRANSFORMER/minecraft@1.21.5/net.minecraft.world.item.ItemStack$2.encode(ItemStack.java:204)
	at TRANSFORMER/minecraft@1.21.5/net.minecraft.world.item.ItemStack$2.encode(ItemStack.java:186)
	at TRANSFORMER/minecraft@1.21.5/net.minecraft.network.codec.StreamCodec$4.encode(StreamCodec.java:75)
	at TRANSFORMER/minecraft@1.21.5/net.minecraft.network.codec.StreamCodec$6.encode(StreamCodec.java:110)
	at TRANSFORMER/minecraft@1.21.5/net.minecraft.network.codec.ByteBufCodecs$24.encode(ByteBufCodecs.java:408)
	at TRANSFORMER/minecraft@1.21.5/net.minecraft.network.codec.ByteBufCodecs$24.encode(ByteBufCodecs.java:392)
	at TRANSFORMER/minecraft@1.21.5/net.minecraft.network.codec.StreamCodec$4.encode(StreamCodec.java:75)
	at TRANSFORMER/minecraft@1.21.5/net.minecraft.network.codec.ByteBufCodecs$24.encode(ByteBufCodecs.java:408)
	at TRANSFORMER/minecraft@1.21.5/net.minecraft.network.codec.ByteBufCodecs$24.encode(ByteBufCodecs.java:392)
	at TRANSFORMER/minecraft@1.21.5/net.minecraft.network.codec.StreamCodec$9.encode(StreamCodec.java:173)
	at TRANSFORMER/minecraft@1.21.5/net.minecraft.network.codec.StreamCodec$6.encode(StreamCodec.java:110)
	at TRANSFORMER/roughlyenoughitems@19.0.806/me.shedaniel.rei.impl.common.networking.DisplaySyncPacket$1.encode(DisplaySyncPacket.java:60)
	at TRANSFORMER/roughlyenoughitems@19.0.806/me.shedaniel.rei.impl.common.networking.DisplaySyncPacket$1.encode(DisplaySyncPacket.java:55)
	at TRANSFORMER/minecraft@1.21.5/net.minecraft.network.codec.ByteBufCodecs$24.encode(ByteBufCodecs.java:408)
	at TRANSFORMER/minecraft@1.21.5/net.minecraft.network.codec.ByteBufCodecs$24.encode(ByteBufCodecs.java:392)
	at TRANSFORMER/minecraft@1.21.5/net.minecraft.network.codec.StreamCodec$4.encode(StreamCodec.java:75)
	at TRANSFORMER/minecraft@1.21.5/net.minecraft.network.codec.StreamCodec$9.encode(StreamCodec.java:174)
	at TRANSFORMER/architectury@16.1.4/dev.architectury.impl.NetworkAggregator.collectPackets(NetworkAggregator.java:146)
	at TRANSFORMER/architectury@16.1.4/dev.architectury.networking.NetworkManager.collectPackets(NetworkManager.java:137)
	at TRANSFORMER/roughlyenoughitems@19.0.806/me.shedaniel.rei.impl.common.registry.displays.ServerDisplayRegistryImpl.getUpdatePackets(ServerDisplayRegistryImpl.java:167)
	at TRANSFORMER/roughlyenoughitems@19.0.806/me.shedaniel.rei.impl.common.registry.displays.ServerDisplayRegistryImpl.lambda$updatePlayers$7(ServerDisplayRegistryImpl.java:103)
	at java.base/java.util.HashMap.computeIfAbsent(HashMap.java:1228)
	at TRANSFORMER/roughlyenoughitems@19.0.806/me.shedaniel.rei.impl.common.registry.displays.ServerDisplayRegistryImpl.lambda$updatePlayers$8(ServerDisplayRegistryImpl.java:103)
	at TRANSFORMER/roughlyenoughitems@19.0.806/me.shedaniel.rei.impl.common.registry.displays.ServerDisplayRegistryImpl.updatePlayers(ServerDisplayRegistryImpl.java:131)
	at TRANSFORMER/roughlyenoughitems@19.0.806/me.shedaniel.rei.impl.common.registry.displays.ServerDisplayRegistryImpl.lambda$new$3(ServerDisplayRegistryImpl.java:72)
	at TRANSFORMER/architectury@16.1.4/dev.architectury.event.forge.EventHandlerImplCommon.event(EventHandlerImplCommon.java:70)
	at MC-BOOTSTRAP/net.neoforged.bus/net.neoforged.bus.EventBus.post(EventBus.java:350)
	at MC-BOOTSTRAP/net.neoforged.bus/net.neoforged.bus.EventBus.post(EventBus.java:315)
	at TRANSFORMER/neoforge@21.5.55-beta/net.neoforged.neoforge.event.EventHooks.fireServerTickPost(EventHooks.java:1007)
	at TRANSFORMER/minecraft@1.21.5/net.minecraft.server.MinecraftServer.tickServer(MinecraftServer.java:977)
	at TRANSFORMER/minecraft@1.21.5/net.minecraft.client.server.IntegratedServer.tickServer(IntegratedServer.java:108)
	at TRANSFORMER/minecraft@1.21.5/net.minecraft.server.MinecraftServer.runServer(MinecraftServer.java:715)
	at TRANSFORMER/minecraft@1.21.5/net.minecraft.server.MinecraftServer.lambda$spin$2(MinecraftServer.java:276)
	at java.base/java.lang.Thread.run(Thread.java:1583)
[17:44:04] [Server thread/DEBUG] [REI] Failed to encode display: me.shedaniel.rei.plugin.common.displays.crafting.DefaultCustomShapelessDisplay@22e29d40
java.lang.IllegalArgumentException: Can't find id for 'Reference{ResourceKey[minecraft:banner_pattern / minecraft:gradient_up]=BannerPattern[assetId=minecraft:gradient_up, translationKey=block.minecraft.banner.gradient_up]}' in map net.minecraft.core.Registry$1@1eaab7a8
	at TRANSFORMER/minecraft@1.21.5/net.minecraft.core.IdMap.getIdOrThrow(IdMap.java:25)
	at TRANSFORMER/minecraft@1.21.5/net.minecraft.network.codec.ByteBufCodecs$30.encode(ByteBufCodecs.java:578)
	at TRANSFORMER/minecraft@1.21.5/net.minecraft.network.codec.ByteBufCodecs$30.encode(ByteBufCodecs.java:563)
	at TRANSFORMER/minecraft@1.21.5/net.minecraft.network.codec.StreamCodec$8.encode(StreamCodec.java:147)
	at TRANSFORMER/minecraft@1.21.5/net.minecraft.network.codec.ByteBufCodecs$24.encode(ByteBufCodecs.java:408)
	at TRANSFORMER/minecraft@1.21.5/net.minecraft.network.codec.ByteBufCodecs$24.encode(ByteBufCodecs.java:392)
	at TRANSFORMER/minecraft@1.21.5/net.minecraft.network.codec.StreamCodec$4.encode(StreamCodec.java:75)
	at TRANSFORMER/minecraft@1.21.5/net.minecraft.core.component.DataComponentPatch$3.encodeComponent(DataComponentPatch.java:147)
	at TRANSFORMER/minecraft@1.21.5/net.minecraft.core.component.DataComponentPatch$3.encode(DataComponentPatch.java:131)
	at TRANSFORMER/minecraft@1.21.5/net.minecraft.core.component.DataComponentPatch$3.encode(DataComponentPatch.java:78)
	at TRANSFORMER/minecraft@1.21.5/net.minecraft.world.item.ItemStack$2.encode(ItemStack.java:204)
	at TRANSFORMER/minecraft@1.21.5/net.minecraft.world.item.ItemStack$2.encode(ItemStack.java:186)
	at TRANSFORMER/minecraft@1.21.5/net.minecraft.network.codec.StreamCodec$4.encode(StreamCodec.java:75)
	at TRANSFORMER/minecraft@1.21.5/net.minecraft.network.codec.StreamCodec$6.encode(StreamCodec.java:110)
	at TRANSFORMER/minecraft@1.21.5/net.minecraft.network.codec.ByteBufCodecs$24.encode(ByteBufCodecs.java:408)
	at TRANSFORMER/minecraft@1.21.5/net.minecraft.network.codec.ByteBufCodecs$24.encode(ByteBufCodecs.java:392)
	at TRANSFORMER/minecraft@1.21.5/net.minecraft.network.codec.StreamCodec$4.encode(StreamCodec.java:75)
	at TRANSFORMER/minecraft@1.21.5/net.minecraft.network.codec.ByteBufCodecs$24.encode(ByteBufCodecs.java:408)
	at TRANSFORMER/minecraft@1.21.5/net.minecraft.network.codec.ByteBufCodecs$24.encode(ByteBufCodecs.java:392)
	at TRANSFORMER/minecraft@1.21.5/net.minecraft.network.codec.StreamCodec$9.encode(StreamCodec.java:173)
	at TRANSFORMER/minecraft@1.21.5/net.minecraft.network.codec.StreamCodec$6.encode(StreamCodec.java:110)
	at TRANSFORMER/roughlyenoughitems@19.0.806/me.shedaniel.rei.impl.common.networking.DisplaySyncPacket$1.encode(DisplaySyncPacket.java:60)
	at TRANSFORMER/roughlyenoughitems@19.0.806/me.shedaniel.rei.impl.common.networking.DisplaySyncPacket$1.encode(DisplaySyncPacket.java:55)
	at TRANSFORMER/minecraft@1.21.5/net.minecraft.network.codec.ByteBufCodecs$24.encode(ByteBufCodecs.java:408)
	at TRANSFORMER/minecraft@1.21.5/net.minecraft.network.codec.ByteBufCodecs$24.encode(ByteBufCodecs.java:392)
	at TRANSFORMER/minecraft@1.21.5/net.minecraft.network.codec.StreamCodec$4.encode(StreamCodec.java:75)
	at TRANSFORMER/minecraft@1.21.5/net.minecraft.network.codec.StreamCodec$9.encode(StreamCodec.java:174)
	at TRANSFORMER/architectury@16.1.4/dev.architectury.impl.NetworkAggregator.collectPackets(NetworkAggregator.java:146)
	at TRANSFORMER/architectury@16.1.4/dev.architectury.networking.NetworkManager.collectPackets(NetworkManager.java:137)
	at TRANSFORMER/roughlyenoughitems@19.0.806/me.shedaniel.rei.impl.common.registry.displays.ServerDisplayRegistryImpl.getUpdatePackets(ServerDisplayRegistryImpl.java:167)
	at TRANSFORMER/roughlyenoughitems@19.0.806/me.shedaniel.rei.impl.common.registry.displays.ServerDisplayRegistryImpl.lambda$updatePlayers$7(ServerDisplayRegistryImpl.java:103)
	at java.base/java.util.HashMap.computeIfAbsent(HashMap.java:1228)
	at TRANSFORMER/roughlyenoughitems@19.0.806/me.shedaniel.rei.impl.common.registry.displays.ServerDisplayRegistryImpl.lambda$updatePlayers$8(ServerDisplayRegistryImpl.java:103)
	at TRANSFORMER/roughlyenoughitems@19.0.806/me.shedaniel.rei.impl.common.registry.displays.ServerDisplayRegistryImpl.updatePlayers(ServerDisplayRegistryImpl.java:131)
	at TRANSFORMER/roughlyenoughitems@19.0.806/me.shedaniel.rei.impl.common.registry.displays.ServerDisplayRegistryImpl.lambda$new$3(ServerDisplayRegistryImpl.java:72)
	at TRANSFORMER/architectury@16.1.4/dev.architectury.event.forge.EventHandlerImplCommon.event(EventHandlerImplCommon.java:70)
	at MC-BOOTSTRAP/net.neoforged.bus/net.neoforged.bus.EventBus.post(EventBus.java:350)
	at MC-BOOTSTRAP/net.neoforged.bus/net.neoforged.bus.EventBus.post(EventBus.java:315)
	at TRANSFORMER/neoforge@21.5.55-beta/net.neoforged.neoforge.event.EventHooks.fireServerTickPost(EventHooks.java:1007)
	at TRANSFORMER/minecraft@1.21.5/net.minecraft.server.MinecraftServer.tickServer(MinecraftServer.java:977)
	at TRANSFORMER/minecraft@1.21.5/net.minecraft.client.server.IntegratedServer.tickServer(IntegratedServer.java:108)
	at TRANSFORMER/minecraft@1.21.5/net.minecraft.server.MinecraftServer.runServer(MinecraftServer.java:715)
	at TRANSFORMER/minecraft@1.21.5/net.minecraft.server.MinecraftServer.lambda$spin$2(MinecraftServer.java:276)
	at java.base/java.lang.Thread.run(Thread.java:1583)
[17:44:04] [Server thread/DEBUG] [REI] Failed to encode display: me.shedaniel.rei.plugin.common.displays.crafting.DefaultCustomShapelessDisplay@4178799d
java.lang.IllegalArgumentException: Can't find id for 'Reference{ResourceKey[minecraft:banner_pattern / minecraft:diagonal_up_left]=BannerPattern[assetId=minecraft:diagonal_up_left, translationKey=block.minecraft.banner.diagonal_up_left]}' in map net.minecraft.core.Registry$1@25c56801
	at TRANSFORMER/minecraft@1.21.5/net.minecraft.core.IdMap.getIdOrThrow(IdMap.java:25)
	at TRANSFORMER/minecraft@1.21.5/net.minecraft.network.codec.ByteBufCodecs$30.encode(ByteBufCodecs.java:578)
	at TRANSFORMER/minecraft@1.21.5/net.minecraft.network.codec.ByteBufCodecs$30.encode(ByteBufCodecs.java:563)
	at TRANSFORMER/minecraft@1.21.5/net.minecraft.network.codec.StreamCodec$8.encode(StreamCodec.java:147)
	at TRANSFORMER/minecraft@1.21.5/net.minecraft.network.codec.ByteBufCodecs$24.encode(ByteBufCodecs.java:408)
	at TRANSFORMER/minecraft@1.21.5/net.minecraft.network.codec.ByteBufCodecs$24.encode(ByteBufCodecs.java:392)
	at TRANSFORMER/minecraft@1.21.5/net.minecraft.network.codec.StreamCodec$4.encode(StreamCodec.java:75)
	at TRANSFORMER/minecraft@1.21.5/net.minecraft.core.component.DataComponentPatch$3.encodeComponent(DataComponentPatch.java:147)
	at TRANSFORMER/minecraft@1.21.5/net.minecraft.core.component.DataComponentPatch$3.encode(DataComponentPatch.java:131)
	at TRANSFORMER/minecraft@1.21.5/net.minecraft.core.component.DataComponentPatch$3.encode(DataComponentPatch.java:78)
	at TRANSFORMER/minecraft@1.21.5/net.minecraft.world.item.ItemStack$2.encode(ItemStack.java:204)
	at TRANSFORMER/minecraft@1.21.5/net.minecraft.world.item.ItemStack$2.encode(ItemStack.java:186)
	at TRANSFORMER/minecraft@1.21.5/net.minecraft.network.codec.StreamCodec$4.encode(StreamCodec.java:75)
	at TRANSFORMER/minecraft@1.21.5/net.minecraft.network.codec.StreamCodec$6.encode(StreamCodec.java:110)
	at TRANSFORMER/minecraft@1.21.5/net.minecraft.network.codec.ByteBufCodecs$24.encode(ByteBufCodecs.java:408)
	at TRANSFORMER/minecraft@1.21.5/net.minecraft.network.codec.ByteBufCodecs$24.encode(ByteBufCodecs.java:392)
	at TRANSFORMER/minecraft@1.21.5/net.minecraft.network.codec.StreamCodec$4.encode(StreamCodec.java:75)
	at TRANSFORMER/minecraft@1.21.5/net.minecraft.network.codec.ByteBufCodecs$24.encode(ByteBufCodecs.java:408)
	at TRANSFORMER/minecraft@1.21.5/net.minecraft.network.codec.ByteBufCodecs$24.encode(ByteBufCodecs.java:392)
	at TRANSFORMER/minecraft@1.21.5/net.minecraft.network.codec.StreamCodec$9.encode(StreamCodec.java:173)
	at TRANSFORMER/minecraft@1.21.5/net.minecraft.network.codec.StreamCodec$6.encode(StreamCodec.java:110)
	at TRANSFORMER/roughlyenoughitems@19.0.806/me.shedaniel.rei.impl.common.networking.DisplaySyncPacket$1.encode(DisplaySyncPacket.java:60)
	at TRANSFORMER/roughlyenoughitems@19.0.806/me.shedaniel.rei.impl.common.networking.DisplaySyncPacket$1.encode(DisplaySyncPacket.java:55)
	at TRANSFORMER/minecraft@1.21.5/net.minecraft.network.codec.ByteBufCodecs$24.encode(ByteBufCodecs.java:408)
	at TRANSFORMER/minecraft@1.21.5/net.minecraft.network.codec.ByteBufCodecs$24.encode(ByteBufCodecs.java:392)
	at TRANSFORMER/minecraft@1.21.5/net.minecraft.network.codec.StreamCodec$4.encode(StreamCodec.java:75)
	at TRANSFORMER/minecraft@1.21.5/net.minecraft.network.codec.StreamCodec$9.encode(StreamCodec.java:174)
	at TRANSFORMER/architectury@16.1.4/dev.architectury.impl.NetworkAggregator.collectPackets(NetworkAggregator.java:146)
	at TRANSFORMER/architectury@16.1.4/dev.architectury.networking.NetworkManager.collectPackets(NetworkManager.java:137)
	at TRANSFORMER/roughlyenoughitems@19.0.806/me.shedaniel.rei.impl.common.registry.displays.ServerDisplayRegistryImpl.getUpdatePackets(ServerDisplayRegistryImpl.java:167)
	at TRANSFORMER/roughlyenoughitems@19.0.806/me.shedaniel.rei.impl.common.registry.displays.ServerDisplayRegistryImpl.lambda$updatePlayers$7(ServerDisplayRegistryImpl.java:103)
	at java.base/java.util.HashMap.computeIfAbsent(HashMap.java:1228)
	at TRANSFORMER/roughlyenoughitems@19.0.806/me.shedaniel.rei.impl.common.registry.displays.ServerDisplayRegistryImpl.lambda$updatePlayers$8(ServerDisplayRegistryImpl.java:103)
	at TRANSFORMER/roughlyenoughitems@19.0.806/me.shedaniel.rei.impl.common.registry.displays.ServerDisplayRegistryImpl.updatePlayers(ServerDisplayRegistryImpl.java:131)
	at TRANSFORMER/roughlyenoughitems@19.0.806/me.shedaniel.rei.impl.common.registry.displays.ServerDisplayRegistryImpl.lambda$new$3(ServerDisplayRegistryImpl.java:72)
	at TRANSFORMER/architectury@16.1.4/dev.architectury.event.forge.EventHandlerImplCommon.event(EventHandlerImplCommon.java:70)
	at MC-BOOTSTRAP/net.neoforged.bus/net.neoforged.bus.EventBus.post(EventBus.java:350)
	at MC-BOOTSTRAP/net.neoforged.bus/net.neoforged.bus.EventBus.post(EventBus.java:315)
	at TRANSFORMER/neoforge@21.5.55-beta/net.neoforged.neoforge.event.EventHooks.fireServerTickPost(EventHooks.java:1007)
	at TRANSFORMER/minecraft@1.21.5/net.minecraft.server.MinecraftServer.tickServer(MinecraftServer.java:977)
	at TRANSFORMER/minecraft@1.21.5/net.minecraft.client.server.IntegratedServer.tickServer(IntegratedServer.java:108)
	at TRANSFORMER/minecraft@1.21.5/net.minecraft.server.MinecraftServer.runServer(MinecraftServer.java:715)
	at TRANSFORMER/minecraft@1.21.5/net.minecraft.server.MinecraftServer.lambda$spin$2(MinecraftServer.java:276)
	at java.base/java.lang.Thread.run(Thread.java:1583)
[17:44:04] [Server thread/DEBUG] [REI] Failed to encode display: me.shedaniel.rei.plugin.common.displays.crafting.DefaultCustomShapelessDisplay@2338cc3
java.lang.IllegalArgumentException: Can't find id for 'Reference{ResourceKey[minecraft:banner_pattern / minecraft:triangles_bottom]=BannerPattern[assetId=minecraft:triangles_bottom, translationKey=block.minecraft.banner.triangles_bottom]}' in map net.minecraft.core.Registry$1@7b396b1d
	at TRANSFORMER/minecraft@1.21.5/net.minecraft.core.IdMap.getIdOrThrow(IdMap.java:25)
	at TRANSFORMER/minecraft@1.21.5/net.minecraft.network.codec.ByteBufCodecs$30.encode(ByteBufCodecs.java:578)
	at TRANSFORMER/minecraft@1.21.5/net.minecraft.network.codec.ByteBufCodecs$30.encode(ByteBufCodecs.java:563)
	at TRANSFORMER/minecraft@1.21.5/net.minecraft.network.codec.StreamCodec$8.encode(StreamCodec.java:147)
	at TRANSFORMER/minecraft@1.21.5/net.minecraft.network.codec.ByteBufCodecs$24.encode(ByteBufCodecs.java:408)
	at TRANSFORMER/minecraft@1.21.5/net.minecraft.network.codec.ByteBufCodecs$24.encode(ByteBufCodecs.java:392)
	at TRANSFORMER/minecraft@1.21.5/net.minecraft.network.codec.StreamCodec$4.encode(StreamCodec.java:75)
	at TRANSFORMER/minecraft@1.21.5/net.minecraft.core.component.DataComponentPatch$3.encodeComponent(DataComponentPatch.java:147)
	at TRANSFORMER/minecraft@1.21.5/net.minecraft.core.component.DataComponentPatch$3.encode(DataComponentPatch.java:131)
	at TRANSFORMER/minecraft@1.21.5/net.minecraft.core.component.DataComponentPatch$3.encode(DataComponentPatch.java:78)
	at TRANSFORMER/minecraft@1.21.5/net.minecraft.world.item.ItemStack$2.encode(ItemStack.java:204)
	at TRANSFORMER/minecraft@1.21.5/net.minecraft.world.item.ItemStack$2.encode(ItemStack.java:186)
	at TRANSFORMER/minecraft@1.21.5/net.minecraft.network.codec.StreamCodec$4.encode(StreamCodec.java:75)
	at TRANSFORMER/minecraft@1.21.5/net.minecraft.network.codec.StreamCodec$6.encode(StreamCodec.java:110)
	at TRANSFORMER/minecraft@1.21.5/net.minecraft.network.codec.ByteBufCodecs$24.encode(ByteBufCodecs.java:408)
	at TRANSFORMER/minecraft@1.21.5/net.minecraft.network.codec.ByteBufCodecs$24.encode(ByteBufCodecs.java:392)
	at TRANSFORMER/minecraft@1.21.5/net.minecraft.network.codec.StreamCodec$4.encode(StreamCodec.java:75)
	at TRANSFORMER/minecraft@1.21.5/net.minecraft.network.codec.ByteBufCodecs$24.encode(ByteBufCodecs.java:408)
	at TRANSFORMER/minecraft@1.21.5/net.minecraft.network.codec.ByteBufCodecs$24.encode(ByteBufCodecs.java:392)
	at TRANSFORMER/minecraft@1.21.5/net.minecraft.network.codec.StreamCodec$9.encode(StreamCodec.java:173)
	at TRANSFORMER/minecraft@1.21.5/net.minecraft.network.codec.StreamCodec$6.encode(StreamCodec.java:110)
	at TRANSFORMER/roughlyenoughitems@19.0.806/me.shedaniel.rei.impl.common.networking.DisplaySyncPacket$1.encode(DisplaySyncPacket.java:60)
	at TRANSFORMER/roughlyenoughitems@19.0.806/me.shedaniel.rei.impl.common.networking.DisplaySyncPacket$1.encode(DisplaySyncPacket.java:55)
	at TRANSFORMER/minecraft@1.21.5/net.minecraft.network.codec.ByteBufCodecs$24.encode(ByteBufCodecs.java:408)
	at TRANSFORMER/minecraft@1.21.5/net.minecraft.network.codec.ByteBufCodecs$24.encode(ByteBufCodecs.java:392)
	at TRANSFORMER/minecraft@1.21.5/net.minecraft.network.codec.StreamCodec$4.encode(StreamCodec.java:75)
	at TRANSFORMER/minecraft@1.21.5/net.minecraft.network.codec.StreamCodec$9.encode(StreamCodec.java:174)
	at TRANSFORMER/architectury@16.1.4/dev.architectury.impl.NetworkAggregator.collectPackets(NetworkAggregator.java:146)
	at TRANSFORMER/architectury@16.1.4/dev.architectury.networking.NetworkManager.collectPackets(NetworkManager.java:137)
	at TRANSFORMER/roughlyenoughitems@19.0.806/me.shedaniel.rei.impl.common.registry.displays.ServerDisplayRegistryImpl.getUpdatePackets(ServerDisplayRegistryImpl.java:167)
	at TRANSFORMER/roughlyenoughitems@19.0.806/me.shedaniel.rei.impl.common.registry.displays.ServerDisplayRegistryImpl.lambda$updatePlayers$7(ServerDisplayRegistryImpl.java:103)
	at java.base/java.util.HashMap.computeIfAbsent(HashMap.java:1228)
	at TRANSFORMER/roughlyenoughitems@19.0.806/me.shedaniel.rei.impl.common.registry.displays.ServerDisplayRegistryImpl.lambda$updatePlayers$8(ServerDisplayRegistryImpl.java:103)
	at TRANSFORMER/roughlyenoughitems@19.0.806/me.shedaniel.rei.impl.common.registry.displays.ServerDisplayRegistryImpl.updatePlayers(ServerDisplayRegistryImpl.java:131)
	at TRANSFORMER/roughlyenoughitems@19.0.806/me.shedaniel.rei.impl.common.registry.displays.ServerDisplayRegistryImpl.lambda$new$3(ServerDisplayRegistryImpl.java:72)
	at TRANSFORMER/architectury@16.1.4/dev.architectury.event.forge.EventHandlerImplCommon.event(EventHandlerImplCommon.java:70)
	at MC-BOOTSTRAP/net.neoforged.bus/net.neoforged.bus.EventBus.post(EventBus.java:350)
	at MC-BOOTSTRAP/net.neoforged.bus/net.neoforged.bus.EventBus.post(EventBus.java:315)
	at TRANSFORMER/neoforge@21.5.55-beta/net.neoforged.neoforge.event.EventHooks.fireServerTickPost(EventHooks.java:1007)
	at TRANSFORMER/minecraft@1.21.5/net.minecraft.server.MinecraftServer.tickServer(MinecraftServer.java:977)
	at TRANSFORMER/minecraft@1.21.5/net.minecraft.client.server.IntegratedServer.tickServer(IntegratedServer.java:108)
	at TRANSFORMER/minecraft@1.21.5/net.minecraft.server.MinecraftServer.runServer(MinecraftServer.java:715)
	at TRANSFORMER/minecraft@1.21.5/net.minecraft.server.MinecraftServer.lambda$spin$2(MinecraftServer.java:276)
	at java.base/java.lang.Thread.run(Thread.java:1583)
[17:44:04] [Server thread/DEBUG] [REI] Failed to encode display: me.shedaniel.rei.plugin.common.displays.crafting.DefaultCustomShapelessDisplay@1143b639
java.lang.IllegalArgumentException: Can't find id for 'Reference{ResourceKey[minecraft:banner_pattern / minecraft:diagonal_up_right]=BannerPattern[assetId=minecraft:diagonal_up_right, translationKey=block.minecraft.banner.diagonal_up_right]}' in map net.minecraft.core.Registry$1@54433e55
	at TRANSFORMER/minecraft@1.21.5/net.minecraft.core.IdMap.getIdOrThrow(IdMap.java:25)
	at TRANSFORMER/minecraft@1.21.5/net.minecraft.network.codec.ByteBufCodecs$30.encode(ByteBufCodecs.java:578)
	at TRANSFORMER/minecraft@1.21.5/net.minecraft.network.codec.ByteBufCodecs$30.encode(ByteBufCodecs.java:563)
	at TRANSFORMER/minecraft@1.21.5/net.minecraft.network.codec.StreamCodec$8.encode(StreamCodec.java:147)
	at TRANSFORMER/minecraft@1.21.5/net.minecraft.network.codec.ByteBufCodecs$24.encode(ByteBufCodecs.java:408)
	at TRANSFORMER/minecraft@1.21.5/net.minecraft.network.codec.ByteBufCodecs$24.encode(ByteBufCodecs.java:392)
	at TRANSFORMER/minecraft@1.21.5/net.minecraft.network.codec.StreamCodec$4.encode(StreamCodec.java:75)
	at TRANSFORMER/minecraft@1.21.5/net.minecraft.core.component.DataComponentPatch$3.encodeComponent(DataComponentPatch.java:147)
	at TRANSFORMER/minecraft@1.21.5/net.minecraft.core.component.DataComponentPatch$3.encode(DataComponentPatch.java:131)
	at TRANSFORMER/minecraft@1.21.5/net.minecraft.core.component.DataComponentPatch$3.encode(DataComponentPatch.java:78)
	at TRANSFORMER/minecraft@1.21.5/net.minecraft.world.item.ItemStack$2.encode(ItemStack.java:204)
	at TRANSFORMER/minecraft@1.21.5/net.minecraft.world.item.ItemStack$2.encode(ItemStack.java:186)
	at TRANSFORMER/minecraft@1.21.5/net.minecraft.network.codec.StreamCodec$4.encode(StreamCodec.java:75)
	at TRANSFORMER/minecraft@1.21.5/net.minecraft.network.codec.StreamCodec$6.encode(StreamCodec.java:110)
	at TRANSFORMER/minecraft@1.21.5/net.minecraft.network.codec.ByteBufCodecs$24.encode(ByteBufCodecs.java:408)
	at TRANSFORMER/minecraft@1.21.5/net.minecraft.network.codec.ByteBufCodecs$24.encode(ByteBufCodecs.java:392)
	at TRANSFORMER/minecraft@1.21.5/net.minecraft.network.codec.StreamCodec$4.encode(StreamCodec.java:75)
	at TRANSFORMER/minecraft@1.21.5/net.minecraft.network.codec.ByteBufCodecs$24.encode(ByteBufCodecs.java:408)
	at TRANSFORMER/minecraft@1.21.5/net.minecraft.network.codec.ByteBufCodecs$24.encode(ByteBufCodecs.java:392)
	at TRANSFORMER/minecraft@1.21.5/net.minecraft.network.codec.StreamCodec$9.encode(StreamCodec.java:173)
	at TRANSFORMER/minecraft@1.21.5/net.minecraft.network.codec.StreamCodec$6.encode(StreamCodec.java:110)
	at TRANSFORMER/roughlyenoughitems@19.0.806/me.shedaniel.rei.impl.common.networking.DisplaySyncPacket$1.encode(DisplaySyncPacket.java:60)
	at TRANSFORMER/roughlyenoughitems@19.0.806/me.shedaniel.rei.impl.common.networking.DisplaySyncPacket$1.encode(DisplaySyncPacket.java:55)
	at TRANSFORMER/minecraft@1.21.5/net.minecraft.network.codec.ByteBufCodecs$24.encode(ByteBufCodecs.java:408)
	at TRANSFORMER/minecraft@1.21.5/net.minecraft.network.codec.ByteBufCodecs$24.encode(ByteBufCodecs.java:392)
	at TRANSFORMER/minecraft@1.21.5/net.minecraft.network.codec.StreamCodec$4.encode(StreamCodec.java:75)
	at TRANSFORMER/minecraft@1.21.5/net.minecraft.network.codec.StreamCodec$9.encode(StreamCodec.java:174)
	at TRANSFORMER/architectury@16.1.4/dev.architectury.impl.NetworkAggregator.collectPackets(NetworkAggregator.java:146)
	at TRANSFORMER/architectury@16.1.4/dev.architectury.networking.NetworkManager.collectPackets(NetworkManager.java:137)
	at TRANSFORMER/roughlyenoughitems@19.0.806/me.shedaniel.rei.impl.common.registry.displays.ServerDisplayRegistryImpl.getUpdatePackets(ServerDisplayRegistryImpl.java:167)
	at TRANSFORMER/roughlyenoughitems@19.0.806/me.shedaniel.rei.impl.common.registry.displays.ServerDisplayRegistryImpl.lambda$updatePlayers$7(ServerDisplayRegistryImpl.java:103)
	at java.base/java.util.HashMap.computeIfAbsent(HashMap.java:1228)
	at TRANSFORMER/roughlyenoughitems@19.0.806/me.shedaniel.rei.impl.common.registry.displays.ServerDisplayRegistryImpl.lambda$updatePlayers$8(ServerDisplayRegistryImpl.java:103)
	at TRANSFORMER/roughlyenoughitems@19.0.806/me.shedaniel.rei.impl.common.registry.displays.ServerDisplayRegistryImpl.updatePlayers(ServerDisplayRegistryImpl.java:131)
	at TRANSFORMER/roughlyenoughitems@19.0.806/me.shedaniel.rei.impl.common.registry.displays.ServerDisplayRegistryImpl.lambda$new$3(ServerDisplayRegistryImpl.java:72)
	at TRANSFORMER/architectury@16.1.4/dev.architectury.event.forge.EventHandlerImplCommon.event(EventHandlerImplCommon.java:70)
	at MC-BOOTSTRAP/net.neoforged.bus/net.neoforged.bus.EventBus.post(EventBus.java:350)
	at MC-BOOTSTRAP/net.neoforged.bus/net.neoforged.bus.EventBus.post(EventBus.java:315)
	at TRANSFORMER/neoforge@21.5.55-beta/net.neoforged.neoforge.event.EventHooks.fireServerTickPost(EventHooks.java:1007)
	at TRANSFORMER/minecraft@1.21.5/net.minecraft.server.MinecraftServer.tickServer(MinecraftServer.java:977)
	at TRANSFORMER/minecraft@1.21.5/net.minecraft.client.server.IntegratedServer.tickServer(IntegratedServer.java:108)
	at TRANSFORMER/minecraft@1.21.5/net.minecraft.server.MinecraftServer.runServer(MinecraftServer.java:715)
	at TRANSFORMER/minecraft@1.21.5/net.minecraft.server.MinecraftServer.lambda$spin$2(MinecraftServer.java:276)
	at java.base/java.lang.Thread.run(Thread.java:1583)
[17:44:04] [Render thread/INFO] [REI] [REI Server Display Sync] Received server's request to append 1761 recipes.
[17:44:05] [Render thread/WARN] [REI] Detected runtime DisplayRegistry modification, this can be extremely dangerous!
[17:44:05] [Render thread/DEBUG] [REI] Detected runtime DisplayRegistry modification, this can be extremely dangerous!
java.lang.Throwable
	at TRANSFORMER/roughlyenoughitems@19.0.806/me.shedaniel.rei.impl.client.registry.display.DisplayRegistryImpl.add(DisplayRegistryImpl.java:97)
	at TRANSFORMER/roughlyenoughitems@19.0.806/me.shedaniel.rei.impl.common.networking.DisplaySyncPacket.lambda$handle$3(DisplaySyncPacket.java:118)
	at TRANSFORMER/roughlyenoughitems@19.0.806/me.shedaniel.rei.impl.client.registry.display.DisplayRegistryImpl.lambda$new$0(DisplayRegistryImpl.java:72)
	at java.base/java.lang.invoke.MethodHandle.invokeWithArguments(MethodHandle.java:733)
	at TRANSFORMER/architectury@16.1.4/dev.architectury.event.EventFactory.invokeMethod(EventFactory.java:54)
	at TRANSFORMER/architectury@16.1.4/dev.architectury.event.EventFactory$1.handleInvocation(EventFactory.java:63)
	at MC-BOOTSTRAP/com.google.common@33.3.1-jre/com.google.common.reflect.AbstractInvocationHandler.invoke(AbstractInvocationHandler.java:87)
	at TRANSFORMER/jdk.proxy3/jdk.proxy3.$Proxy65.tick(Unknown Source)
	at TRANSFORMER/architectury@16.1.4/dev.architectury.event.forge.EventHandlerImplClient.event(EventHandlerImplClient.java:60)
	at MC-BOOTSTRAP/net.neoforged.bus/net.neoforged.bus.EventBus.post(EventBus.java:350)
	at MC-BOOTSTRAP/net.neoforged.bus/net.neoforged.bus.EventBus.post(EventBus.java:315)
	at TRANSFORMER/neoforge@21.5.55-beta/net.neoforged.neoforge.client.ClientHooks.fireClientTickPost(ClientHooks.java:1080)
	at TRANSFORMER/minecraft@1.21.5/net.minecraft.client.Minecraft.tick(Minecraft.java:1879)
	at TRANSFORMER/minecraft@1.21.5/net.minecraft.client.Minecraft.runTick(Minecraft.java:1240)
	at TRANSFORMER/minecraft@1.21.5/net.minecraft.client.Minecraft.run(Minecraft.java:870)
	at TRANSFORMER/minecraft@1.21.5/net.minecraft.client.main.Main.main(Main.java:243)
	at java.base/jdk.internal.reflect.DirectMethodHandleAccessor.invoke(DirectMethodHandleAccessor.java:103)
	at java.base/java.lang.reflect.Method.invoke(Method.java:580)
	at MC-BOOTSTRAP/fml_loader@7.0.10/net.neoforged.fml.loading.targets.CommonLaunchHandler.runTarget(CommonLaunchHandler.java:128)
	at MC-BOOTSTRAP/fml_loader@7.0.10/net.neoforged.fml.loading.targets.CommonLaunchHandler.clientService(CommonLaunchHandler.java:120)
	at MC-BOOTSTRAP/fml_loader@7.0.10/net.neoforged.fml.loading.targets.NeoForgeClientDevLaunchHandler.runService(NeoForgeClientDevLaunchHandler.java:49)
	at MC-BOOTSTRAP/fml_loader@7.0.10/net.neoforged.fml.loading.targets.CommonLaunchHandler.lambda$launchService$4(CommonLaunchHandler.java:114)
	at MC-BOOTSTRAP/cpw.mods.modlauncher@11.0.4/cpw.mods.modlauncher.LaunchServiceHandlerDecorator.launch(LaunchServiceHandlerDecorator.java:30)
	at MC-BOOTSTRAP/cpw.mods.modlauncher@11.0.4/cpw.mods.modlauncher.LaunchServiceHandler.launch(LaunchServiceHandler.java:53)
	at MC-BOOTSTRAP/cpw.mods.modlauncher@11.0.4/cpw.mods.modlauncher.LaunchServiceHandler.launch(LaunchServiceHandler.java:71)
	at MC-BOOTSTRAP/cpw.mods.modlauncher@11.0.4/cpw.mods.modlauncher.Launcher.run(Launcher.java:103)
	at MC-BOOTSTRAP/cpw.mods.modlauncher@11.0.4/cpw.mods.modlauncher.Launcher.main(Launcher.java:74)
	at MC-BOOTSTRAP/cpw.mods.modlauncher@11.0.4/cpw.mods.modlauncher.BootstrapLaunchConsumer.accept(BootstrapLaunchConsumer.java:26)
	at MC-BOOTSTRAP/cpw.mods.modlauncher@11.0.4/cpw.mods.modlauncher.BootstrapLaunchConsumer.accept(BootstrapLaunchConsumer.java:23)
	at cpw.mods.bootstraplauncher@2.0.2/cpw.mods.bootstraplauncher.BootstrapLauncher.run(BootstrapLauncher.java:210)
	at cpw.mods.bootstraplauncher@2.0.2/cpw.mods.bootstraplauncher.BootstrapLauncher.main(BootstrapLauncher.java:69)
